timestamp,hour,hour_sin,hour_cos,day_of_week,is_weekend,holiday_flag,special_event
2026-06-01 00:00:00,0.0,0.0,1.0,0,0,0,0
2026-06-01 00:05:00,0.08333333333333333,0.02181488503456112,0.9997620270799091,0,0,0,0
2026-06-01 00:10:00,0.16666666666666666,0.043619387365336,0.9990482215818578,0,0,0,0
2026-06-01 00:15:00,0.25,0.06540312923014306,0.9978589232386035,0,0,0,0
2026-06-01 00:20:00,0.3333333333333333,0.08715574274765817,0.9961946980917455,0,0,0,0
2026-06-01 00:25:00,0.4166666666666667,0.10886687485196457,0.9940563382223196,0,0,0,0
2026-06-01 00:30:00,0.5,0.13052619222005157,0.9914448613738104,0,0,0,0
2026-06-01 00:35:00,0.5833333333333334,0.15212338618991672,0.9883615104677607,0,0,0,0
2026-06-01 00:40:00,0.6666666666666666,0.17364817766693033,0.984807753012208,0,0,0,0
2026-06-01 00:45:00,0.75,0.19509032201612825,0.9807852804032304,0,0,0,0
2026-06-01 00:50:00,0.8333333333333334,0.21643961393810288,0.9762960071199334,0,0,0,0
2026-06-01 00:55:00,0.9166666666666666,0.23768589232617307,0.9713420698132614,0,0,0,0
2026-06-01 01:00:00,1.0,0.25881904510252074,0.9659258262890683,0,0,0,0
2026-06-01 01:05:00,1.0833333333333333,0.27982901403099203,0.9600498543859287,0,0,0,0
2026-06-01 01:10:00,1.1666666666666667,0.3007057995042732,0.9537169507482269,0,0,0,0
2026-06-01 01:15:00,1.25,0.3214394653031616,0.9469301294951057,0,0,0,0
2026-06-01 01:20:00,1.3333333333333333,0.3420201433256687,0.9396926207859084,0,0,0,0
2026-06-01 01:25:00,1.4166666666666667,0.36243803828370164,0.9320078692827986,0,0,0,0
2026-06-01 01:30:00,1.5,0.3826834323650898,0.9238795325112867,0,0,0,0
2026-06-01 01:35:00,1.5833333333333335,0.40274668985873724,0.9153114791194471,0,0,0,0
2026-06-01 01:40:00,1.6666666666666665,0.4226182617406994,0.9063077870366499,0,0,0,0
2026-06-01 01:45:00,1.75,0.44228869021900125,0.8968727415326884,0,0,0,0
2026-06-01 01:50:00,1.8333333333333335,0.46174861323503397,0.8870108331782217,0,0,0,0
2026-06-01 01:55:00,1.9166666666666665,0.48098876891938763,0.8767267557075077,0,0,0,0
2026-06-01 02:00:00,2.0,0.49999999999999994,0.8660254037844387,0,0,0,0
2026-06-01 02:05:00,2.0833333333333335,0.5187732581605214,0.8549118706729466,0,0,0,0
2026-06-01 02:10:00,2.1666666666666665,0.5372996083468238,0.8433914458128857,0,0,0,0
2026-06-01 02:15:00,2.25,0.5555702330196022,0.8314696123025452,0,0,0,0
2026-06-01 02:20:00,2.3333333333333335,0.5735764363510462,0.8191520442889918,0,0,0,0
2026-06-01 02:25:00,2.4166666666666665,0.5913096483635824,0.8064446042674827,0,0,0,0
2026-06-01 02:30:00,2.5,0.6087614290087207,0.7933533402912352,0,0,0,0
2026-06-01 02:35:00,2.5833333333333335,0.6259234721840591,0.7798844830928818,0,0,0,0
2026-06-01 02:40:00,2.6666666666666665,0.6427876096865393,0.766044443118978,0,0,0,0
2026-06-01 02:45:00,2.75,0.6593458151000688,0.7518398074789774,0,0,0,0
2026-06-01 02:50:00,2.8333333333333335,0.6755902076156602,0.7372773368101241,0,0,0,0
2026-06-01 02:55:00,2.9166666666666665,0.6915130557822694,0.7223639620597556,0,0,0,0
2026-06-01 03:00:00,3.0,0.7071067811865476,0.7071067811865476,0,0,0,0
2026-06-01 03:05:00,3.0833333333333335,0.7223639620597555,0.6915130557822694,0,0,0,0
2026-06-01 03:10:00,3.1666666666666665,0.737277336810124,0.6755902076156602,0,0,0,0
2026-06-01 03:15:00,3.25,0.7518398074789774,0.6593458151000688,0,0,0,0
2026-06-01 03:20:00,3.3333333333333335,0.766044443118978,0.6427876096865394,0,0,0,0
2026-06-01 03:25:00,3.4166666666666665,0.7798844830928817,0.6259234721840591,0,0,0,0
2026-06-01 03:30:00,3.5,0.7933533402912352,0.6087614290087207,0,0,0,0
2026-06-01 03:35:00,3.5833333333333335,0.8064446042674825,0.5913096483635825,0,0,0,0
2026-06-01 03:40:00,3.6666666666666665,0.8191520442889917,0.5735764363510462,0,0,0,0
2026-06-01 03:45:00,3.75,0.8314696123025451,0.5555702330196024,0,0,0,0
2026-06-01 03:50:00,3.8333333333333335,0.8433914458128856,0.5372996083468239,0,0,0,0
2026-06-01 03:55:00,3.9166666666666665,0.8549118706729466,0.5187732581605216,0,0,0,0
2026-06-01 04:00:00,4.0,0.8660254037844386,0.5000000000000001,0,0,0,0
2026-06-01 04:05:00,4.083333333333333,0.8767267557075077,0.48098876891938774,0,0,0,0
2026-06-01 04:10:00,4.166666666666667,0.8870108331782217,0.46174861323503386,0,0,0,0
2026-06-01 04:15:00,4.25,0.8968727415326884,0.44228869021900125,0,0,0,0
2026-06-01 04:20:00,4.333333333333333,0.9063077870366498,0.4226182617406996,0,0,0,0
2026-06-01 04:25:00,4.416666666666667,0.9153114791194471,0.40274668985873724,0,0,0,0
2026-06-01 04:30:00,4.5,0.9238795325112867,0.38268343236508984,0,0,0,0
2026-06-01 04:35:00,4.583333333333333,0.9320078692827984,0.3624380382837017,0,0,0,0
2026-06-01 04:40:00,4.666666666666667,0.9396926207859084,0.3420201433256686,0,0,0,0
2026-06-01 04:45:00,4.75,0.9469301294951056,0.3214394653031617,0,0,0,0
2026-06-01 04:50:00,4.833333333333333,0.9537169507482268,0.3007057995042733,0,0,0,0
2026-06-01 04:55:00,4.916666666666667,0.9600498543859287,0.27982901403099203,0,0,0,0
2026-06-01 05:00:00,5.0,0.9659258262890683,0.25881904510252074,0,0,0,0
2026-06-01 05:05:00,5.083333333333333,0.9713420698132614,0.2376858923261731,0,0,0,0
2026-06-01 05:10:00,5.166666666666667,0.9762960071199334,0.2164396139381029,0,0,0,0
2026-06-01 05:15:00,5.25,0.9807852804032304,0.19509032201612833,0,0,0,0
2026-06-01 05:20:00,5.333333333333333,0.984807753012208,0.17364817766693041,0,0,0,0
2026-06-01 05:25:00,5.416666666666667,0.9883615104677607,0.1521233861899168,0,0,0,0
2026-06-01 05:30:00,5.5,0.9914448613738104,0.1305261922200517,0,0,0,0
2026-06-01 05:35:00,5.583333333333333,0.9940563382223196,0.10886687485196474,0,0,0,0
2026-06-01 05:40:00,5.666666666666667,0.9961946980917455,0.08715574274765814,0,0,0,0
2026-06-01 05:45:00,5.75,0.9978589232386035,0.06540312923014327,0,0,0,0
2026-06-01 05:50:00,5.833333333333333,0.9990482215818578,0.04361938736533601,0,0,0,0
2026-06-01 05:55:00,5.916666666666667,0.9997620270799091,0.021814885034560937,0,0,0,0
2026-06-01 06:00:00,6.0,1.0,6.123233995736766e-17,0,0,0,0
2026-06-01 06:05:00,6.083333333333333,0.9997620270799091,-0.02181488503456081,0,0,0,0
2026-06-01 06:10:00,6.166666666666667,0.9990482215818578,-0.04361938736533589,0,0,0,0
2026-06-01 06:15:00,6.25,0.9978589232386035,-0.06540312923014314,0,0,0,0
2026-06-01 06:20:00,6.333333333333333,0.9961946980917455,-0.08715574274765801,0,0,0,0
2026-06-01 06:25:00,6.416666666666667,0.9940563382223196,-0.10886687485196461,0,0,0,0
2026-06-01 06:30:00,6.5,0.9914448613738104,-0.1305261922200516,0,0,0,0
2026-06-01 06:35:00,6.583333333333333,0.9883615104677607,-0.1521233861899167,0,0,0,0
2026-06-01 06:40:00,6.666666666666667,0.984807753012208,-0.1736481776669303,0,0,0,0
2026-06-01 06:45:00,6.75,0.9807852804032304,-0.1950903220161282,0,0,0,0
2026-06-01 06:50:00,6.833333333333333,0.9762960071199334,-0.2164396139381028,0,0,0,0
2026-06-01 06:55:00,6.916666666666667,0.9713420698132614,-0.23768589232617318,0,0,0,0
2026-06-01 07:00:00,7.0,0.9659258262890683,-0.25881904510252063,0,0,0,0
2026-06-01 07:05:00,7.083333333333333,0.9600498543859287,-0.2798290140309919,0,0,0,0
2026-06-01 07:10:00,7.166666666666667,0.9537169507482269,-0.30070579950427295,0,0,0,0
2026-06-01 07:15:00,7.25,0.9469301294951057,-0.3214394653031616,0,0,0,0
2026-06-01 07:20:00,7.333333333333333,0.9396926207859084,-0.3420201433256685,0,0,0,0
2026-06-01 07:25:00,7.416666666666667,0.9320078692827986,-0.3624380382837016,0,0,0,0
2026-06-01 07:30:00,7.5,0.9238795325112868,-0.3826834323650895,0,0,0,0
2026-06-01 07:35:00,7.583333333333333,0.9153114791194472,-0.40274668985873713,0,0,0,0
2026-06-01 07:40:00,7.666666666666667,0.90630778703665,-0.42261826174069933,0,0,0,0
2026-06-01 07:45:00,7.75,0.8968727415326884,-0.44228869021900113,0,0,0,0
2026-06-01 07:50:00,7.833333333333333,0.8870108331782218,-0.4617486132350338,0,0,0,0
2026-06-01 07:55:00,7.916666666666667,0.8767267557075076,-0.48098876891938785,0,0,0,0
2026-06-01 08:00:00,8.0,0.8660254037844387,-0.4999999999999998,0,0,0,0
2026-06-01 08:05:00,8.083333333333334,0.8549118706729465,-0.5187732581605216,0,0,0,0
2026-06-01 08:10:00,8.166666666666666,0.8433914458128858,-0.5372996083468236,0,0,0,0
2026-06-01 08:15:00,8.25,0.8314696123025451,-0.5555702330196023,0,0,0,0
2026-06-01 08:20:00,8.333333333333334,0.8191520442889917,-0.5735764363510462,0,0,0,0
2026-06-01 08:25:00,8.416666666666666,0.8064446042674828,-0.5913096483635821,0,0,0,0
2026-06-01 08:30:00,8.5,0.7933533402912352,-0.6087614290087207,0,0,0,0
2026-06-01 08:35:00,8.583333333333334,0.7798844830928817,-0.6259234721840591,0,0,0,0
2026-06-01 08:40:00,8.666666666666666,0.7660444431189783,-0.642787609686539,0,0,0,0
2026-06-01 08:45:00,8.75,0.7518398074789774,-0.6593458151000688,0,0,0,0
2026-06-01 08:50:00,8.833333333333334,0.7372773368101241,-0.6755902076156602,0,0,0,0
2026-06-01 08:55:00,8.916666666666666,0.7223639620597556,-0.6915130557822693,0,0,0,0
2026-06-01 09:00:00,9.0,0.7071067811865476,-0.7071067811865475,0,0,0,0
2026-06-01 09:05:00,9.083333333333334,0.6915130557822694,-0.7223639620597555,0,0,0,0
2026-06-01 09:10:00,9.166666666666666,0.6755902076156604,-0.737277336810124,0,0,0,0
2026-06-01 09:15:00,9.25,0.659345815100069,-0.7518398074789773,0,0,0,0
2026-06-01 09:20:00,9.333333333333334,0.6427876096865391,-0.7660444431189782,0,0,0,0
2026-06-01 09:25:00,9.416666666666666,0.6259234721840592,-0.7798844830928817,0,0,0,0
2026-06-01 09:30:00,9.5,0.6087614290087209,-0.793353340291235,0,0,0,0
2026-06-01 09:35:00,9.583333333333334,0.5913096483635822,-0.8064446042674827,0,0,0,0
2026-06-01 09:40:00,9.666666666666666,0.5735764363510464,-0.8191520442889916,0,0,0,0
2026-06-01 09:45:00,9.75,0.5555702330196025,-0.831469612302545,0,0,0,0
2026-06-01 09:50:00,9.833333333333334,0.5372996083468238,-0.8433914458128857,0,0,0,0
2026-06-01 09:55:00,9.916666666666666,0.5187732581605218,-0.8549118706729464,0,0,0,0
2026-06-01 10:00:00,10.0,0.49999999999999994,-0.8660254037844387,0,0,0,0
2026-06-01 10:05:00,10.083333333333334,0.48098876891938763,-0.8767267557075077,0,0,0,0
2026-06-01 10:10:00,10.166666666666666,0.4617486132350339,-0.8870108331782217,0,0,0,0
2026-06-01 10:15:00,10.25,0.4422886902190017,-0.8968727415326881,0,0,0,0
2026-06-01 10:20:00,10.333333333333334,0.4226182617406995,-0.9063077870366499,0,0,0,0
2026-06-01 10:25:00,10.416666666666666,0.4027466898587373,-0.9153114791194471,0,0,0,0
2026-06-01 10:30:00,10.5,0.3826834323650899,-0.9238795325112867,0,0,0,0
2026-06-01 10:35:00,10.583333333333334,0.36243803828370136,-0.9320078692827987,0,0,0,0
2026-06-01 10:40:00,10.666666666666666,0.3420201433256689,-0.9396926207859083,0,0,0,0
2026-06-01 10:45:00,10.75,0.32143946530316175,-0.9469301294951056,0,0,0,0
2026-06-01 10:50:00,10.833333333333334,0.30070579950427334,-0.9537169507482268,0,0,0,0
2026-06-01 10:55:00,10.916666666666666,0.2798290140309927,-0.9600498543859285,0,0,0,0
2026-06-01 11:00:00,11.0,0.258819045102521,-0.9659258262890682,0,0,0,0
2026-06-01 11:05:00,11.083333333333334,0.23768589232617293,-0.9713420698132614,0,0,0,0
2026-06-01 11:10:00,11.166666666666666,0.21643961393810318,-0.9762960071199333,0,0,0,0
2026-06-01 11:15:00,11.25,0.19509032201612816,-0.9807852804032304,0,0,0,0
2026-06-01 11:20:00,11.333333333333334,0.17364817766693028,-0.984807753012208,0,0,0,0
2026-06-01 11:25:00,11.416666666666666,0.15212338618991708,-0.9883615104677607,0,0,0,0
2026-06-01 11:30:00,11.5,0.130526192220052,-0.9914448613738104,0,0,0,0
2026-06-01 11:35:00,11.583333333333334,0.10886687485196457,-0.9940563382223196,0,0,0,0
2026-06-01 11:40:00,11.666666666666666,0.0871557427476582,-0.9961946980917455,0,0,0,0
2026-06-01 11:45:00,11.75,0.06540312923014312,-0.9978589232386035,0,0,0,0
2026-06-01 11:50:00,11.833333333333334,0.043619387365335625,-0.9990482215818578,0,0,0,0
2026-06-01 11:55:00,11.916666666666666,0.021814885034561218,-0.9997620270799091,0,0,0,0
2026-06-01 12:00:00,12.0,1.2246467991473532e-16,-1.0,0,0,0,0
2026-06-01 12:05:00,12.083333333333334,-0.021814885034560975,-0.9997620270799091,0,0,0,0
2026-06-01 12:10:00,12.166666666666666,-0.04361938736533538,-0.9990482215818578,0,0,0,0
2026-06-01 12:15:00,12.25,-0.06540312923014287,-0.9978589232386035,0,0,0,0
2026-06-01 12:20:00,12.333333333333334,-0.08715574274765794,-0.9961946980917455,0,0,0,0
2026-06-01 12:25:00,12.416666666666666,-0.10886687485196432,-0.9940563382223196,0,0,0,0
2026-06-01 12:30:00,12.5,-0.13052619222005177,-0.9914448613738104,0,0,0,0
2026-06-01 12:35:00,12.583333333333334,-0.15212338618991683,-0.9883615104677607,0,0,0,0
2026-06-01 12:40:00,12.666666666666666,-0.17364817766693003,-0.9848077530122081,0,0,0,0
2026-06-01 12:45:00,12.75,-0.19509032201612792,-0.9807852804032305,0,0,0,0
2026-06-01 12:50:00,12.833333333333334,-0.21643961393810293,-0.9762960071199334,0,0,0,0
2026-06-01 12:55:00,12.916666666666666,-0.2376858923261727,-0.9713420698132615,0,0,0,0
2026-06-01 13:00:00,13.0,-0.2588190451025208,-0.9659258262890683,0,0,0,0
2026-06-01 13:05:00,13.083333333333334,-0.2798290140309925,-0.9600498543859286,0,0,0,0
2026-06-01 13:10:00,13.166666666666666,-0.30070579950427306,-0.9537169507482269,0,0,0,0
2026-06-01 13:15:00,13.25,-0.32143946530316153,-0.9469301294951057,0,0,0,0
2026-06-01 13:20:00,13.333333333333334,-0.34202014332566866,-0.9396926207859084,0,0,0,0
2026-06-01 13:25:00,13.416666666666666,-0.36243803828370114,-0.9320078692827987,0,0,0,0
2026-06-01 13:30:00,13.5,-0.38268343236508967,-0.9238795325112868,0,0,0,0
2026-06-01 13:35:00,13.583333333333334,-0.4027466898587371,-0.9153114791194472,0,0,0,0
2026-06-01 13:40:00,13.666666666666666,-0.4226182617406993,-0.90630778703665,0,0,0,0
2026-06-01 13:45:00,13.75,-0.44228869021900147,-0.8968727415326883,0,0,0,0
2026-06-01 13:50:00,13.833333333333334,-0.46174861323503413,-0.8870108331782216,0,0,0,0
2026-06-01 13:55:00,13.916666666666666,-0.4809887689193874,-0.8767267557075078,0,0,0,0
2026-06-01 14:00:00,14.0,-0.4999999999999997,-0.8660254037844388,0,0,0,0
2026-06-01 14:05:00,14.083333333333334,-0.5187732581605216,-0.8549118706729465,0,0,0,0
2026-06-01 14:10:00,14.166666666666666,-0.5372996083468236,-0.8433914458128858,0,0,0,0
2026-06-01 14:15:00,14.25,-0.555570233019602,-0.8314696123025455,0,0,0,0
2026-06-01 14:20:00,14.333333333333334,-0.5735764363510458,-0.819152044288992,0,0,0,0
2026-06-01 14:25:00,14.416666666666666,-0.5913096483635824,-0.8064446042674825,0,0,0,0
2026-06-01 14:30:00,14.5,-0.6087614290087207,-0.7933533402912352,0,0,0,0
2026-06-01 14:35:00,14.583333333333334,-0.6259234721840591,-0.7798844830928818,0,0,0,0
2026-06-01 14:40:00,14.666666666666666,-0.6427876096865389,-0.7660444431189783,0,0,0,0
2026-06-01 14:45:00,14.75,-0.6593458151000688,-0.7518398074789774,0,0,0,0
2026-06-01 14:50:00,14.833333333333334,-0.6755902076156601,-0.7372773368101241,0,0,0,0
2026-06-01 14:55:00,14.916666666666666,-0.691513055782269,-0.722363962059756,0,0,0,0
2026-06-01 15:00:00,15.0,-0.7071067811865471,-0.7071067811865479,0,0,0,0
2026-06-01 15:05:00,15.083333333333334,-0.7223639620597557,-0.6915130557822692,0,0,0,0
2026-06-01 15:10:00,15.166666666666666,-0.7372773368101239,-0.6755902076156604,0,0,0,0
2026-06-01 15:15:00,15.25,-0.7518398074789773,-0.6593458151000691,0,0,0,0
2026-06-01 15:20:00,15.333333333333334,-0.7660444431189779,-0.6427876096865395,0,0,0,0
2026-06-01 15:25:00,15.416666666666666,-0.7798844830928814,-0.6259234721840596,0,0,0,0
2026-06-01 15:30:00,15.5,-0.7933533402912349,-0.6087614290087209,0,0,0,0
2026-06-01 15:35:00,15.583333333333334,-0.8064446042674827,-0.5913096483635822,0,0,0,0
2026-06-01 15:40:00,15.666666666666666,-0.8191520442889916,-0.5735764363510464,0,0,0,0
2026-06-01 15:45:00,15.75,-0.8314696123025452,-0.5555702330196022,0,0,0,0
2026-06-01 15:50:00,15.833333333333334,-0.8433914458128859,-0.5372996083468234,0,0,0,0
2026-06-01 15:55:00,15.916666666666666,-0.8549118706729466,-0.5187732581605214,0,0,0,0
2026-06-01 16:00:00,16.0,-0.8660254037844385,-0.5000000000000004,0,0,0,0
2026-06-01 16:05:00,16.083333333333332,-0.8767267557075072,-0.48098876891938847,0,0,0,0
2026-06-01 16:10:00,16.166666666666668,-0.8870108331782218,-0.4617486132350336,0,0,0,0
2026-06-01 16:15:00,16.25,-0.8968727415326883,-0.44228869021900136,0,0,0,0
2026-06-01 16:20:00,16.333333333333332,-0.9063077870366497,-0.42261826174069994,0,0,0,0
2026-06-01 16:25:00,16.416666666666668,-0.9153114791194471,-0.40274668985873735,0,0,0,0
2026-06-01 16:30:00,16.5,-0.9238795325112868,-0.3826834323650895,0,0,0,0
2026-06-01 16:35:00,16.583333333333332,-0.9320078692827984,-0.3624380382837018,0,0,0,0
2026-06-01 16:40:00,16.666666666666668,-0.9396926207859084,-0.34202014332566855,0,0,0,0
2026-06-01 16:45:00,16.75,-0.9469301294951056,-0.3214394653031618,0,0,0,0
2026-06-01 16:50:00,16.833333333333332,-0.9537169507482267,-0.3007057995042738,0,0,0,0
2026-06-01 16:55:00,16.916666666666668,-0.9600498543859286,-0.27982901403099236,0,0,0,0
2026-06-01 17:00:00,17.0,-0.9659258262890683,-0.25881904510252063,0,0,0,0
2026-06-01 17:05:00,17.083333333333332,-0.9713420698132613,-0.23768589232617343,0,0,0,0
2026-06-01 17:10:00,17.166666666666668,-0.9762960071199334,-0.21643961393810282,0,0,0,0
2026-06-01 17:15:00,17.25,-0.9807852804032303,-0.19509032201612866,0,0,0,0
2026-06-01 17:20:00,17.333333333333332,-0.9848077530122079,-0.1736481776669312,0,0,0,0
2026-06-01 17:25:00,17.416666666666668,-0.9883615104677608,-0.15212338618991628,0,0,0,0
2026-06-01 17:30:00,17.5,-0.9914448613738104,-0.13052619222005163,0,0,0,0
2026-06-01 17:35:00,17.583333333333332,-0.9940563382223195,-0.10886687485196507,0,0,0,0
2026-06-01 17:40:00,17.666666666666668,-0.9961946980917455,-0.08715574274765825,0,0,0,0
2026-06-01 17:45:00,17.75,-0.9978589232386035,-0.06540312923014273,0,0,0,0
2026-06-01 17:50:00,17.833333333333332,-0.9990482215818578,-0.04361938736533613,0,0,0,0
2026-06-01 17:55:00,17.916666666666668,-0.9997620270799091,-0.021814885034560836,0,0,0,0
2026-06-01 18:00:00,18.0,-1.0,-1.8369701987210297e-16,0,0,0,0
2026-06-01 18:05:00,18.083333333333332,-0.9997620270799091,0.021814885034560468,0,0,0,0
2026-06-01 18:10:00,18.166666666666668,-0.9990482215818578,0.043619387365335764,0,0,0,0
2026-06-01 18:15:00,18.25,-0.9978589232386036,0.06540312923014237,0,0,0,0
2026-06-01 18:20:00,18.333333333333332,-0.9961946980917455,0.08715574274765789,0,0,0,0
2026-06-01 18:25:00,18.416666666666668,-0.9940563382223196,0.10886687485196471,0,0,0,0
2026-06-01 18:30:00,18.5,-0.9914448613738105,0.13052619222005127,0,0,0,0
2026-06-01 18:35:00,18.583333333333332,-0.9883615104677609,0.15212338618991592,0,0,0,0
2026-06-01 18:40:00,18.666666666666668,-0.984807753012208,0.17364817766693083,0,0,0,0
2026-06-01 18:45:00,18.75,-0.9807852804032304,0.1950903220161283,0,0,0,0
2026-06-01 18:50:00,18.833333333333332,-0.9762960071199335,0.21643961393810246,0,0,0,0
2026-06-01 18:55:00,18.916666666666668,-0.9713420698132614,0.23768589232617307,0,0,0,0
2026-06-01 19:00:00,19.0,-0.9659258262890684,0.2588190451025203,0,0,0,0
2026-06-01 19:05:00,19.083333333333332,-0.9600498543859287,0.279829014030992,0,0,0,0
2026-06-01 19:10:00,19.166666666666668,-0.9537169507482268,0.30070579950427345,0,0,0,0
2026-06-01 19:15:00,19.25,-0.9469301294951057,0.3214394653031615,0,0,0,0
2026-06-01 19:20:00,19.333333333333332,-0.9396926207859085,0.34202014332566816,0,0,0,0
2026-06-01 19:25:00,19.416666666666668,-0.9320078692827986,0.36243803828370147,0,0,0,0
2026-06-01 19:30:00,19.5,-0.923879532511287,0.38268343236508917,0,0,0,0
2026-06-01 19:35:00,19.583333333333332,-0.9153114791194472,0.402746689858737,0,0,0,0
2026-06-01 19:40:00,19.666666666666668,-0.9063077870366498,0.4226182617406996,0,0,0,0
2026-06-01 19:45:00,19.75,-0.8968727415326884,0.442288690219001,0,0,0,0
2026-06-01 19:50:00,19.833333333333332,-0.887010833178222,0.46174861323503325,0,0,0,0
2026-06-01 19:55:00,19.916666666666668,-0.8767267557075075,0.48098876891938813,0,0,0,0
2026-06-01 20:00:00,20.0,-0.8660254037844386,0.5000000000000001,0,0,0,0
2026-06-01 20:05:00,20.083333333333332,-0.8549118706729468,0.5187732581605211,0,0,0,0
2026-06-01 20:10:00,20.166666666666668,-0.8433914458128857,0.5372996083468239,0,0,0,0
2026-06-01 20:15:00,20.25,-0.8314696123025455,0.5555702330196018,0,0,0,0
2026-06-01 20:20:00,20.333333333333332,-0.8191520442889918,0.573576436351046,0,0,0,0
2026-06-01 20:25:00,20.416666666666668,-0.8064446042674829,0.591309648363582,0,0,0,0
2026-06-01 20:30:00,20.5,-0.7933533402912357,0.6087614290087199,0,0,0,0
2026-06-01 20:35:00,20.583333333333332,-0.7798844830928816,0.6259234721840593,0,0,0,0
2026-06-01 20:40:00,20.666666666666668,-0.7660444431189781,0.6427876096865393,0,0,0,0
2026-06-01 20:45:00,20.75,-0.7518398074789772,0.6593458151000691,0,0,0,0
2026-06-01 20:50:00,20.833333333333332,-0.7372773368101242,0.6755902076156601,0,0,0,0
2026-06-01 20:55:00,20.916666666666668,-0.7223639620597554,0.6915130557822695,0,0,0,0
2026-06-01 21:00:00,21.0,-0.7071067811865477,0.7071067811865474,0,0,0,0
2026-06-01 21:05:00,21.083333333333332,-0.6915130557822698,0.7223639620597551,0,0,0,0
2026-06-01 21:10:00,21.166666666666668,-0.6755902076156598,0.7372773368101244,0,0,0,0
2026-06-01 21:15:00,21.25,-0.6593458151000687,0.7518398074789775,0,0,0,0
2026-06-01 21:20:00,21.333333333333332,-0.6427876096865396,0.7660444431189778,0,0,0,0
2026-06-01 21:25:00,21.416666666666668,-0.625923472184059,0.7798844830928818,0,0,0,0
2026-06-01 21:30:00,21.5,-0.608761429008721,0.7933533402912349,0,0,0,0
2026-06-01 21:35:00,21.583333333333332,-0.591309648363583,0.8064446042674821,0,0,0,0
2026-06-01 21:40:00,21.666666666666668,-0.5735764363510465,0.8191520442889916,0,0,0,0
2026-06-01 21:45:00,21.75,-0.555570233019603,0.8314696123025447,0,0,0,0
2026-06-01 21:50:00,21.833333333333332,-0.537299608346825,0.8433914458128849,0,0,0,0
2026-06-01 21:55:00,21.916666666666668,-0.5187732581605214,0.8549118706729466,0,0,0,0
2026-06-01 22:00:00,22.0,-0.5000000000000004,0.8660254037844384,0,0,0,0
2026-06-01 22:05:00,22.083333333333332,-0.48098876891938774,0.8767267557075077,0,0,0,0
2026-06-01 22:10:00,22.166666666666668,-0.46174861323503363,0.8870108331782218,0,0,0,0
2026-06-01 22:15:00,22.25,-0.4422886902190014,0.8968727415326883,0,0,0,0
2026-06-01 22:20:00,22.333333333333332,-0.4226182617407,0.9063077870366497,0,0,0,0
2026-06-01 22:25:00,22.416666666666668,-0.40274668985873663,0.9153114791194474,0,0,0,0
2026-06-01 22:30:00,22.5,-0.38268343236508956,0.9238795325112868,0,0,0,0
2026-06-01 22:35:00,22.583333333333332,-0.36243803828370186,0.9320078692827984,0,0,0,0
2026-06-01 22:40:00,22.666666666666668,-0.3420201433256686,0.9396926207859084,0,0,0,0
2026-06-01 22:45:00,22.75,-0.32143946530316186,0.9469301294951056,0,0,0,0
2026-06-01 22:50:00,22.833333333333332,-0.30070579950427384,0.9537169507482267,0,0,0,0
2026-06-01 22:55:00,22.916666666666668,-0.2798290140309924,0.9600498543859286,0,0,0,0
2026-06-01 23:00:00,23.0,-0.25881904510252157,0.9659258262890681,0,0,0,0
2026-06-01 23:05:00,23.083333333333332,-0.23768589232617435,0.9713420698132611,0,0,0,0
2026-06-01 23:10:00,23.166666666666668,-0.21643961393810288,0.9762960071199334,0,0,0,0
2026-06-01 23:15:00,23.25,-0.19509032201612872,0.9807852804032303,0,0,0,0
2026-06-01 23:20:00,23.333333333333332,-0.1736481776669304,0.984807753012208,0,0,0,0
2026-06-01 23:25:00,23.416666666666668,-0.1521233861899172,0.9883615104677607,0,0,0,0
2026-06-01 23:30:00,23.5,-0.13052619222005168,0.9914448613738104,0,0,0,0
2026-06-01 23:35:00,23.583333333333332,-0.10886687485196514,0.9940563382223195,0,0,0,0
2026-06-01 23:40:00,23.666666666666668,-0.08715574274765743,0.9961946980917455,0,0,0,0
2026-06-01 23:45:00,23.75,-0.0654031292301428,0.9978589232386035,0,0,0,0
2026-06-01 23:50:00,23.833333333333332,-0.043619387365336194,0.9990482215818578,0,0,0,0
2026-06-01 23:55:00,23.916666666666668,-0.0218148850345609,0.9997620270799091,0,0,0,0
2026-06-02 00:00:00,0.0,0.0,1.0,1,0,0,0
2026-06-02 00:05:00,0.08333333333333333,0.02181488503456112,0.9997620270799091,1,0,0,0
2026-06-02 00:10:00,0.16666666666666666,0.043619387365336,0.9990482215818578,1,0,0,0
2026-06-02 00:15:00,0.25,0.06540312923014306,0.9978589232386035,1,0,0,0
2026-06-02 00:20:00,0.3333333333333333,0.08715574274765817,0.9961946980917455,1,0,0,0
2026-06-02 00:25:00,0.4166666666666667,0.10886687485196457,0.9940563382223196,1,0,0,0
2026-06-02 00:30:00,0.5,0.13052619222005157,0.9914448613738104,1,0,0,0
2026-06-02 00:35:00,0.5833333333333334,0.15212338618991672,0.9883615104677607,1,0,0,0
2026-06-02 00:40:00,0.6666666666666666,0.17364817766693033,0.984807753012208,1,0,0,0
2026-06-02 00:45:00,0.75,0.19509032201612825,0.9807852804032304,1,0,0,0
2026-06-02 00:50:00,0.8333333333333334,0.21643961393810288,0.9762960071199334,1,0,0,0
2026-06-02 00:55:00,0.9166666666666666,0.23768589232617307,0.9713420698132614,1,0,0,0
2026-06-02 01:00:00,1.0,0.25881904510252074,0.9659258262890683,1,0,0,0
2026-06-02 01:05:00,1.0833333333333333,0.27982901403099203,0.9600498543859287,1,0,0,0
2026-06-02 01:10:00,1.1666666666666667,0.3007057995042732,0.9537169507482269,1,0,0,0
2026-06-02 01:15:00,1.25,0.3214394653031616,0.9469301294951057,1,0,0,0
2026-06-02 01:20:00,1.3333333333333333,0.3420201433256687,0.9396926207859084,1,0,0,0
2026-06-02 01:25:00,1.4166666666666667,0.36243803828370164,0.9320078692827986,1,0,0,0
2026-06-02 01:30:00,1.5,0.3826834323650898,0.9238795325112867,1,0,0,0
2026-06-02 01:35:00,1.5833333333333335,0.40274668985873724,0.9153114791194471,1,0,0,0
2026-06-02 01:40:00,1.6666666666666665,0.4226182617406994,0.9063077870366499,1,0,0,0
2026-06-02 01:45:00,1.75,0.44228869021900125,0.8968727415326884,1,0,0,0
2026-06-02 01:50:00,1.8333333333333335,0.46174861323503397,0.8870108331782217,1,0,0,0
2026-06-02 01:55:00,1.9166666666666665,0.48098876891938763,0.8767267557075077,1,0,0,0
2026-06-02 02:00:00,2.0,0.49999999999999994,0.8660254037844387,1,0,0,0
2026-06-02 02:05:00,2.0833333333333335,0.5187732581605214,0.8549118706729466,1,0,0,0
2026-06-02 02:10:00,2.1666666666666665,0.5372996083468238,0.8433914458128857,1,0,0,0
2026-06-02 02:15:00,2.25,0.5555702330196022,0.8314696123025452,1,0,0,0
2026-06-02 02:20:00,2.3333333333333335,0.5735764363510462,0.8191520442889918,1,0,0,0
2026-06-02 02:25:00,2.4166666666666665,0.5913096483635824,0.8064446042674827,1,0,0,0
2026-06-02 02:30:00,2.5,0.6087614290087207,0.7933533402912352,1,0,0,0
2026-06-02 02:35:00,2.5833333333333335,0.6259234721840591,0.7798844830928818,1,0,0,0
2026-06-02 02:40:00,2.6666666666666665,0.6427876096865393,0.766044443118978,1,0,0,0
2026-06-02 02:45:00,2.75,0.6593458151000688,0.7518398074789774,1,0,0,0
2026-06-02 02:50:00,2.8333333333333335,0.6755902076156602,0.7372773368101241,1,0,0,0
2026-06-02 02:55:00,2.9166666666666665,0.6915130557822694,0.7223639620597556,1,0,0,0
2026-06-02 03:00:00,3.0,0.7071067811865476,0.7071067811865476,1,0,0,0
2026-06-02 03:05:00,3.0833333333333335,0.7223639620597555,0.6915130557822694,1,0,0,0
2026-06-02 03:10:00,3.1666666666666665,0.737277336810124,0.6755902076156602,1,0,0,0
2026-06-02 03:15:00,3.25,0.7518398074789774,0.6593458151000688,1,0,0,0
2026-06-02 03:20:00,3.3333333333333335,0.766044443118978,0.6427876096865394,1,0,0,0
2026-06-02 03:25:00,3.4166666666666665,0.7798844830928817,0.6259234721840591,1,0,0,0
2026-06-02 03:30:00,3.5,0.7933533402912352,0.6087614290087207,1,0,0,0
2026-06-02 03:35:00,3.5833333333333335,0.8064446042674825,0.5913096483635825,1,0,0,0
2026-06-02 03:40:00,3.6666666666666665,0.8191520442889917,0.5735764363510462,1,0,0,0
2026-06-02 03:45:00,3.75,0.8314696123025451,0.5555702330196024,1,0,0,0
2026-06-02 03:50:00,3.8333333333333335,0.8433914458128856,0.5372996083468239,1,0,0,0
2026-06-02 03:55:00,3.9166666666666665,0.8549118706729466,0.5187732581605216,1,0,0,0
2026-06-02 04:00:00,4.0,0.8660254037844386,0.5000000000000001,1,0,0,0
2026-06-02 04:05:00,4.083333333333333,0.8767267557075077,0.48098876891938774,1,0,0,0
2026-06-02 04:10:00,4.166666666666667,0.8870108331782217,0.46174861323503386,1,0,0,0
2026-06-02 04:15:00,4.25,0.8968727415326884,0.44228869021900125,1,0,0,0
2026-06-02 04:20:00,4.333333333333333,0.9063077870366498,0.4226182617406996,1,0,0,0
2026-06-02 04:25:00,4.416666666666667,0.9153114791194471,0.40274668985873724,1,0,0,0
2026-06-02 04:30:00,4.5,0.9238795325112867,0.38268343236508984,1,0,0,0
2026-06-02 04:35:00,4.583333333333333,0.9320078692827984,0.3624380382837017,1,0,0,0
2026-06-02 04:40:00,4.666666666666667,0.9396926207859084,0.3420201433256686,1,0,0,0
2026-06-02 04:45:00,4.75,0.9469301294951056,0.3214394653031617,1,0,0,0
2026-06-02 04:50:00,4.833333333333333,0.9537169507482268,0.3007057995042733,1,0,0,0
2026-06-02 04:55:00,4.916666666666667,0.9600498543859287,0.27982901403099203,1,0,0,0
2026-06-02 05:00:00,5.0,0.9659258262890683,0.25881904510252074,1,0,0,0
2026-06-02 05:05:00,5.083333333333333,0.9713420698132614,0.2376858923261731,1,0,0,0
2026-06-02 05:10:00,5.166666666666667,0.9762960071199334,0.2164396139381029,1,0,0,0
2026-06-02 05:15:00,5.25,0.9807852804032304,0.19509032201612833,1,0,0,0
2026-06-02 05:20:00,5.333333333333333,0.984807753012208,0.17364817766693041,1,0,0,0
2026-06-02 05:25:00,5.416666666666667,0.9883615104677607,0.1521233861899168,1,0,0,0
2026-06-02 05:30:00,5.5,0.9914448613738104,0.1305261922200517,1,0,0,0
2026-06-02 05:35:00,5.583333333333333,0.9940563382223196,0.10886687485196474,1,0,0,0
2026-06-02 05:40:00,5.666666666666667,0.9961946980917455,0.08715574274765814,1,0,0,0
2026-06-02 05:45:00,5.75,0.9978589232386035,0.06540312923014327,1,0,0,0
2026-06-02 05:50:00,5.833333333333333,0.9990482215818578,0.04361938736533601,1,0,0,0
2026-06-02 05:55:00,5.916666666666667,0.9997620270799091,0.021814885034560937,1,0,0,0
2026-06-02 06:00:00,6.0,1.0,6.123233995736766e-17,1,0,0,0
2026-06-02 06:05:00,6.083333333333333,0.9997620270799091,-0.02181488503456081,1,0,0,0
2026-06-02 06:10:00,6.166666666666667,0.9990482215818578,-0.04361938736533589,1,0,0,0
2026-06-02 06:15:00,6.25,0.9978589232386035,-0.06540312923014314,1,0,0,0
2026-06-02 06:20:00,6.333333333333333,0.9961946980917455,-0.08715574274765801,1,0,0,0
2026-06-02 06:25:00,6.416666666666667,0.9940563382223196,-0.10886687485196461,1,0,0,0
2026-06-02 06:30:00,6.5,0.9914448613738104,-0.1305261922200516,1,0,0,0
2026-06-02 06:35:00,6.583333333333333,0.9883615104677607,-0.1521233861899167,1,0,0,0
2026-06-02 06:40:00,6.666666666666667,0.984807753012208,-0.1736481776669303,1,0,0,0
2026-06-02 06:45:00,6.75,0.9807852804032304,-0.1950903220161282,1,0,0,0
2026-06-02 06:50:00,6.833333333333333,0.9762960071199334,-0.2164396139381028,1,0,0,0
2026-06-02 06:55:00,6.916666666666667,0.9713420698132614,-0.23768589232617318,1,0,0,0
2026-06-02 07:00:00,7.0,0.9659258262890683,-0.25881904510252063,1,0,0,0
2026-06-02 07:05:00,7.083333333333333,0.9600498543859287,-0.2798290140309919,1,0,0,0
2026-06-02 07:10:00,7.166666666666667,0.9537169507482269,-0.30070579950427295,1,0,0,0
2026-06-02 07:15:00,7.25,0.9469301294951057,-0.3214394653031616,1,0,0,0
2026-06-02 07:20:00,7.333333333333333,0.9396926207859084,-0.3420201433256685,1,0,0,0
2026-06-02 07:25:00,7.416666666666667,0.9320078692827986,-0.3624380382837016,1,0,0,0
2026-06-02 07:30:00,7.5,0.9238795325112868,-0.3826834323650895,1,0,0,0
2026-06-02 07:35:00,7.583333333333333,0.9153114791194472,-0.40274668985873713,1,0,0,0
2026-06-02 07:40:00,7.666666666666667,0.90630778703665,-0.42261826174069933,1,0,0,0
2026-06-02 07:45:00,7.75,0.8968727415326884,-0.44228869021900113,1,0,0,0
2026-06-02 07:50:00,7.833333333333333,0.8870108331782218,-0.4617486132350338,1,0,0,0
2026-06-02 07:55:00,7.916666666666667,0.8767267557075076,-0.48098876891938785,1,0,0,0
2026-06-02 08:00:00,8.0,0.8660254037844387,-0.4999999999999998,1,0,0,0
2026-06-02 08:05:00,8.083333333333334,0.8549118706729465,-0.5187732581605216,1,0,0,0
2026-06-02 08:10:00,8.166666666666666,0.8433914458128858,-0.5372996083468236,1,0,0,0
2026-06-02 08:15:00,8.25,0.8314696123025451,-0.5555702330196023,1,0,0,0
2026-06-02 08:20:00,8.333333333333334,0.8191520442889917,-0.5735764363510462,1,0,0,0
2026-06-02 08:25:00,8.416666666666666,0.8064446042674828,-0.5913096483635821,1,0,0,0
2026-06-02 08:30:00,8.5,0.7933533402912352,-0.6087614290087207,1,0,0,0
2026-06-02 08:35:00,8.583333333333334,0.7798844830928817,-0.6259234721840591,1,0,0,0
2026-06-02 08:40:00,8.666666666666666,0.7660444431189783,-0.642787609686539,1,0,0,0
2026-06-02 08:45:00,8.75,0.7518398074789774,-0.6593458151000688,1,0,0,0
2026-06-02 08:50:00,8.833333333333334,0.7372773368101241,-0.6755902076156602,1,0,0,0
2026-06-02 08:55:00,8.916666666666666,0.7223639620597556,-0.6915130557822693,1,0,0,0
2026-06-02 09:00:00,9.0,0.7071067811865476,-0.7071067811865475,1,0,0,0
2026-06-02 09:05:00,9.083333333333334,0.6915130557822694,-0.7223639620597555,1,0,0,0
2026-06-02 09:10:00,9.166666666666666,0.6755902076156604,-0.737277336810124,1,0,0,0
2026-06-02 09:15:00,9.25,0.659345815100069,-0.7518398074789773,1,0,0,0
2026-06-02 09:20:00,9.333333333333334,0.6427876096865391,-0.7660444431189782,1,0,0,0
2026-06-02 09:25:00,9.416666666666666,0.6259234721840592,-0.7798844830928817,1,0,0,0
2026-06-02 09:30:00,9.5,0.6087614290087209,-0.793353340291235,1,0,0,0
2026-06-02 09:35:00,9.583333333333334,0.5913096483635822,-0.8064446042674827,1,0,0,0
2026-06-02 09:40:00,9.666666666666666,0.5735764363510464,-0.8191520442889916,1,0,0,0
2026-06-02 09:45:00,9.75,0.5555702330196025,-0.831469612302545,1,0,0,0
2026-06-02 09:50:00,9.833333333333334,0.5372996083468238,-0.8433914458128857,1,0,0,0
2026-06-02 09:55:00,9.916666666666666,0.5187732581605218,-0.8549118706729464,1,0,0,0
2026-06-02 10:00:00,10.0,0.49999999999999994,-0.8660254037844387,1,0,0,0
2026-06-02 10:05:00,10.083333333333334,0.48098876891938763,-0.8767267557075077,1,0,0,0
2026-06-02 10:10:00,10.166666666666666,0.4617486132350339,-0.8870108331782217,1,0,0,0
2026-06-02 10:15:00,10.25,0.4422886902190017,-0.8968727415326881,1,0,0,0
2026-06-02 10:20:00,10.333333333333334,0.4226182617406995,-0.9063077870366499,1,0,0,0
2026-06-02 10:25:00,10.416666666666666,0.4027466898587373,-0.9153114791194471,1,0,0,0
2026-06-02 10:30:00,10.5,0.3826834323650899,-0.9238795325112867,1,0,0,0
2026-06-02 10:35:00,10.583333333333334,0.36243803828370136,-0.9320078692827987,1,0,0,0
2026-06-02 10:40:00,10.666666666666666,0.3420201433256689,-0.9396926207859083,1,0,0,0
2026-06-02 10:45:00,10.75,0.32143946530316175,-0.9469301294951056,1,0,0,0
2026-06-02 10:50:00,10.833333333333334,0.30070579950427334,-0.9537169507482268,1,0,0,0
2026-06-02 10:55:00,10.916666666666666,0.2798290140309927,-0.9600498543859285,1,0,0,0
2026-06-02 11:00:00,11.0,0.258819045102521,-0.9659258262890682,1,0,0,0
2026-06-02 11:05:00,11.083333333333334,0.23768589232617293,-0.9713420698132614,1,0,0,0
2026-06-02 11:10:00,11.166666666666666,0.21643961393810318,-0.9762960071199333,1,0,0,0
2026-06-02 11:15:00,11.25,0.19509032201612816,-0.9807852804032304,1,0,0,0
2026-06-02 11:20:00,11.333333333333334,0.17364817766693028,-0.984807753012208,1,0,0,0
2026-06-02 11:25:00,11.416666666666666,0.15212338618991708,-0.9883615104677607,1,0,0,0
2026-06-02 11:30:00,11.5,0.130526192220052,-0.9914448613738104,1,0,0,0
2026-06-02 11:35:00,11.583333333333334,0.10886687485196457,-0.9940563382223196,1,0,0,0
2026-06-02 11:40:00,11.666666666666666,0.0871557427476582,-0.9961946980917455,1,0,0,0
2026-06-02 11:45:00,11.75,0.06540312923014312,-0.9978589232386035,1,0,0,0
2026-06-02 11:50:00,11.833333333333334,0.043619387365335625,-0.9990482215818578,1,0,0,0
2026-06-02 11:55:00,11.916666666666666,0.021814885034561218,-0.9997620270799091,1,0,0,0
2026-06-02 12:00:00,12.0,1.2246467991473532e-16,-1.0,1,0,0,0
2026-06-02 12:05:00,12.083333333333334,-0.021814885034560975,-0.9997620270799091,1,0,0,0
2026-06-02 12:10:00,12.166666666666666,-0.04361938736533538,-0.9990482215818578,1,0,0,0
2026-06-02 12:15:00,12.25,-0.06540312923014287,-0.9978589232386035,1,0,0,0
2026-06-02 12:20:00,12.333333333333334,-0.08715574274765794,-0.9961946980917455,1,0,0,0
2026-06-02 12:25:00,12.416666666666666,-0.10886687485196432,-0.9940563382223196,1,0,0,0
2026-06-02 12:30:00,12.5,-0.13052619222005177,-0.9914448613738104,1,0,0,0
2026-06-02 12:35:00,12.583333333333334,-0.15212338618991683,-0.9883615104677607,1,0,0,0
2026-06-02 12:40:00,12.666666666666666,-0.17364817766693003,-0.9848077530122081,1,0,0,0
2026-06-02 12:45:00,12.75,-0.19509032201612792,-0.9807852804032305,1,0,0,0
2026-06-02 12:50:00,12.833333333333334,-0.21643961393810293,-0.9762960071199334,1,0,0,0
2026-06-02 12:55:00,12.916666666666666,-0.2376858923261727,-0.9713420698132615,1,0,0,0
2026-06-02 13:00:00,13.0,-0.2588190451025208,-0.9659258262890683,1,0,0,0
2026-06-02 13:05:00,13.083333333333334,-0.2798290140309925,-0.9600498543859286,1,0,0,0
2026-06-02 13:10:00,13.166666666666666,-0.30070579950427306,-0.9537169507482269,1,0,0,0
2026-06-02 13:15:00,13.25,-0.32143946530316153,-0.9469301294951057,1,0,0,0
2026-06-02 13:20:00,13.333333333333334,-0.34202014332566866,-0.9396926207859084,1,0,0,0
2026-06-02 13:25:00,13.416666666666666,-0.36243803828370114,-0.9320078692827987,1,0,0,0
2026-06-02 13:30:00,13.5,-0.38268343236508967,-0.9238795325112868,1,0,0,0
2026-06-02 13:35:00,13.583333333333334,-0.4027466898587371,-0.9153114791194472,1,0,0,0
2026-06-02 13:40:00,13.666666666666666,-0.4226182617406993,-0.90630778703665,1,0,0,0
2026-06-02 13:45:00,13.75,-0.44228869021900147,-0.8968727415326883,1,0,0,0
2026-06-02 13:50:00,13.833333333333334,-0.46174861323503413,-0.8870108331782216,1,0,0,0
2026-06-02 13:55:00,13.916666666666666,-0.4809887689193874,-0.8767267557075078,1,0,0,0
2026-06-02 14:00:00,14.0,-0.4999999999999997,-0.8660254037844388,1,0,0,0
2026-06-02 14:05:00,14.083333333333334,-0.5187732581605216,-0.8549118706729465,1,0,0,0
2026-06-02 14:10:00,14.166666666666666,-0.5372996083468236,-0.8433914458128858,1,0,0,0
2026-06-02 14:15:00,14.25,-0.555570233019602,-0.8314696123025455,1,0,0,0
2026-06-02 14:20:00,14.333333333333334,-0.5735764363510458,-0.819152044288992,1,0,0,0
2026-06-02 14:25:00,14.416666666666666,-0.5913096483635824,-0.8064446042674825,1,0,0,0
2026-06-02 14:30:00,14.5,-0.6087614290087207,-0.7933533402912352,1,0,0,0
2026-06-02 14:35:00,14.583333333333334,-0.6259234721840591,-0.7798844830928818,1,0,0,0
2026-06-02 14:40:00,14.666666666666666,-0.6427876096865389,-0.7660444431189783,1,0,0,0
2026-06-02 14:45:00,14.75,-0.6593458151000688,-0.7518398074789774,1,0,0,0
2026-06-02 14:50:00,14.833333333333334,-0.6755902076156601,-0.7372773368101241,1,0,0,0
2026-06-02 14:55:00,14.916666666666666,-0.691513055782269,-0.722363962059756,1,0,0,0
2026-06-02 15:00:00,15.0,-0.7071067811865471,-0.7071067811865479,1,0,0,0
2026-06-02 15:05:00,15.083333333333334,-0.7223639620597557,-0.6915130557822692,1,0,0,0
2026-06-02 15:10:00,15.166666666666666,-0.7372773368101239,-0.6755902076156604,1,0,0,0
2026-06-02 15:15:00,15.25,-0.7518398074789773,-0.6593458151000691,1,0,0,0
2026-06-02 15:20:00,15.333333333333334,-0.7660444431189779,-0.6427876096865395,1,0,0,0
2026-06-02 15:25:00,15.416666666666666,-0.7798844830928814,-0.6259234721840596,1,0,0,0
2026-06-02 15:30:00,15.5,-0.7933533402912349,-0.6087614290087209,1,0,0,0
2026-06-02 15:35:00,15.583333333333334,-0.8064446042674827,-0.5913096483635822,1,0,0,0
2026-06-02 15:40:00,15.666666666666666,-0.8191520442889916,-0.5735764363510464,1,0,0,0
2026-06-02 15:45:00,15.75,-0.8314696123025452,-0.5555702330196022,1,0,0,0
2026-06-02 15:50:00,15.833333333333334,-0.8433914458128859,-0.5372996083468234,1,0,0,0
2026-06-02 15:55:00,15.916666666666666,-0.8549118706729466,-0.5187732581605214,1,0,0,0
2026-06-02 16:00:00,16.0,-0.8660254037844385,-0.5000000000000004,1,0,0,0
2026-06-02 16:05:00,16.083333333333332,-0.8767267557075072,-0.48098876891938847,1,0,0,0
2026-06-02 16:10:00,16.166666666666668,-0.8870108331782218,-0.4617486132350336,1,0,0,0
2026-06-02 16:15:00,16.25,-0.8968727415326883,-0.44228869021900136,1,0,0,0
2026-06-02 16:20:00,16.333333333333332,-0.9063077870366497,-0.42261826174069994,1,0,0,0
2026-06-02 16:25:00,16.416666666666668,-0.9153114791194471,-0.40274668985873735,1,0,0,0
2026-06-02 16:30:00,16.5,-0.9238795325112868,-0.3826834323650895,1,0,0,0
2026-06-02 16:35:00,16.583333333333332,-0.9320078692827984,-0.3624380382837018,1,0,0,0
2026-06-02 16:40:00,16.666666666666668,-0.9396926207859084,-0.34202014332566855,1,0,0,0
2026-06-02 16:45:00,16.75,-0.9469301294951056,-0.3214394653031618,1,0,0,0
2026-06-02 16:50:00,16.833333333333332,-0.9537169507482267,-0.3007057995042738,1,0,0,0
2026-06-02 16:55:00,16.916666666666668,-0.9600498543859286,-0.27982901403099236,1,0,0,0
2026-06-02 17:00:00,17.0,-0.9659258262890683,-0.25881904510252063,1,0,0,0
2026-06-02 17:05:00,17.083333333333332,-0.9713420698132613,-0.23768589232617343,1,0,0,0
2026-06-02 17:10:00,17.166666666666668,-0.9762960071199334,-0.21643961393810282,1,0,0,0
2026-06-02 17:15:00,17.25,-0.9807852804032303,-0.19509032201612866,1,0,0,0
2026-06-02 17:20:00,17.333333333333332,-0.9848077530122079,-0.1736481776669312,1,0,0,0
2026-06-02 17:25:00,17.416666666666668,-0.9883615104677608,-0.15212338618991628,1,0,0,0
2026-06-02 17:30:00,17.5,-0.9914448613738104,-0.13052619222005163,1,0,0,0
2026-06-02 17:35:00,17.583333333333332,-0.9940563382223195,-0.10886687485196507,1,0,0,0
2026-06-02 17:40:00,17.666666666666668,-0.9961946980917455,-0.08715574274765825,1,0,0,0
2026-06-02 17:45:00,17.75,-0.9978589232386035,-0.06540312923014273,1,0,0,0
2026-06-02 17:50:00,17.833333333333332,-0.9990482215818578,-0.04361938736533613,1,0,0,0
2026-06-02 17:55:00,17.916666666666668,-0.9997620270799091,-0.021814885034560836,1,0,0,0
2026-06-02 18:00:00,18.0,-1.0,-1.8369701987210297e-16,1,0,0,0
2026-06-02 18:05:00,18.083333333333332,-0.9997620270799091,0.021814885034560468,1,0,0,0
2026-06-02 18:10:00,18.166666666666668,-0.9990482215818578,0.043619387365335764,1,0,0,0
2026-06-02 18:15:00,18.25,-0.9978589232386036,0.06540312923014237,1,0,0,0
2026-06-02 18:20:00,18.333333333333332,-0.9961946980917455,0.08715574274765789,1,0,0,0
2026-06-02 18:25:00,18.416666666666668,-0.9940563382223196,0.10886687485196471,1,0,0,0
2026-06-02 18:30:00,18.5,-0.9914448613738105,0.13052619222005127,1,0,0,0
2026-06-02 18:35:00,18.583333333333332,-0.9883615104677609,0.15212338618991592,1,0,0,0
2026-06-02 18:40:00,18.666666666666668,-0.984807753012208,0.17364817766693083,1,0,0,0
2026-06-02 18:45:00,18.75,-0.9807852804032304,0.1950903220161283,1,0,0,0
2026-06-02 18:50:00,18.833333333333332,-0.9762960071199335,0.21643961393810246,1,0,0,0
2026-06-02 18:55:00,18.916666666666668,-0.9713420698132614,0.23768589232617307,1,0,0,0
2026-06-02 19:00:00,19.0,-0.9659258262890684,0.2588190451025203,1,0,0,0
2026-06-02 19:05:00,19.083333333333332,-0.9600498543859287,0.279829014030992,1,0,0,0
2026-06-02 19:10:00,19.166666666666668,-0.9537169507482268,0.30070579950427345,1,0,0,0
2026-06-02 19:15:00,19.25,-0.9469301294951057,0.3214394653031615,1,0,0,0
2026-06-02 19:20:00,19.333333333333332,-0.9396926207859085,0.34202014332566816,1,0,0,0
2026-06-02 19:25:00,19.416666666666668,-0.9320078692827986,0.36243803828370147,1,0,0,0
2026-06-02 19:30:00,19.5,-0.923879532511287,0.38268343236508917,1,0,0,0
2026-06-02 19:35:00,19.583333333333332,-0.9153114791194472,0.402746689858737,1,0,0,0
2026-06-02 19:40:00,19.666666666666668,-0.9063077870366498,0.4226182617406996,1,0,0,0
2026-06-02 19:45:00,19.75,-0.8968727415326884,0.442288690219001,1,0,0,0
2026-06-02 19:50:00,19.833333333333332,-0.887010833178222,0.46174861323503325,1,0,0,0
2026-06-02 19:55:00,19.916666666666668,-0.8767267557075075,0.48098876891938813,1,0,0,0
2026-06-02 20:00:00,20.0,-0.8660254037844386,0.5000000000000001,1,0,0,0
2026-06-02 20:05:00,20.083333333333332,-0.8549118706729468,0.5187732581605211,1,0,0,0
2026-06-02 20:10:00,20.166666666666668,-0.8433914458128857,0.5372996083468239,1,0,0,0
2026-06-02 20:15:00,20.25,-0.8314696123025455,0.5555702330196018,1,0,0,0
2026-06-02 20:20:00,20.333333333333332,-0.8191520442889918,0.573576436351046,1,0,0,0
2026-06-02 20:25:00,20.416666666666668,-0.8064446042674829,0.591309648363582,1,0,0,0
2026-06-02 20:30:00,20.5,-0.7933533402912357,0.6087614290087199,1,0,0,0
2026-06-02 20:35:00,20.583333333333332,-0.7798844830928816,0.6259234721840593,1,0,0,0
2026-06-02 20:40:00,20.666666666666668,-0.7660444431189781,0.6427876096865393,1,0,0,0
2026-06-02 20:45:00,20.75,-0.7518398074789772,0.6593458151000691,1,0,0,0
2026-06-02 20:50:00,20.833333333333332,-0.7372773368101242,0.6755902076156601,1,0,0,0
2026-06-02 20:55:00,20.916666666666668,-0.7223639620597554,0.6915130557822695,1,0,0,0
2026-06-02 21:00:00,21.0,-0.7071067811865477,0.7071067811865474,1,0,0,0
2026-06-02 21:05:00,21.083333333333332,-0.6915130557822698,0.7223639620597551,1,0,0,0
2026-06-02 21:10:00,21.166666666666668,-0.6755902076156598,0.7372773368101244,1,0,0,0
2026-06-02 21:15:00,21.25,-0.6593458151000687,0.7518398074789775,1,0,0,0
2026-06-02 21:20:00,21.333333333333332,-0.6427876096865396,0.7660444431189778,1,0,0,0
2026-06-02 21:25:00,21.416666666666668,-0.625923472184059,0.7798844830928818,1,0,0,0
2026-06-02 21:30:00,21.5,-0.608761429008721,0.7933533402912349,1,0,0,0
2026-06-02 21:35:00,21.583333333333332,-0.591309648363583,0.8064446042674821,1,0,0,0
2026-06-02 21:40:00,21.666666666666668,-0.5735764363510465,0.8191520442889916,1,0,0,0
2026-06-02 21:45:00,21.75,-0.555570233019603,0.8314696123025447,1,0,0,0
2026-06-02 21:50:00,21.833333333333332,-0.537299608346825,0.8433914458128849,1,0,0,0
2026-06-02 21:55:00,21.916666666666668,-0.5187732581605214,0.8549118706729466,1,0,0,0
2026-06-02 22:00:00,22.0,-0.5000000000000004,0.8660254037844384,1,0,0,0
2026-06-02 22:05:00,22.083333333333332,-0.48098876891938774,0.8767267557075077,1,0,0,0
2026-06-02 22:10:00,22.166666666666668,-0.46174861323503363,0.8870108331782218,1,0,0,0
2026-06-02 22:15:00,22.25,-0.4422886902190014,0.8968727415326883,1,0,0,0
2026-06-02 22:20:00,22.333333333333332,-0.4226182617407,0.9063077870366497,1,0,0,0
2026-06-02 22:25:00,22.416666666666668,-0.40274668985873663,0.9153114791194474,1,0,0,0
2026-06-02 22:30:00,22.5,-0.38268343236508956,0.9238795325112868,1,0,0,0
2026-06-02 22:35:00,22.583333333333332,-0.36243803828370186,0.9320078692827984,1,0,0,0
2026-06-02 22:40:00,22.666666666666668,-0.3420201433256686,0.9396926207859084,1,0,0,0
2026-06-02 22:45:00,22.75,-0.32143946530316186,0.9469301294951056,1,0,0,0
2026-06-02 22:50:00,22.833333333333332,-0.30070579950427384,0.9537169507482267,1,0,0,0
2026-06-02 22:55:00,22.916666666666668,-0.2798290140309924,0.9600498543859286,1,0,0,0
2026-06-02 23:00:00,23.0,-0.25881904510252157,0.9659258262890681,1,0,0,0
2026-06-02 23:05:00,23.083333333333332,-0.23768589232617435,0.9713420698132611,1,0,0,0
2026-06-02 23:10:00,23.166666666666668,-0.21643961393810288,0.9762960071199334,1,0,0,0
2026-06-02 23:15:00,23.25,-0.19509032201612872,0.9807852804032303,1,0,0,0
2026-06-02 23:20:00,23.333333333333332,-0.1736481776669304,0.984807753012208,1,0,0,0
2026-06-02 23:25:00,23.416666666666668,-0.1521233861899172,0.9883615104677607,1,0,0,0
2026-06-02 23:30:00,23.5,-0.13052619222005168,0.9914448613738104,1,0,0,0
2026-06-02 23:35:00,23.583333333333332,-0.10886687485196514,0.9940563382223195,1,0,0,0
2026-06-02 23:40:00,23.666666666666668,-0.08715574274765743,0.9961946980917455,1,0,0,0
2026-06-02 23:45:00,23.75,-0.0654031292301428,0.9978589232386035,1,0,0,0
2026-06-02 23:50:00,23.833333333333332,-0.043619387365336194,0.9990482215818578,1,0,0,0
2026-06-02 23:55:00,23.916666666666668,-0.0218148850345609,0.9997620270799091,1,0,0,0
2026-06-03 00:00:00,0.0,0.0,1.0,2,0,0,0
2026-06-03 00:05:00,0.08333333333333333,0.02181488503456112,0.9997620270799091,2,0,0,0
2026-06-03 00:10:00,0.16666666666666666,0.043619387365336,0.9990482215818578,2,0,0,0
2026-06-03 00:15:00,0.25,0.06540312923014306,0.9978589232386035,2,0,0,0
2026-06-03 00:20:00,0.3333333333333333,0.08715574274765817,0.9961946980917455,2,0,0,0
2026-06-03 00:25:00,0.4166666666666667,0.10886687485196457,0.9940563382223196,2,0,0,0
2026-06-03 00:30:00,0.5,0.13052619222005157,0.9914448613738104,2,0,0,0
2026-06-03 00:35:00,0.5833333333333334,0.15212338618991672,0.9883615104677607,2,0,0,0
2026-06-03 00:40:00,0.6666666666666666,0.17364817766693033,0.984807753012208,2,0,0,0
2026-06-03 00:45:00,0.75,0.19509032201612825,0.9807852804032304,2,0,0,0
2026-06-03 00:50:00,0.8333333333333334,0.21643961393810288,0.9762960071199334,2,0,0,0
2026-06-03 00:55:00,0.9166666666666666,0.23768589232617307,0.9713420698132614,2,0,0,0
2026-06-03 01:00:00,1.0,0.25881904510252074,0.9659258262890683,2,0,0,0
2026-06-03 01:05:00,1.0833333333333333,0.27982901403099203,0.9600498543859287,2,0,0,0
2026-06-03 01:10:00,1.1666666666666667,0.3007057995042732,0.9537169507482269,2,0,0,0
2026-06-03 01:15:00,1.25,0.3214394653031616,0.9469301294951057,2,0,0,0
2026-06-03 01:20:00,1.3333333333333333,0.3420201433256687,0.9396926207859084,2,0,0,0
2026-06-03 01:25:00,1.4166666666666667,0.36243803828370164,0.9320078692827986,2,0,0,0
2026-06-03 01:30:00,1.5,0.3826834323650898,0.9238795325112867,2,0,0,0
2026-06-03 01:35:00,1.5833333333333335,0.40274668985873724,0.9153114791194471,2,0,0,0
2026-06-03 01:40:00,1.6666666666666665,0.4226182617406994,0.9063077870366499,2,0,0,0
2026-06-03 01:45:00,1.75,0.44228869021900125,0.8968727415326884,2,0,0,0
2026-06-03 01:50:00,1.8333333333333335,0.46174861323503397,0.8870108331782217,2,0,0,0
2026-06-03 01:55:00,1.9166666666666665,0.48098876891938763,0.8767267557075077,2,0,0,0
2026-06-03 02:00:00,2.0,0.49999999999999994,0.8660254037844387,2,0,0,0
2026-06-03 02:05:00,2.0833333333333335,0.5187732581605214,0.8549118706729466,2,0,0,0
2026-06-03 02:10:00,2.1666666666666665,0.5372996083468238,0.8433914458128857,2,0,0,0
2026-06-03 02:15:00,2.25,0.5555702330196022,0.8314696123025452,2,0,0,0
2026-06-03 02:20:00,2.3333333333333335,0.5735764363510462,0.8191520442889918,2,0,0,0
2026-06-03 02:25:00,2.4166666666666665,0.5913096483635824,0.8064446042674827,2,0,0,0
2026-06-03 02:30:00,2.5,0.6087614290087207,0.7933533402912352,2,0,0,0
2026-06-03 02:35:00,2.5833333333333335,0.6259234721840591,0.7798844830928818,2,0,0,0
2026-06-03 02:40:00,2.6666666666666665,0.6427876096865393,0.766044443118978,2,0,0,0
2026-06-03 02:45:00,2.75,0.6593458151000688,0.7518398074789774,2,0,0,0
2026-06-03 02:50:00,2.8333333333333335,0.6755902076156602,0.7372773368101241,2,0,0,0
2026-06-03 02:55:00,2.9166666666666665,0.6915130557822694,0.7223639620597556,2,0,0,0
2026-06-03 03:00:00,3.0,0.7071067811865476,0.7071067811865476,2,0,0,0
2026-06-03 03:05:00,3.0833333333333335,0.7223639620597555,0.6915130557822694,2,0,0,0
2026-06-03 03:10:00,3.1666666666666665,0.737277336810124,0.6755902076156602,2,0,0,0
2026-06-03 03:15:00,3.25,0.7518398074789774,0.6593458151000688,2,0,0,0
2026-06-03 03:20:00,3.3333333333333335,0.766044443118978,0.6427876096865394,2,0,0,0
2026-06-03 03:25:00,3.4166666666666665,0.7798844830928817,0.6259234721840591,2,0,0,0
2026-06-03 03:30:00,3.5,0.7933533402912352,0.6087614290087207,2,0,0,0
2026-06-03 03:35:00,3.5833333333333335,0.8064446042674825,0.5913096483635825,2,0,0,0
2026-06-03 03:40:00,3.6666666666666665,0.8191520442889917,0.5735764363510462,2,0,0,0
2026-06-03 03:45:00,3.75,0.8314696123025451,0.5555702330196024,2,0,0,0
2026-06-03 03:50:00,3.8333333333333335,0.8433914458128856,0.5372996083468239,2,0,0,0
2026-06-03 03:55:00,3.9166666666666665,0.8549118706729466,0.5187732581605216,2,0,0,0
2026-06-03 04:00:00,4.0,0.8660254037844386,0.5000000000000001,2,0,0,0
2026-06-03 04:05:00,4.083333333333333,0.8767267557075077,0.48098876891938774,2,0,0,0
2026-06-03 04:10:00,4.166666666666667,0.8870108331782217,0.46174861323503386,2,0,0,0
2026-06-03 04:15:00,4.25,0.8968727415326884,0.44228869021900125,2,0,0,0
2026-06-03 04:20:00,4.333333333333333,0.9063077870366498,0.4226182617406996,2,0,0,0
2026-06-03 04:25:00,4.416666666666667,0.9153114791194471,0.40274668985873724,2,0,0,0
2026-06-03 04:30:00,4.5,0.9238795325112867,0.38268343236508984,2,0,0,0
2026-06-03 04:35:00,4.583333333333333,0.9320078692827984,0.3624380382837017,2,0,0,0
2026-06-03 04:40:00,4.666666666666667,0.9396926207859084,0.3420201433256686,2,0,0,0
2026-06-03 04:45:00,4.75,0.9469301294951056,0.3214394653031617,2,0,0,0
2026-06-03 04:50:00,4.833333333333333,0.9537169507482268,0.3007057995042733,2,0,0,0
2026-06-03 04:55:00,4.916666666666667,0.9600498543859287,0.27982901403099203,2,0,0,0
2026-06-03 05:00:00,5.0,0.9659258262890683,0.25881904510252074,2,0,0,0
2026-06-03 05:05:00,5.083333333333333,0.9713420698132614,0.2376858923261731,2,0,0,0
2026-06-03 05:10:00,5.166666666666667,0.9762960071199334,0.2164396139381029,2,0,0,0
2026-06-03 05:15:00,5.25,0.9807852804032304,0.19509032201612833,2,0,0,0
2026-06-03 05:20:00,5.333333333333333,0.984807753012208,0.17364817766693041,2,0,0,0
2026-06-03 05:25:00,5.416666666666667,0.9883615104677607,0.1521233861899168,2,0,0,0
2026-06-03 05:30:00,5.5,0.9914448613738104,0.1305261922200517,2,0,0,0
2026-06-03 05:35:00,5.583333333333333,0.9940563382223196,0.10886687485196474,2,0,0,0
2026-06-03 05:40:00,5.666666666666667,0.9961946980917455,0.08715574274765814,2,0,0,0
2026-06-03 05:45:00,5.75,0.9978589232386035,0.06540312923014327,2,0,0,0
2026-06-03 05:50:00,5.833333333333333,0.9990482215818578,0.04361938736533601,2,0,0,0
2026-06-03 05:55:00,5.916666666666667,0.9997620270799091,0.021814885034560937,2,0,0,0
2026-06-03 06:00:00,6.0,1.0,6.123233995736766e-17,2,0,0,0
2026-06-03 06:05:00,6.083333333333333,0.9997620270799091,-0.02181488503456081,2,0,0,0
2026-06-03 06:10:00,6.166666666666667,0.9990482215818578,-0.04361938736533589,2,0,0,0
2026-06-03 06:15:00,6.25,0.9978589232386035,-0.06540312923014314,2,0,0,0
2026-06-03 06:20:00,6.333333333333333,0.9961946980917455,-0.08715574274765801,2,0,0,0
2026-06-03 06:25:00,6.416666666666667,0.9940563382223196,-0.10886687485196461,2,0,0,0
2026-06-03 06:30:00,6.5,0.9914448613738104,-0.1305261922200516,2,0,0,0
2026-06-03 06:35:00,6.583333333333333,0.9883615104677607,-0.1521233861899167,2,0,0,0
2026-06-03 06:40:00,6.666666666666667,0.984807753012208,-0.1736481776669303,2,0,0,0
2026-06-03 06:45:00,6.75,0.9807852804032304,-0.1950903220161282,2,0,0,0
2026-06-03 06:50:00,6.833333333333333,0.9762960071199334,-0.2164396139381028,2,0,0,0
2026-06-03 06:55:00,6.916666666666667,0.9713420698132614,-0.23768589232617318,2,0,0,0
2026-06-03 07:00:00,7.0,0.9659258262890683,-0.25881904510252063,2,0,0,0
2026-06-03 07:05:00,7.083333333333333,0.9600498543859287,-0.2798290140309919,2,0,0,0
2026-06-03 07:10:00,7.166666666666667,0.9537169507482269,-0.30070579950427295,2,0,0,0
2026-06-03 07:15:00,7.25,0.9469301294951057,-0.3214394653031616,2,0,0,0
2026-06-03 07:20:00,7.333333333333333,0.9396926207859084,-0.3420201433256685,2,0,0,0
2026-06-03 07:25:00,7.416666666666667,0.9320078692827986,-0.3624380382837016,2,0,0,0
2026-06-03 07:30:00,7.5,0.9238795325112868,-0.3826834323650895,2,0,0,0
2026-06-03 07:35:00,7.583333333333333,0.9153114791194472,-0.40274668985873713,2,0,0,0
2026-06-03 07:40:00,7.666666666666667,0.90630778703665,-0.42261826174069933,2,0,0,0
2026-06-03 07:45:00,7.75,0.8968727415326884,-0.44228869021900113,2,0,0,0
2026-06-03 07:50:00,7.833333333333333,0.8870108331782218,-0.4617486132350338,2,0,0,0
2026-06-03 07:55:00,7.916666666666667,0.8767267557075076,-0.48098876891938785,2,0,0,0
2026-06-03 08:00:00,8.0,0.8660254037844387,-0.4999999999999998,2,0,0,0
2026-06-03 08:05:00,8.083333333333334,0.8549118706729465,-0.5187732581605216,2,0,0,0
2026-06-03 08:10:00,8.166666666666666,0.8433914458128858,-0.5372996083468236,2,0,0,0
2026-06-03 08:15:00,8.25,0.8314696123025451,-0.5555702330196023,2,0,0,0
2026-06-03 08:20:00,8.333333333333334,0.8191520442889917,-0.5735764363510462,2,0,0,0
2026-06-03 08:25:00,8.416666666666666,0.8064446042674828,-0.5913096483635821,2,0,0,0
2026-06-03 08:30:00,8.5,0.7933533402912352,-0.6087614290087207,2,0,0,0
2026-06-03 08:35:00,8.583333333333334,0.7798844830928817,-0.6259234721840591,2,0,0,0
2026-06-03 08:40:00,8.666666666666666,0.7660444431189783,-0.642787609686539,2,0,0,0
2026-06-03 08:45:00,8.75,0.7518398074789774,-0.6593458151000688,2,0,0,0
2026-06-03 08:50:00,8.833333333333334,0.7372773368101241,-0.6755902076156602,2,0,0,0
2026-06-03 08:55:00,8.916666666666666,0.7223639620597556,-0.6915130557822693,2,0,0,0
2026-06-03 09:00:00,9.0,0.7071067811865476,-0.7071067811865475,2,0,0,0
2026-06-03 09:05:00,9.083333333333334,0.6915130557822694,-0.7223639620597555,2,0,0,0
2026-06-03 09:10:00,9.166666666666666,0.6755902076156604,-0.737277336810124,2,0,0,0
2026-06-03 09:15:00,9.25,0.659345815100069,-0.7518398074789773,2,0,0,0
2026-06-03 09:20:00,9.333333333333334,0.6427876096865391,-0.7660444431189782,2,0,0,0
2026-06-03 09:25:00,9.416666666666666,0.6259234721840592,-0.7798844830928817,2,0,0,0
2026-06-03 09:30:00,9.5,0.6087614290087209,-0.793353340291235,2,0,0,0
2026-06-03 09:35:00,9.583333333333334,0.5913096483635822,-0.8064446042674827,2,0,0,0
2026-06-03 09:40:00,9.666666666666666,0.5735764363510464,-0.8191520442889916,2,0,0,0
2026-06-03 09:45:00,9.75,0.5555702330196025,-0.831469612302545,2,0,0,0
2026-06-03 09:50:00,9.833333333333334,0.5372996083468238,-0.8433914458128857,2,0,0,0
2026-06-03 09:55:00,9.916666666666666,0.5187732581605218,-0.8549118706729464,2,0,0,0
2026-06-03 10:00:00,10.0,0.49999999999999994,-0.8660254037844387,2,0,0,0
2026-06-03 10:05:00,10.083333333333334,0.48098876891938763,-0.8767267557075077,2,0,0,0
2026-06-03 10:10:00,10.166666666666666,0.4617486132350339,-0.8870108331782217,2,0,0,0
2026-06-03 10:15:00,10.25,0.4422886902190017,-0.8968727415326881,2,0,0,0
2026-06-03 10:20:00,10.333333333333334,0.4226182617406995,-0.9063077870366499,2,0,0,0
2026-06-03 10:25:00,10.416666666666666,0.4027466898587373,-0.9153114791194471,2,0,0,0
2026-06-03 10:30:00,10.5,0.3826834323650899,-0.9238795325112867,2,0,0,0
2026-06-03 10:35:00,10.583333333333334,0.36243803828370136,-0.9320078692827987,2,0,0,0
2026-06-03 10:40:00,10.666666666666666,0.3420201433256689,-0.9396926207859083,2,0,0,0
2026-06-03 10:45:00,10.75,0.32143946530316175,-0.9469301294951056,2,0,0,0
2026-06-03 10:50:00,10.833333333333334,0.30070579950427334,-0.9537169507482268,2,0,0,0
2026-06-03 10:55:00,10.916666666666666,0.2798290140309927,-0.9600498543859285,2,0,0,0
2026-06-03 11:00:00,11.0,0.258819045102521,-0.9659258262890682,2,0,0,0
2026-06-03 11:05:00,11.083333333333334,0.23768589232617293,-0.9713420698132614,2,0,0,0
2026-06-03 11:10:00,11.166666666666666,0.21643961393810318,-0.9762960071199333,2,0,0,0
2026-06-03 11:15:00,11.25,0.19509032201612816,-0.9807852804032304,2,0,0,0
2026-06-03 11:20:00,11.333333333333334,0.17364817766693028,-0.984807753012208,2,0,0,0
2026-06-03 11:25:00,11.416666666666666,0.15212338618991708,-0.9883615104677607,2,0,0,0
2026-06-03 11:30:00,11.5,0.130526192220052,-0.9914448613738104,2,0,0,0
2026-06-03 11:35:00,11.583333333333334,0.10886687485196457,-0.9940563382223196,2,0,0,0
2026-06-03 11:40:00,11.666666666666666,0.0871557427476582,-0.9961946980917455,2,0,0,0
2026-06-03 11:45:00,11.75,0.06540312923014312,-0.9978589232386035,2,0,0,0
2026-06-03 11:50:00,11.833333333333334,0.043619387365335625,-0.9990482215818578,2,0,0,0
2026-06-03 11:55:00,11.916666666666666,0.021814885034561218,-0.9997620270799091,2,0,0,0
2026-06-03 12:00:00,12.0,1.2246467991473532e-16,-1.0,2,0,0,0
2026-06-03 12:05:00,12.083333333333334,-0.021814885034560975,-0.9997620270799091,2,0,0,0
2026-06-03 12:10:00,12.166666666666666,-0.04361938736533538,-0.9990482215818578,2,0,0,0
2026-06-03 12:15:00,12.25,-0.06540312923014287,-0.9978589232386035,2,0,0,0
2026-06-03 12:20:00,12.333333333333334,-0.08715574274765794,-0.9961946980917455,2,0,0,0
2026-06-03 12:25:00,12.416666666666666,-0.10886687485196432,-0.9940563382223196,2,0,0,0
2026-06-03 12:30:00,12.5,-0.13052619222005177,-0.9914448613738104,2,0,0,0
2026-06-03 12:35:00,12.583333333333334,-0.15212338618991683,-0.9883615104677607,2,0,0,0
2026-06-03 12:40:00,12.666666666666666,-0.17364817766693003,-0.9848077530122081,2,0,0,0
2026-06-03 12:45:00,12.75,-0.19509032201612792,-0.9807852804032305,2,0,0,0
2026-06-03 12:50:00,12.833333333333334,-0.21643961393810293,-0.9762960071199334,2,0,0,0
2026-06-03 12:55:00,12.916666666666666,-0.2376858923261727,-0.9713420698132615,2,0,0,0
2026-06-03 13:00:00,13.0,-0.2588190451025208,-0.9659258262890683,2,0,0,0
2026-06-03 13:05:00,13.083333333333334,-0.2798290140309925,-0.9600498543859286,2,0,0,0
2026-06-03 13:10:00,13.166666666666666,-0.30070579950427306,-0.9537169507482269,2,0,0,0
2026-06-03 13:15:00,13.25,-0.32143946530316153,-0.9469301294951057,2,0,0,0
2026-06-03 13:20:00,13.333333333333334,-0.34202014332566866,-0.9396926207859084,2,0,0,0
2026-06-03 13:25:00,13.416666666666666,-0.36243803828370114,-0.9320078692827987,2,0,0,0
2026-06-03 13:30:00,13.5,-0.38268343236508967,-0.9238795325112868,2,0,0,0
2026-06-03 13:35:00,13.583333333333334,-0.4027466898587371,-0.9153114791194472,2,0,0,0
2026-06-03 13:40:00,13.666666666666666,-0.4226182617406993,-0.90630778703665,2,0,0,0
2026-06-03 13:45:00,13.75,-0.44228869021900147,-0.8968727415326883,2,0,0,0
2026-06-03 13:50:00,13.833333333333334,-0.46174861323503413,-0.8870108331782216,2,0,0,0
2026-06-03 13:55:00,13.916666666666666,-0.4809887689193874,-0.8767267557075078,2,0,0,0
2026-06-03 14:00:00,14.0,-0.4999999999999997,-0.8660254037844388,2,0,0,0
2026-06-03 14:05:00,14.083333333333334,-0.5187732581605216,-0.8549118706729465,2,0,0,0
2026-06-03 14:10:00,14.166666666666666,-0.5372996083468236,-0.8433914458128858,2,0,0,0
2026-06-03 14:15:00,14.25,-0.555570233019602,-0.8314696123025455,2,0,0,0
2026-06-03 14:20:00,14.333333333333334,-0.5735764363510458,-0.819152044288992,2,0,0,0
2026-06-03 14:25:00,14.416666666666666,-0.5913096483635824,-0.8064446042674825,2,0,0,0
2026-06-03 14:30:00,14.5,-0.6087614290087207,-0.7933533402912352,2,0,0,0
2026-06-03 14:35:00,14.583333333333334,-0.6259234721840591,-0.7798844830928818,2,0,0,0
2026-06-03 14:40:00,14.666666666666666,-0.6427876096865389,-0.7660444431189783,2,0,0,0
2026-06-03 14:45:00,14.75,-0.6593458151000688,-0.7518398074789774,2,0,0,0
2026-06-03 14:50:00,14.833333333333334,-0.6755902076156601,-0.7372773368101241,2,0,0,0
2026-06-03 14:55:00,14.916666666666666,-0.691513055782269,-0.722363962059756,2,0,0,0
2026-06-03 15:00:00,15.0,-0.7071067811865471,-0.7071067811865479,2,0,0,0
2026-06-03 15:05:00,15.083333333333334,-0.7223639620597557,-0.6915130557822692,2,0,0,0
2026-06-03 15:10:00,15.166666666666666,-0.7372773368101239,-0.6755902076156604,2,0,0,0
2026-06-03 15:15:00,15.25,-0.7518398074789773,-0.6593458151000691,2,0,0,0
2026-06-03 15:20:00,15.333333333333334,-0.7660444431189779,-0.6427876096865395,2,0,0,0
2026-06-03 15:25:00,15.416666666666666,-0.7798844830928814,-0.6259234721840596,2,0,0,0
2026-06-03 15:30:00,15.5,-0.7933533402912349,-0.6087614290087209,2,0,0,0
2026-06-03 15:35:00,15.583333333333334,-0.8064446042674827,-0.5913096483635822,2,0,0,0
2026-06-03 15:40:00,15.666666666666666,-0.8191520442889916,-0.5735764363510464,2,0,0,0
2026-06-03 15:45:00,15.75,-0.8314696123025452,-0.5555702330196022,2,0,0,0
2026-06-03 15:50:00,15.833333333333334,-0.8433914458128859,-0.5372996083468234,2,0,0,0
2026-06-03 15:55:00,15.916666666666666,-0.8549118706729466,-0.5187732581605214,2,0,0,0
2026-06-03 16:00:00,16.0,-0.8660254037844385,-0.5000000000000004,2,0,0,0
2026-06-03 16:05:00,16.083333333333332,-0.8767267557075072,-0.48098876891938847,2,0,0,0
2026-06-03 16:10:00,16.166666666666668,-0.8870108331782218,-0.4617486132350336,2,0,0,0
2026-06-03 16:15:00,16.25,-0.8968727415326883,-0.44228869021900136,2,0,0,0
2026-06-03 16:20:00,16.333333333333332,-0.9063077870366497,-0.42261826174069994,2,0,0,0
2026-06-03 16:25:00,16.416666666666668,-0.9153114791194471,-0.40274668985873735,2,0,0,0
2026-06-03 16:30:00,16.5,-0.9238795325112868,-0.3826834323650895,2,0,0,0
2026-06-03 16:35:00,16.583333333333332,-0.9320078692827984,-0.3624380382837018,2,0,0,0
2026-06-03 16:40:00,16.666666666666668,-0.9396926207859084,-0.34202014332566855,2,0,0,0
2026-06-03 16:45:00,16.75,-0.9469301294951056,-0.3214394653031618,2,0,0,0
2026-06-03 16:50:00,16.833333333333332,-0.9537169507482267,-0.3007057995042738,2,0,0,0
2026-06-03 16:55:00,16.916666666666668,-0.9600498543859286,-0.27982901403099236,2,0,0,0
2026-06-03 17:00:00,17.0,-0.9659258262890683,-0.25881904510252063,2,0,0,0
2026-06-03 17:05:00,17.083333333333332,-0.9713420698132613,-0.23768589232617343,2,0,0,0
2026-06-03 17:10:00,17.166666666666668,-0.9762960071199334,-0.21643961393810282,2,0,0,0
2026-06-03 17:15:00,17.25,-0.9807852804032303,-0.19509032201612866,2,0,0,0
2026-06-03 17:20:00,17.333333333333332,-0.9848077530122079,-0.1736481776669312,2,0,0,0
2026-06-03 17:25:00,17.416666666666668,-0.9883615104677608,-0.15212338618991628,2,0,0,0
2026-06-03 17:30:00,17.5,-0.9914448613738104,-0.13052619222005163,2,0,0,0
2026-06-03 17:35:00,17.583333333333332,-0.9940563382223195,-0.10886687485196507,2,0,0,0
2026-06-03 17:40:00,17.666666666666668,-0.9961946980917455,-0.08715574274765825,2,0,0,0
2026-06-03 17:45:00,17.75,-0.9978589232386035,-0.06540312923014273,2,0,0,0
2026-06-03 17:50:00,17.833333333333332,-0.9990482215818578,-0.04361938736533613,2,0,0,0
2026-06-03 17:55:00,17.916666666666668,-0.9997620270799091,-0.021814885034560836,2,0,0,0
2026-06-03 18:00:00,18.0,-1.0,-1.8369701987210297e-16,2,0,0,0
2026-06-03 18:05:00,18.083333333333332,-0.9997620270799091,0.021814885034560468,2,0,0,0
2026-06-03 18:10:00,18.166666666666668,-0.9990482215818578,0.043619387365335764,2,0,0,0
2026-06-03 18:15:00,18.25,-0.9978589232386036,0.06540312923014237,2,0,0,0
2026-06-03 18:20:00,18.333333333333332,-0.9961946980917455,0.08715574274765789,2,0,0,0
2026-06-03 18:25:00,18.416666666666668,-0.9940563382223196,0.10886687485196471,2,0,0,0
2026-06-03 18:30:00,18.5,-0.9914448613738105,0.13052619222005127,2,0,0,0
2026-06-03 18:35:00,18.583333333333332,-0.9883615104677609,0.15212338618991592,2,0,0,0
2026-06-03 18:40:00,18.666666666666668,-0.984807753012208,0.17364817766693083,2,0,0,0
2026-06-03 18:45:00,18.75,-0.9807852804032304,0.1950903220161283,2,0,0,0
2026-06-03 18:50:00,18.833333333333332,-0.9762960071199335,0.21643961393810246,2,0,0,0
2026-06-03 18:55:00,18.916666666666668,-0.9713420698132614,0.23768589232617307,2,0,0,0
2026-06-03 19:00:00,19.0,-0.9659258262890684,0.2588190451025203,2,0,0,0
2026-06-03 19:05:00,19.083333333333332,-0.9600498543859287,0.279829014030992,2,0,0,0
2026-06-03 19:10:00,19.166666666666668,-0.9537169507482268,0.30070579950427345,2,0,0,0
2026-06-03 19:15:00,19.25,-0.9469301294951057,0.3214394653031615,2,0,0,0
2026-06-03 19:20:00,19.333333333333332,-0.9396926207859085,0.34202014332566816,2,0,0,0
2026-06-03 19:25:00,19.416666666666668,-0.9320078692827986,0.36243803828370147,2,0,0,0
2026-06-03 19:30:00,19.5,-0.923879532511287,0.38268343236508917,2,0,0,0
2026-06-03 19:35:00,19.583333333333332,-0.9153114791194472,0.402746689858737,2,0,0,0
2026-06-03 19:40:00,19.666666666666668,-0.9063077870366498,0.4226182617406996,2,0,0,0
2026-06-03 19:45:00,19.75,-0.8968727415326884,0.442288690219001,2,0,0,0
2026-06-03 19:50:00,19.833333333333332,-0.887010833178222,0.46174861323503325,2,0,0,0
2026-06-03 19:55:00,19.916666666666668,-0.8767267557075075,0.48098876891938813,2,0,0,0
2026-06-03 20:00:00,20.0,-0.8660254037844386,0.5000000000000001,2,0,0,0
2026-06-03 20:05:00,20.083333333333332,-0.8549118706729468,0.5187732581605211,2,0,0,0
2026-06-03 20:10:00,20.166666666666668,-0.8433914458128857,0.5372996083468239,2,0,0,0
2026-06-03 20:15:00,20.25,-0.8314696123025455,0.5555702330196018,2,0,0,0
2026-06-03 20:20:00,20.333333333333332,-0.8191520442889918,0.573576436351046,2,0,0,0
2026-06-03 20:25:00,20.416666666666668,-0.8064446042674829,0.591309648363582,2,0,0,0
2026-06-03 20:30:00,20.5,-0.7933533402912357,0.6087614290087199,2,0,0,0
2026-06-03 20:35:00,20.583333333333332,-0.7798844830928816,0.6259234721840593,2,0,0,0
2026-06-03 20:40:00,20.666666666666668,-0.7660444431189781,0.6427876096865393,2,0,0,0
2026-06-03 20:45:00,20.75,-0.7518398074789772,0.6593458151000691,2,0,0,0
2026-06-03 20:50:00,20.833333333333332,-0.7372773368101242,0.6755902076156601,2,0,0,0
2026-06-03 20:55:00,20.916666666666668,-0.7223639620597554,0.6915130557822695,2,0,0,0
2026-06-03 21:00:00,21.0,-0.7071067811865477,0.7071067811865474,2,0,0,0
2026-06-03 21:05:00,21.083333333333332,-0.6915130557822698,0.7223639620597551,2,0,0,0
2026-06-03 21:10:00,21.166666666666668,-0.6755902076156598,0.7372773368101244,2,0,0,0
2026-06-03 21:15:00,21.25,-0.6593458151000687,0.7518398074789775,2,0,0,0
2026-06-03 21:20:00,21.333333333333332,-0.6427876096865396,0.7660444431189778,2,0,0,0
2026-06-03 21:25:00,21.416666666666668,-0.625923472184059,0.7798844830928818,2,0,0,0
2026-06-03 21:30:00,21.5,-0.608761429008721,0.7933533402912349,2,0,0,0
2026-06-03 21:35:00,21.583333333333332,-0.591309648363583,0.8064446042674821,2,0,0,0
2026-06-03 21:40:00,21.666666666666668,-0.5735764363510465,0.8191520442889916,2,0,0,0
2026-06-03 21:45:00,21.75,-0.555570233019603,0.8314696123025447,2,0,0,0
2026-06-03 21:50:00,21.833333333333332,-0.537299608346825,0.8433914458128849,2,0,0,0
2026-06-03 21:55:00,21.916666666666668,-0.5187732581605214,0.8549118706729466,2,0,0,0
2026-06-03 22:00:00,22.0,-0.5000000000000004,0.8660254037844384,2,0,0,0
2026-06-03 22:05:00,22.083333333333332,-0.48098876891938774,0.8767267557075077,2,0,0,0
2026-06-03 22:10:00,22.166666666666668,-0.46174861323503363,0.8870108331782218,2,0,0,0
2026-06-03 22:15:00,22.25,-0.4422886902190014,0.8968727415326883,2,0,0,0
2026-06-03 22:20:00,22.333333333333332,-0.4226182617407,0.9063077870366497,2,0,0,0
2026-06-03 22:25:00,22.416666666666668,-0.40274668985873663,0.9153114791194474,2,0,0,0
2026-06-03 22:30:00,22.5,-0.38268343236508956,0.9238795325112868,2,0,0,0
2026-06-03 22:35:00,22.583333333333332,-0.36243803828370186,0.9320078692827984,2,0,0,0
2026-06-03 22:40:00,22.666666666666668,-0.3420201433256686,0.9396926207859084,2,0,0,0
2026-06-03 22:45:00,22.75,-0.32143946530316186,0.9469301294951056,2,0,0,0
2026-06-03 22:50:00,22.833333333333332,-0.30070579950427384,0.9537169507482267,2,0,0,0
2026-06-03 22:55:00,22.916666666666668,-0.2798290140309924,0.9600498543859286,2,0,0,0
2026-06-03 23:00:00,23.0,-0.25881904510252157,0.9659258262890681,2,0,0,0
2026-06-03 23:05:00,23.083333333333332,-0.23768589232617435,0.9713420698132611,2,0,0,0
2026-06-03 23:10:00,23.166666666666668,-0.21643961393810288,0.9762960071199334,2,0,0,0
2026-06-03 23:15:00,23.25,-0.19509032201612872,0.9807852804032303,2,0,0,0
2026-06-03 23:20:00,23.333333333333332,-0.1736481776669304,0.984807753012208,2,0,0,0
2026-06-03 23:25:00,23.416666666666668,-0.1521233861899172,0.9883615104677607,2,0,0,0
2026-06-03 23:30:00,23.5,-0.13052619222005168,0.9914448613738104,2,0,0,0
2026-06-03 23:35:00,23.583333333333332,-0.10886687485196514,0.9940563382223195,2,0,0,0
2026-06-03 23:40:00,23.666666666666668,-0.08715574274765743,0.9961946980917455,2,0,0,0
2026-06-03 23:45:00,23.75,-0.0654031292301428,0.9978589232386035,2,0,0,0
2026-06-03 23:50:00,23.833333333333332,-0.043619387365336194,0.9990482215818578,2,0,0,0
2026-06-03 23:55:00,23.916666666666668,-0.0218148850345609,0.9997620270799091,2,0,0,0
2026-06-04 00:00:00,0.0,0.0,1.0,3,0,0,0
2026-06-04 00:05:00,0.08333333333333333,0.02181488503456112,0.9997620270799091,3,0,0,0
2026-06-04 00:10:00,0.16666666666666666,0.043619387365336,0.9990482215818578,3,0,0,0
2026-06-04 00:15:00,0.25,0.06540312923014306,0.9978589232386035,3,0,0,0
2026-06-04 00:20:00,0.3333333333333333,0.08715574274765817,0.9961946980917455,3,0,0,0
2026-06-04 00:25:00,0.4166666666666667,0.10886687485196457,0.9940563382223196,3,0,0,0
2026-06-04 00:30:00,0.5,0.13052619222005157,0.9914448613738104,3,0,0,0
2026-06-04 00:35:00,0.5833333333333334,0.15212338618991672,0.9883615104677607,3,0,0,0
2026-06-04 00:40:00,0.6666666666666666,0.17364817766693033,0.984807753012208,3,0,0,0
2026-06-04 00:45:00,0.75,0.19509032201612825,0.9807852804032304,3,0,0,0
2026-06-04 00:50:00,0.8333333333333334,0.21643961393810288,0.9762960071199334,3,0,0,0
2026-06-04 00:55:00,0.9166666666666666,0.23768589232617307,0.9713420698132614,3,0,0,0
2026-06-04 01:00:00,1.0,0.25881904510252074,0.9659258262890683,3,0,0,0
2026-06-04 01:05:00,1.0833333333333333,0.27982901403099203,0.9600498543859287,3,0,0,0
2026-06-04 01:10:00,1.1666666666666667,0.3007057995042732,0.9537169507482269,3,0,0,0
2026-06-04 01:15:00,1.25,0.3214394653031616,0.9469301294951057,3,0,0,0
2026-06-04 01:20:00,1.3333333333333333,0.3420201433256687,0.9396926207859084,3,0,0,0
2026-06-04 01:25:00,1.4166666666666667,0.36243803828370164,0.9320078692827986,3,0,0,0
2026-06-04 01:30:00,1.5,0.3826834323650898,0.9238795325112867,3,0,0,0
2026-06-04 01:35:00,1.5833333333333335,0.40274668985873724,0.9153114791194471,3,0,0,0
2026-06-04 01:40:00,1.6666666666666665,0.4226182617406994,0.9063077870366499,3,0,0,0
2026-06-04 01:45:00,1.75,0.44228869021900125,0.8968727415326884,3,0,0,0
2026-06-04 01:50:00,1.8333333333333335,0.46174861323503397,0.8870108331782217,3,0,0,0
2026-06-04 01:55:00,1.9166666666666665,0.48098876891938763,0.8767267557075077,3,0,0,0
2026-06-04 02:00:00,2.0,0.49999999999999994,0.8660254037844387,3,0,0,0
2026-06-04 02:05:00,2.0833333333333335,0.5187732581605214,0.8549118706729466,3,0,0,0
2026-06-04 02:10:00,2.1666666666666665,0.5372996083468238,0.8433914458128857,3,0,0,0
2026-06-04 02:15:00,2.25,0.5555702330196022,0.8314696123025452,3,0,0,0
2026-06-04 02:20:00,2.3333333333333335,0.5735764363510462,0.8191520442889918,3,0,0,0
2026-06-04 02:25:00,2.4166666666666665,0.5913096483635824,0.8064446042674827,3,0,0,0
2026-06-04 02:30:00,2.5,0.6087614290087207,0.7933533402912352,3,0,0,0
2026-06-04 02:35:00,2.5833333333333335,0.6259234721840591,0.7798844830928818,3,0,0,0
2026-06-04 02:40:00,2.6666666666666665,0.6427876096865393,0.766044443118978,3,0,0,0
2026-06-04 02:45:00,2.75,0.6593458151000688,0.7518398074789774,3,0,0,0
2026-06-04 02:50:00,2.8333333333333335,0.6755902076156602,0.7372773368101241,3,0,0,0
2026-06-04 02:55:00,2.9166666666666665,0.6915130557822694,0.7223639620597556,3,0,0,0
2026-06-04 03:00:00,3.0,0.7071067811865476,0.7071067811865476,3,0,0,0
2026-06-04 03:05:00,3.0833333333333335,0.7223639620597555,0.6915130557822694,3,0,0,0
2026-06-04 03:10:00,3.1666666666666665,0.737277336810124,0.6755902076156602,3,0,0,0
2026-06-04 03:15:00,3.25,0.7518398074789774,0.6593458151000688,3,0,0,0
2026-06-04 03:20:00,3.3333333333333335,0.766044443118978,0.6427876096865394,3,0,0,0
2026-06-04 03:25:00,3.4166666666666665,0.7798844830928817,0.6259234721840591,3,0,0,0
2026-06-04 03:30:00,3.5,0.7933533402912352,0.6087614290087207,3,0,0,0
2026-06-04 03:35:00,3.5833333333333335,0.8064446042674825,0.5913096483635825,3,0,0,0
2026-06-04 03:40:00,3.6666666666666665,0.8191520442889917,0.5735764363510462,3,0,0,0
2026-06-04 03:45:00,3.75,0.8314696123025451,0.5555702330196024,3,0,0,0
2026-06-04 03:50:00,3.8333333333333335,0.8433914458128856,0.5372996083468239,3,0,0,0
2026-06-04 03:55:00,3.9166666666666665,0.8549118706729466,0.5187732581605216,3,0,0,0
2026-06-04 04:00:00,4.0,0.8660254037844386,0.5000000000000001,3,0,0,0
2026-06-04 04:05:00,4.083333333333333,0.8767267557075077,0.48098876891938774,3,0,0,0
2026-06-04 04:10:00,4.166666666666667,0.8870108331782217,0.46174861323503386,3,0,0,0
2026-06-04 04:15:00,4.25,0.8968727415326884,0.44228869021900125,3,0,0,0
2026-06-04 04:20:00,4.333333333333333,0.9063077870366498,0.4226182617406996,3,0,0,0
2026-06-04 04:25:00,4.416666666666667,0.9153114791194471,0.40274668985873724,3,0,0,0
2026-06-04 04:30:00,4.5,0.9238795325112867,0.38268343236508984,3,0,0,0
2026-06-04 04:35:00,4.583333333333333,0.9320078692827984,0.3624380382837017,3,0,0,0
2026-06-04 04:40:00,4.666666666666667,0.9396926207859084,0.3420201433256686,3,0,0,0
2026-06-04 04:45:00,4.75,0.9469301294951056,0.3214394653031617,3,0,0,0
2026-06-04 04:50:00,4.833333333333333,0.9537169507482268,0.3007057995042733,3,0,0,0
2026-06-04 04:55:00,4.916666666666667,0.9600498543859287,0.27982901403099203,3,0,0,0
2026-06-04 05:00:00,5.0,0.9659258262890683,0.25881904510252074,3,0,0,0
2026-06-04 05:05:00,5.083333333333333,0.9713420698132614,0.2376858923261731,3,0,0,0
2026-06-04 05:10:00,5.166666666666667,0.9762960071199334,0.2164396139381029,3,0,0,0
2026-06-04 05:15:00,5.25,0.9807852804032304,0.19509032201612833,3,0,0,0
2026-06-04 05:20:00,5.333333333333333,0.984807753012208,0.17364817766693041,3,0,0,0
2026-06-04 05:25:00,5.416666666666667,0.9883615104677607,0.1521233861899168,3,0,0,0
2026-06-04 05:30:00,5.5,0.9914448613738104,0.1305261922200517,3,0,0,0
2026-06-04 05:35:00,5.583333333333333,0.9940563382223196,0.10886687485196474,3,0,0,0
2026-06-04 05:40:00,5.666666666666667,0.9961946980917455,0.08715574274765814,3,0,0,0
2026-06-04 05:45:00,5.75,0.9978589232386035,0.06540312923014327,3,0,0,0
2026-06-04 05:50:00,5.833333333333333,0.9990482215818578,0.04361938736533601,3,0,0,0
2026-06-04 05:55:00,5.916666666666667,0.9997620270799091,0.021814885034560937,3,0,0,0
2026-06-04 06:00:00,6.0,1.0,6.123233995736766e-17,3,0,0,0
2026-06-04 06:05:00,6.083333333333333,0.9997620270799091,-0.02181488503456081,3,0,0,0
2026-06-04 06:10:00,6.166666666666667,0.9990482215818578,-0.04361938736533589,3,0,0,0
2026-06-04 06:15:00,6.25,0.9978589232386035,-0.06540312923014314,3,0,0,0
2026-06-04 06:20:00,6.333333333333333,0.9961946980917455,-0.08715574274765801,3,0,0,0
2026-06-04 06:25:00,6.416666666666667,0.9940563382223196,-0.10886687485196461,3,0,0,0
2026-06-04 06:30:00,6.5,0.9914448613738104,-0.1305261922200516,3,0,0,0
2026-06-04 06:35:00,6.583333333333333,0.9883615104677607,-0.1521233861899167,3,0,0,0
2026-06-04 06:40:00,6.666666666666667,0.984807753012208,-0.1736481776669303,3,0,0,0
2026-06-04 06:45:00,6.75,0.9807852804032304,-0.1950903220161282,3,0,0,0
2026-06-04 06:50:00,6.833333333333333,0.9762960071199334,-0.2164396139381028,3,0,0,0
2026-06-04 06:55:00,6.916666666666667,0.9713420698132614,-0.23768589232617318,3,0,0,0
2026-06-04 07:00:00,7.0,0.9659258262890683,-0.25881904510252063,3,0,0,0
2026-06-04 07:05:00,7.083333333333333,0.9600498543859287,-0.2798290140309919,3,0,0,0
2026-06-04 07:10:00,7.166666666666667,0.9537169507482269,-0.30070579950427295,3,0,0,0
2026-06-04 07:15:00,7.25,0.9469301294951057,-0.3214394653031616,3,0,0,0
2026-06-04 07:20:00,7.333333333333333,0.9396926207859084,-0.3420201433256685,3,0,0,0
2026-06-04 07:25:00,7.416666666666667,0.9320078692827986,-0.3624380382837016,3,0,0,0
2026-06-04 07:30:00,7.5,0.9238795325112868,-0.3826834323650895,3,0,0,0
2026-06-04 07:35:00,7.583333333333333,0.9153114791194472,-0.40274668985873713,3,0,0,0
2026-06-04 07:40:00,7.666666666666667,0.90630778703665,-0.42261826174069933,3,0,0,0
2026-06-04 07:45:00,7.75,0.8968727415326884,-0.44228869021900113,3,0,0,0
2026-06-04 07:50:00,7.833333333333333,0.8870108331782218,-0.4617486132350338,3,0,0,0
2026-06-04 07:55:00,7.916666666666667,0.8767267557075076,-0.48098876891938785,3,0,0,0
2026-06-04 08:00:00,8.0,0.8660254037844387,-0.4999999999999998,3,0,0,0
2026-06-04 08:05:00,8.083333333333334,0.8549118706729465,-0.5187732581605216,3,0,0,0
2026-06-04 08:10:00,8.166666666666666,0.8433914458128858,-0.5372996083468236,3,0,0,0
2026-06-04 08:15:00,8.25,0.8314696123025451,-0.5555702330196023,3,0,0,0
2026-06-04 08:20:00,8.333333333333334,0.8191520442889917,-0.5735764363510462,3,0,0,0
2026-06-04 08:25:00,8.416666666666666,0.8064446042674828,-0.5913096483635821,3,0,0,0
2026-06-04 08:30:00,8.5,0.7933533402912352,-0.6087614290087207,3,0,0,0
2026-06-04 08:35:00,8.583333333333334,0.7798844830928817,-0.6259234721840591,3,0,0,0
2026-06-04 08:40:00,8.666666666666666,0.7660444431189783,-0.642787609686539,3,0,0,0
2026-06-04 08:45:00,8.75,0.7518398074789774,-0.6593458151000688,3,0,0,0
2026-06-04 08:50:00,8.833333333333334,0.7372773368101241,-0.6755902076156602,3,0,0,0
2026-06-04 08:55:00,8.916666666666666,0.7223639620597556,-0.6915130557822693,3,0,0,0
2026-06-04 09:00:00,9.0,0.7071067811865476,-0.7071067811865475,3,0,0,0
2026-06-04 09:05:00,9.083333333333334,0.6915130557822694,-0.7223639620597555,3,0,0,0
2026-06-04 09:10:00,9.166666666666666,0.6755902076156604,-0.737277336810124,3,0,0,0
2026-06-04 09:15:00,9.25,0.659345815100069,-0.7518398074789773,3,0,0,0
2026-06-04 09:20:00,9.333333333333334,0.6427876096865391,-0.7660444431189782,3,0,0,0
2026-06-04 09:25:00,9.416666666666666,0.6259234721840592,-0.7798844830928817,3,0,0,0
2026-06-04 09:30:00,9.5,0.6087614290087209,-0.793353340291235,3,0,0,0
2026-06-04 09:35:00,9.583333333333334,0.5913096483635822,-0.8064446042674827,3,0,0,0
2026-06-04 09:40:00,9.666666666666666,0.5735764363510464,-0.8191520442889916,3,0,0,0
2026-06-04 09:45:00,9.75,0.5555702330196025,-0.831469612302545,3,0,0,0
2026-06-04 09:50:00,9.833333333333334,0.5372996083468238,-0.8433914458128857,3,0,0,0
2026-06-04 09:55:00,9.916666666666666,0.5187732581605218,-0.8549118706729464,3,0,0,0
2026-06-04 10:00:00,10.0,0.49999999999999994,-0.8660254037844387,3,0,0,0
2026-06-04 10:05:00,10.083333333333334,0.48098876891938763,-0.8767267557075077,3,0,0,0
2026-06-04 10:10:00,10.166666666666666,0.4617486132350339,-0.8870108331782217,3,0,0,0
2026-06-04 10:15:00,10.25,0.4422886902190017,-0.8968727415326881,3,0,0,0
2026-06-04 10:20:00,10.333333333333334,0.4226182617406995,-0.9063077870366499,3,0,0,0
2026-06-04 10:25:00,10.416666666666666,0.4027466898587373,-0.9153114791194471,3,0,0,0
2026-06-04 10:30:00,10.5,0.3826834323650899,-0.9238795325112867,3,0,0,0
2026-06-04 10:35:00,10.583333333333334,0.36243803828370136,-0.9320078692827987,3,0,0,0
2026-06-04 10:40:00,10.666666666666666,0.3420201433256689,-0.9396926207859083,3,0,0,0
2026-06-04 10:45:00,10.75,0.32143946530316175,-0.9469301294951056,3,0,0,0
2026-06-04 10:50:00,10.833333333333334,0.30070579950427334,-0.9537169507482268,3,0,0,0
2026-06-04 10:55:00,10.916666666666666,0.2798290140309927,-0.9600498543859285,3,0,0,0
2026-06-04 11:00:00,11.0,0.258819045102521,-0.9659258262890682,3,0,0,0
2026-06-04 11:05:00,11.083333333333334,0.23768589232617293,-0.9713420698132614,3,0,0,0
2026-06-04 11:10:00,11.166666666666666,0.21643961393810318,-0.9762960071199333,3,0,0,0
2026-06-04 11:15:00,11.25,0.19509032201612816,-0.9807852804032304,3,0,0,0
2026-06-04 11:20:00,11.333333333333334,0.17364817766693028,-0.984807753012208,3,0,0,0
2026-06-04 11:25:00,11.416666666666666,0.15212338618991708,-0.9883615104677607,3,0,0,0
2026-06-04 11:30:00,11.5,0.130526192220052,-0.9914448613738104,3,0,0,0
2026-06-04 11:35:00,11.583333333333334,0.10886687485196457,-0.9940563382223196,3,0,0,0
2026-06-04 11:40:00,11.666666666666666,0.0871557427476582,-0.9961946980917455,3,0,0,0
2026-06-04 11:45:00,11.75,0.06540312923014312,-0.9978589232386035,3,0,0,0
2026-06-04 11:50:00,11.833333333333334,0.043619387365335625,-0.9990482215818578,3,0,0,0
2026-06-04 11:55:00,11.916666666666666,0.021814885034561218,-0.9997620270799091,3,0,0,0
2026-06-04 12:00:00,12.0,1.2246467991473532e-16,-1.0,3,0,0,0
2026-06-04 12:05:00,12.083333333333334,-0.021814885034560975,-0.9997620270799091,3,0,0,0
2026-06-04 12:10:00,12.166666666666666,-0.04361938736533538,-0.9990482215818578,3,0,0,0
2026-06-04 12:15:00,12.25,-0.06540312923014287,-0.9978589232386035,3,0,0,0
2026-06-04 12:20:00,12.333333333333334,-0.08715574274765794,-0.9961946980917455,3,0,0,0
2026-06-04 12:25:00,12.416666666666666,-0.10886687485196432,-0.9940563382223196,3,0,0,0
2026-06-04 12:30:00,12.5,-0.13052619222005177,-0.9914448613738104,3,0,0,0
2026-06-04 12:35:00,12.583333333333334,-0.15212338618991683,-0.9883615104677607,3,0,0,0
2026-06-04 12:40:00,12.666666666666666,-0.17364817766693003,-0.9848077530122081,3,0,0,0
2026-06-04 12:45:00,12.75,-0.19509032201612792,-0.9807852804032305,3,0,0,0
2026-06-04 12:50:00,12.833333333333334,-0.21643961393810293,-0.9762960071199334,3,0,0,0
2026-06-04 12:55:00,12.916666666666666,-0.2376858923261727,-0.9713420698132615,3,0,0,0
2026-06-04 13:00:00,13.0,-0.2588190451025208,-0.9659258262890683,3,0,0,0
2026-06-04 13:05:00,13.083333333333334,-0.2798290140309925,-0.9600498543859286,3,0,0,0
2026-06-04 13:10:00,13.166666666666666,-0.30070579950427306,-0.9537169507482269,3,0,0,0
2026-06-04 13:15:00,13.25,-0.32143946530316153,-0.9469301294951057,3,0,0,0
2026-06-04 13:20:00,13.333333333333334,-0.34202014332566866,-0.9396926207859084,3,0,0,0
2026-06-04 13:25:00,13.416666666666666,-0.36243803828370114,-0.9320078692827987,3,0,0,0
2026-06-04 13:30:00,13.5,-0.38268343236508967,-0.9238795325112868,3,0,0,0
2026-06-04 13:35:00,13.583333333333334,-0.4027466898587371,-0.9153114791194472,3,0,0,0
2026-06-04 13:40:00,13.666666666666666,-0.4226182617406993,-0.90630778703665,3,0,0,0
2026-06-04 13:45:00,13.75,-0.44228869021900147,-0.8968727415326883,3,0,0,0
2026-06-04 13:50:00,13.833333333333334,-0.46174861323503413,-0.8870108331782216,3,0,0,0
2026-06-04 13:55:00,13.916666666666666,-0.4809887689193874,-0.8767267557075078,3,0,0,0
2026-06-04 14:00:00,14.0,-0.4999999999999997,-0.8660254037844388,3,0,0,0
2026-06-04 14:05:00,14.083333333333334,-0.5187732581605216,-0.8549118706729465,3,0,0,0
2026-06-04 14:10:00,14.166666666666666,-0.5372996083468236,-0.8433914458128858,3,0,0,0
2026-06-04 14:15:00,14.25,-0.555570233019602,-0.8314696123025455,3,0,0,0
2026-06-04 14:20:00,14.333333333333334,-0.5735764363510458,-0.819152044288992,3,0,0,0
2026-06-04 14:25:00,14.416666666666666,-0.5913096483635824,-0.8064446042674825,3,0,0,0
2026-06-04 14:30:00,14.5,-0.6087614290087207,-0.7933533402912352,3,0,0,0
2026-06-04 14:35:00,14.583333333333334,-0.6259234721840591,-0.7798844830928818,3,0,0,0
2026-06-04 14:40:00,14.666666666666666,-0.6427876096865389,-0.7660444431189783,3,0,0,0
2026-06-04 14:45:00,14.75,-0.6593458151000688,-0.7518398074789774,3,0,0,0
2026-06-04 14:50:00,14.833333333333334,-0.6755902076156601,-0.7372773368101241,3,0,0,0
2026-06-04 14:55:00,14.916666666666666,-0.691513055782269,-0.722363962059756,3,0,0,0
2026-06-04 15:00:00,15.0,-0.7071067811865471,-0.7071067811865479,3,0,0,0
2026-06-04 15:05:00,15.083333333333334,-0.7223639620597557,-0.6915130557822692,3,0,0,0
2026-06-04 15:10:00,15.166666666666666,-0.7372773368101239,-0.6755902076156604,3,0,0,0
2026-06-04 15:15:00,15.25,-0.7518398074789773,-0.6593458151000691,3,0,0,0
2026-06-04 15:20:00,15.333333333333334,-0.7660444431189779,-0.6427876096865395,3,0,0,0
2026-06-04 15:25:00,15.416666666666666,-0.7798844830928814,-0.6259234721840596,3,0,0,0
2026-06-04 15:30:00,15.5,-0.7933533402912349,-0.6087614290087209,3,0,0,0
2026-06-04 15:35:00,15.583333333333334,-0.8064446042674827,-0.5913096483635822,3,0,0,0
2026-06-04 15:40:00,15.666666666666666,-0.8191520442889916,-0.5735764363510464,3,0,0,0
2026-06-04 15:45:00,15.75,-0.8314696123025452,-0.5555702330196022,3,0,0,0
2026-06-04 15:50:00,15.833333333333334,-0.8433914458128859,-0.5372996083468234,3,0,0,0
2026-06-04 15:55:00,15.916666666666666,-0.8549118706729466,-0.5187732581605214,3,0,0,0
2026-06-04 16:00:00,16.0,-0.8660254037844385,-0.5000000000000004,3,0,0,0
2026-06-04 16:05:00,16.083333333333332,-0.8767267557075072,-0.48098876891938847,3,0,0,0
2026-06-04 16:10:00,16.166666666666668,-0.8870108331782218,-0.4617486132350336,3,0,0,0
2026-06-04 16:15:00,16.25,-0.8968727415326883,-0.44228869021900136,3,0,0,0
2026-06-04 16:20:00,16.333333333333332,-0.9063077870366497,-0.42261826174069994,3,0,0,0
2026-06-04 16:25:00,16.416666666666668,-0.9153114791194471,-0.40274668985873735,3,0,0,0
2026-06-04 16:30:00,16.5,-0.9238795325112868,-0.3826834323650895,3,0,0,0
2026-06-04 16:35:00,16.583333333333332,-0.9320078692827984,-0.3624380382837018,3,0,0,0
2026-06-04 16:40:00,16.666666666666668,-0.9396926207859084,-0.34202014332566855,3,0,0,0
2026-06-04 16:45:00,16.75,-0.9469301294951056,-0.3214394653031618,3,0,0,0
2026-06-04 16:50:00,16.833333333333332,-0.9537169507482267,-0.3007057995042738,3,0,0,0
2026-06-04 16:55:00,16.916666666666668,-0.9600498543859286,-0.27982901403099236,3,0,0,0
2026-06-04 17:00:00,17.0,-0.9659258262890683,-0.25881904510252063,3,0,0,0
2026-06-04 17:05:00,17.083333333333332,-0.9713420698132613,-0.23768589232617343,3,0,0,0
2026-06-04 17:10:00,17.166666666666668,-0.9762960071199334,-0.21643961393810282,3,0,0,0
2026-06-04 17:15:00,17.25,-0.9807852804032303,-0.19509032201612866,3,0,0,0
2026-06-04 17:20:00,17.333333333333332,-0.9848077530122079,-0.1736481776669312,3,0,0,0
2026-06-04 17:25:00,17.416666666666668,-0.9883615104677608,-0.15212338618991628,3,0,0,0
2026-06-04 17:30:00,17.5,-0.9914448613738104,-0.13052619222005163,3,0,0,0
2026-06-04 17:35:00,17.583333333333332,-0.9940563382223195,-0.10886687485196507,3,0,0,0
2026-06-04 17:40:00,17.666666666666668,-0.9961946980917455,-0.08715574274765825,3,0,0,0
2026-06-04 17:45:00,17.75,-0.9978589232386035,-0.06540312923014273,3,0,0,0
2026-06-04 17:50:00,17.833333333333332,-0.9990482215818578,-0.04361938736533613,3,0,0,0
2026-06-04 17:55:00,17.916666666666668,-0.9997620270799091,-0.021814885034560836,3,0,0,0
2026-06-04 18:00:00,18.0,-1.0,-1.8369701987210297e-16,3,0,0,0
2026-06-04 18:05:00,18.083333333333332,-0.9997620270799091,0.021814885034560468,3,0,0,0
2026-06-04 18:10:00,18.166666666666668,-0.9990482215818578,0.043619387365335764,3,0,0,0
2026-06-04 18:15:00,18.25,-0.9978589232386036,0.06540312923014237,3,0,0,0
2026-06-04 18:20:00,18.333333333333332,-0.9961946980917455,0.08715574274765789,3,0,0,0
2026-06-04 18:25:00,18.416666666666668,-0.9940563382223196,0.10886687485196471,3,0,0,0
2026-06-04 18:30:00,18.5,-0.9914448613738105,0.13052619222005127,3,0,0,0
2026-06-04 18:35:00,18.583333333333332,-0.9883615104677609,0.15212338618991592,3,0,0,0
2026-06-04 18:40:00,18.666666666666668,-0.984807753012208,0.17364817766693083,3,0,0,0
2026-06-04 18:45:00,18.75,-0.9807852804032304,0.1950903220161283,3,0,0,0
2026-06-04 18:50:00,18.833333333333332,-0.9762960071199335,0.21643961393810246,3,0,0,0
2026-06-04 18:55:00,18.916666666666668,-0.9713420698132614,0.23768589232617307,3,0,0,0
2026-06-04 19:00:00,19.0,-0.9659258262890684,0.2588190451025203,3,0,0,0
2026-06-04 19:05:00,19.083333333333332,-0.9600498543859287,0.279829014030992,3,0,0,0
2026-06-04 19:10:00,19.166666666666668,-0.9537169507482268,0.30070579950427345,3,0,0,0
2026-06-04 19:15:00,19.25,-0.9469301294951057,0.3214394653031615,3,0,0,0
2026-06-04 19:20:00,19.333333333333332,-0.9396926207859085,0.34202014332566816,3,0,0,0
2026-06-04 19:25:00,19.416666666666668,-0.9320078692827986,0.36243803828370147,3,0,0,0
2026-06-04 19:30:00,19.5,-0.923879532511287,0.38268343236508917,3,0,0,0
2026-06-04 19:35:00,19.583333333333332,-0.9153114791194472,0.402746689858737,3,0,0,0
2026-06-04 19:40:00,19.666666666666668,-0.9063077870366498,0.4226182617406996,3,0,0,0
2026-06-04 19:45:00,19.75,-0.8968727415326884,0.442288690219001,3,0,0,0
2026-06-04 19:50:00,19.833333333333332,-0.887010833178222,0.46174861323503325,3,0,0,0
2026-06-04 19:55:00,19.916666666666668,-0.8767267557075075,0.48098876891938813,3,0,0,0
2026-06-04 20:00:00,20.0,-0.8660254037844386,0.5000000000000001,3,0,0,0
2026-06-04 20:05:00,20.083333333333332,-0.8549118706729468,0.5187732581605211,3,0,0,0
2026-06-04 20:10:00,20.166666666666668,-0.8433914458128857,0.5372996083468239,3,0,0,0
2026-06-04 20:15:00,20.25,-0.8314696123025455,0.5555702330196018,3,0,0,0
2026-06-04 20:20:00,20.333333333333332,-0.8191520442889918,0.573576436351046,3,0,0,0
2026-06-04 20:25:00,20.416666666666668,-0.8064446042674829,0.591309648363582,3,0,0,0
2026-06-04 20:30:00,20.5,-0.7933533402912357,0.6087614290087199,3,0,0,0
2026-06-04 20:35:00,20.583333333333332,-0.7798844830928816,0.6259234721840593,3,0,0,0
2026-06-04 20:40:00,20.666666666666668,-0.7660444431189781,0.6427876096865393,3,0,0,0
2026-06-04 20:45:00,20.75,-0.7518398074789772,0.6593458151000691,3,0,0,0
2026-06-04 20:50:00,20.833333333333332,-0.7372773368101242,0.6755902076156601,3,0,0,0
2026-06-04 20:55:00,20.916666666666668,-0.7223639620597554,0.6915130557822695,3,0,0,0
2026-06-04 21:00:00,21.0,-0.7071067811865477,0.7071067811865474,3,0,0,0
2026-06-04 21:05:00,21.083333333333332,-0.6915130557822698,0.7223639620597551,3,0,0,0
2026-06-04 21:10:00,21.166666666666668,-0.6755902076156598,0.7372773368101244,3,0,0,0
2026-06-04 21:15:00,21.25,-0.6593458151000687,0.7518398074789775,3,0,0,0
2026-06-04 21:20:00,21.333333333333332,-0.6427876096865396,0.7660444431189778,3,0,0,0
2026-06-04 21:25:00,21.416666666666668,-0.625923472184059,0.7798844830928818,3,0,0,0
2026-06-04 21:30:00,21.5,-0.608761429008721,0.7933533402912349,3,0,0,0
2026-06-04 21:35:00,21.583333333333332,-0.591309648363583,0.8064446042674821,3,0,0,0
2026-06-04 21:40:00,21.666666666666668,-0.5735764363510465,0.8191520442889916,3,0,0,0
2026-06-04 21:45:00,21.75,-0.555570233019603,0.8314696123025447,3,0,0,0
2026-06-04 21:50:00,21.833333333333332,-0.537299608346825,0.8433914458128849,3,0,0,0
2026-06-04 21:55:00,21.916666666666668,-0.5187732581605214,0.8549118706729466,3,0,0,0
2026-06-04 22:00:00,22.0,-0.5000000000000004,0.8660254037844384,3,0,0,0
2026-06-04 22:05:00,22.083333333333332,-0.48098876891938774,0.8767267557075077,3,0,0,0
2026-06-04 22:10:00,22.166666666666668,-0.46174861323503363,0.8870108331782218,3,0,0,0
2026-06-04 22:15:00,22.25,-0.4422886902190014,0.8968727415326883,3,0,0,0
2026-06-04 22:20:00,22.333333333333332,-0.4226182617407,0.9063077870366497,3,0,0,0
2026-06-04 22:25:00,22.416666666666668,-0.40274668985873663,0.9153114791194474,3,0,0,0
2026-06-04 22:30:00,22.5,-0.38268343236508956,0.9238795325112868,3,0,0,0
2026-06-04 22:35:00,22.583333333333332,-0.36243803828370186,0.9320078692827984,3,0,0,0
2026-06-04 22:40:00,22.666666666666668,-0.3420201433256686,0.9396926207859084,3,0,0,0
2026-06-04 22:45:00,22.75,-0.32143946530316186,0.9469301294951056,3,0,0,0
2026-06-04 22:50:00,22.833333333333332,-0.30070579950427384,0.9537169507482267,3,0,0,0
2026-06-04 22:55:00,22.916666666666668,-0.2798290140309924,0.9600498543859286,3,0,0,0
2026-06-04 23:00:00,23.0,-0.25881904510252157,0.9659258262890681,3,0,0,0
2026-06-04 23:05:00,23.083333333333332,-0.23768589232617435,0.9713420698132611,3,0,0,0
2026-06-04 23:10:00,23.166666666666668,-0.21643961393810288,0.9762960071199334,3,0,0,0
2026-06-04 23:15:00,23.25,-0.19509032201612872,0.9807852804032303,3,0,0,0
2026-06-04 23:20:00,23.333333333333332,-0.1736481776669304,0.984807753012208,3,0,0,0
2026-06-04 23:25:00,23.416666666666668,-0.1521233861899172,0.9883615104677607,3,0,0,0
2026-06-04 23:30:00,23.5,-0.13052619222005168,0.9914448613738104,3,0,0,0
2026-06-04 23:35:00,23.583333333333332,-0.10886687485196514,0.9940563382223195,3,0,0,0
2026-06-04 23:40:00,23.666666666666668,-0.08715574274765743,0.9961946980917455,3,0,0,0
2026-06-04 23:45:00,23.75,-0.0654031292301428,0.9978589232386035,3,0,0,0
2026-06-04 23:50:00,23.833333333333332,-0.043619387365336194,0.9990482215818578,3,0,0,0
2026-06-04 23:55:00,23.916666666666668,-0.0218148850345609,0.9997620270799091,3,0,0,0
2026-06-05 00:00:00,0.0,0.0,1.0,4,0,0,0
2026-06-05 00:05:00,0.08333333333333333,0.02181488503456112,0.9997620270799091,4,0,0,0
2026-06-05 00:10:00,0.16666666666666666,0.043619387365336,0.9990482215818578,4,0,0,0
2026-06-05 00:15:00,0.25,0.06540312923014306,0.9978589232386035,4,0,0,0
2026-06-05 00:20:00,0.3333333333333333,0.08715574274765817,0.9961946980917455,4,0,0,0
2026-06-05 00:25:00,0.4166666666666667,0.10886687485196457,0.9940563382223196,4,0,0,0
2026-06-05 00:30:00,0.5,0.13052619222005157,0.9914448613738104,4,0,0,0
2026-06-05 00:35:00,0.5833333333333334,0.15212338618991672,0.9883615104677607,4,0,0,0
2026-06-05 00:40:00,0.6666666666666666,0.17364817766693033,0.984807753012208,4,0,0,0
2026-06-05 00:45:00,0.75,0.19509032201612825,0.9807852804032304,4,0,0,0
2026-06-05 00:50:00,0.8333333333333334,0.21643961393810288,0.9762960071199334,4,0,0,0
2026-06-05 00:55:00,0.9166666666666666,0.23768589232617307,0.9713420698132614,4,0,0,0
2026-06-05 01:00:00,1.0,0.25881904510252074,0.9659258262890683,4,0,0,0
2026-06-05 01:05:00,1.0833333333333333,0.27982901403099203,0.9600498543859287,4,0,0,0
2026-06-05 01:10:00,1.1666666666666667,0.3007057995042732,0.9537169507482269,4,0,0,0
2026-06-05 01:15:00,1.25,0.3214394653031616,0.9469301294951057,4,0,0,0
2026-06-05 01:20:00,1.3333333333333333,0.3420201433256687,0.9396926207859084,4,0,0,0
2026-06-05 01:25:00,1.4166666666666667,0.36243803828370164,0.9320078692827986,4,0,0,0
2026-06-05 01:30:00,1.5,0.3826834323650898,0.9238795325112867,4,0,0,0
2026-06-05 01:35:00,1.5833333333333335,0.40274668985873724,0.9153114791194471,4,0,0,0
2026-06-05 01:40:00,1.6666666666666665,0.4226182617406994,0.9063077870366499,4,0,0,0
2026-06-05 01:45:00,1.75,0.44228869021900125,0.8968727415326884,4,0,0,0
2026-06-05 01:50:00,1.8333333333333335,0.46174861323503397,0.8870108331782217,4,0,0,0
2026-06-05 01:55:00,1.9166666666666665,0.48098876891938763,0.8767267557075077,4,0,0,0
2026-06-05 02:00:00,2.0,0.49999999999999994,0.8660254037844387,4,0,0,0
2026-06-05 02:05:00,2.0833333333333335,0.5187732581605214,0.8549118706729466,4,0,0,0
2026-06-05 02:10:00,2.1666666666666665,0.5372996083468238,0.8433914458128857,4,0,0,0
2026-06-05 02:15:00,2.25,0.5555702330196022,0.8314696123025452,4,0,0,0
2026-06-05 02:20:00,2.3333333333333335,0.5735764363510462,0.8191520442889918,4,0,0,0
2026-06-05 02:25:00,2.4166666666666665,0.5913096483635824,0.8064446042674827,4,0,0,0
2026-06-05 02:30:00,2.5,0.6087614290087207,0.7933533402912352,4,0,0,0
2026-06-05 02:35:00,2.5833333333333335,0.6259234721840591,0.7798844830928818,4,0,0,0
2026-06-05 02:40:00,2.6666666666666665,0.6427876096865393,0.766044443118978,4,0,0,0
2026-06-05 02:45:00,2.75,0.6593458151000688,0.7518398074789774,4,0,0,0
2026-06-05 02:50:00,2.8333333333333335,0.6755902076156602,0.7372773368101241,4,0,0,0
2026-06-05 02:55:00,2.9166666666666665,0.6915130557822694,0.7223639620597556,4,0,0,0
2026-06-05 03:00:00,3.0,0.7071067811865476,0.7071067811865476,4,0,0,0
2026-06-05 03:05:00,3.0833333333333335,0.7223639620597555,0.6915130557822694,4,0,0,0
2026-06-05 03:10:00,3.1666666666666665,0.737277336810124,0.6755902076156602,4,0,0,0
2026-06-05 03:15:00,3.25,0.7518398074789774,0.6593458151000688,4,0,0,0
2026-06-05 03:20:00,3.3333333333333335,0.766044443118978,0.6427876096865394,4,0,0,0
2026-06-05 03:25:00,3.4166666666666665,0.7798844830928817,0.6259234721840591,4,0,0,0
2026-06-05 03:30:00,3.5,0.7933533402912352,0.6087614290087207,4,0,0,0
2026-06-05 03:35:00,3.5833333333333335,0.8064446042674825,0.5913096483635825,4,0,0,0
2026-06-05 03:40:00,3.6666666666666665,0.8191520442889917,0.5735764363510462,4,0,0,0
2026-06-05 03:45:00,3.75,0.8314696123025451,0.5555702330196024,4,0,0,0
2026-06-05 03:50:00,3.8333333333333335,0.8433914458128856,0.5372996083468239,4,0,0,0
2026-06-05 03:55:00,3.9166666666666665,0.8549118706729466,0.5187732581605216,4,0,0,0
2026-06-05 04:00:00,4.0,0.8660254037844386,0.5000000000000001,4,0,0,0
2026-06-05 04:05:00,4.083333333333333,0.8767267557075077,0.48098876891938774,4,0,0,0
2026-06-05 04:10:00,4.166666666666667,0.8870108331782217,0.46174861323503386,4,0,0,0
2026-06-05 04:15:00,4.25,0.8968727415326884,0.44228869021900125,4,0,0,0
2026-06-05 04:20:00,4.333333333333333,0.9063077870366498,0.4226182617406996,4,0,0,0
2026-06-05 04:25:00,4.416666666666667,0.9153114791194471,0.40274668985873724,4,0,0,0
2026-06-05 04:30:00,4.5,0.9238795325112867,0.38268343236508984,4,0,0,0
2026-06-05 04:35:00,4.583333333333333,0.9320078692827984,0.3624380382837017,4,0,0,0
2026-06-05 04:40:00,4.666666666666667,0.9396926207859084,0.3420201433256686,4,0,0,0
2026-06-05 04:45:00,4.75,0.9469301294951056,0.3214394653031617,4,0,0,0
2026-06-05 04:50:00,4.833333333333333,0.9537169507482268,0.3007057995042733,4,0,0,0
2026-06-05 04:55:00,4.916666666666667,0.9600498543859287,0.27982901403099203,4,0,0,0
2026-06-05 05:00:00,5.0,0.9659258262890683,0.25881904510252074,4,0,0,0
2026-06-05 05:05:00,5.083333333333333,0.9713420698132614,0.2376858923261731,4,0,0,0
2026-06-05 05:10:00,5.166666666666667,0.9762960071199334,0.2164396139381029,4,0,0,0
2026-06-05 05:15:00,5.25,0.9807852804032304,0.19509032201612833,4,0,0,0
2026-06-05 05:20:00,5.333333333333333,0.984807753012208,0.17364817766693041,4,0,0,0
2026-06-05 05:25:00,5.416666666666667,0.9883615104677607,0.1521233861899168,4,0,0,0
2026-06-05 05:30:00,5.5,0.9914448613738104,0.1305261922200517,4,0,0,0
2026-06-05 05:35:00,5.583333333333333,0.9940563382223196,0.10886687485196474,4,0,0,0
2026-06-05 05:40:00,5.666666666666667,0.9961946980917455,0.08715574274765814,4,0,0,0
2026-06-05 05:45:00,5.75,0.9978589232386035,0.06540312923014327,4,0,0,0
2026-06-05 05:50:00,5.833333333333333,0.9990482215818578,0.04361938736533601,4,0,0,0
2026-06-05 05:55:00,5.916666666666667,0.9997620270799091,0.021814885034560937,4,0,0,0
2026-06-05 06:00:00,6.0,1.0,6.123233995736766e-17,4,0,0,0
2026-06-05 06:05:00,6.083333333333333,0.9997620270799091,-0.02181488503456081,4,0,0,0
2026-06-05 06:10:00,6.166666666666667,0.9990482215818578,-0.04361938736533589,4,0,0,0
2026-06-05 06:15:00,6.25,0.9978589232386035,-0.06540312923014314,4,0,0,0
2026-06-05 06:20:00,6.333333333333333,0.9961946980917455,-0.08715574274765801,4,0,0,0
2026-06-05 06:25:00,6.416666666666667,0.9940563382223196,-0.10886687485196461,4,0,0,0
2026-06-05 06:30:00,6.5,0.9914448613738104,-0.1305261922200516,4,0,0,0
2026-06-05 06:35:00,6.583333333333333,0.9883615104677607,-0.1521233861899167,4,0,0,0
2026-06-05 06:40:00,6.666666666666667,0.984807753012208,-0.1736481776669303,4,0,0,0
2026-06-05 06:45:00,6.75,0.9807852804032304,-0.1950903220161282,4,0,0,0
2026-06-05 06:50:00,6.833333333333333,0.9762960071199334,-0.2164396139381028,4,0,0,0
2026-06-05 06:55:00,6.916666666666667,0.9713420698132614,-0.23768589232617318,4,0,0,0
2026-06-05 07:00:00,7.0,0.9659258262890683,-0.25881904510252063,4,0,0,0
2026-06-05 07:05:00,7.083333333333333,0.9600498543859287,-0.2798290140309919,4,0,0,0
2026-06-05 07:10:00,7.166666666666667,0.9537169507482269,-0.30070579950427295,4,0,0,0
2026-06-05 07:15:00,7.25,0.9469301294951057,-0.3214394653031616,4,0,0,0
2026-06-05 07:20:00,7.333333333333333,0.9396926207859084,-0.3420201433256685,4,0,0,0
2026-06-05 07:25:00,7.416666666666667,0.9320078692827986,-0.3624380382837016,4,0,0,0
2026-06-05 07:30:00,7.5,0.9238795325112868,-0.3826834323650895,4,0,0,0
2026-06-05 07:35:00,7.583333333333333,0.9153114791194472,-0.40274668985873713,4,0,0,0
2026-06-05 07:40:00,7.666666666666667,0.90630778703665,-0.42261826174069933,4,0,0,0
2026-06-05 07:45:00,7.75,0.8968727415326884,-0.44228869021900113,4,0,0,0
2026-06-05 07:50:00,7.833333333333333,0.8870108331782218,-0.4617486132350338,4,0,0,0
2026-06-05 07:55:00,7.916666666666667,0.8767267557075076,-0.48098876891938785,4,0,0,0
2026-06-05 08:00:00,8.0,0.8660254037844387,-0.4999999999999998,4,0,0,0
2026-06-05 08:05:00,8.083333333333334,0.8549118706729465,-0.5187732581605216,4,0,0,0
2026-06-05 08:10:00,8.166666666666666,0.8433914458128858,-0.5372996083468236,4,0,0,0
2026-06-05 08:15:00,8.25,0.8314696123025451,-0.5555702330196023,4,0,0,0
2026-06-05 08:20:00,8.333333333333334,0.8191520442889917,-0.5735764363510462,4,0,0,0
2026-06-05 08:25:00,8.416666666666666,0.8064446042674828,-0.5913096483635821,4,0,0,0
2026-06-05 08:30:00,8.5,0.7933533402912352,-0.6087614290087207,4,0,0,0
2026-06-05 08:35:00,8.583333333333334,0.7798844830928817,-0.6259234721840591,4,0,0,0
2026-06-05 08:40:00,8.666666666666666,0.7660444431189783,-0.642787609686539,4,0,0,0
2026-06-05 08:45:00,8.75,0.7518398074789774,-0.6593458151000688,4,0,0,0
2026-06-05 08:50:00,8.833333333333334,0.7372773368101241,-0.6755902076156602,4,0,0,0
2026-06-05 08:55:00,8.916666666666666,0.7223639620597556,-0.6915130557822693,4,0,0,0
2026-06-05 09:00:00,9.0,0.7071067811865476,-0.7071067811865475,4,0,0,0
2026-06-05 09:05:00,9.083333333333334,0.6915130557822694,-0.7223639620597555,4,0,0,0
2026-06-05 09:10:00,9.166666666666666,0.6755902076156604,-0.737277336810124,4,0,0,0
2026-06-05 09:15:00,9.25,0.659345815100069,-0.7518398074789773,4,0,0,0
2026-06-05 09:20:00,9.333333333333334,0.6427876096865391,-0.7660444431189782,4,0,0,0
2026-06-05 09:25:00,9.416666666666666,0.6259234721840592,-0.7798844830928817,4,0,0,0
2026-06-05 09:30:00,9.5,0.6087614290087209,-0.793353340291235,4,0,0,0
2026-06-05 09:35:00,9.583333333333334,0.5913096483635822,-0.8064446042674827,4,0,0,0
2026-06-05 09:40:00,9.666666666666666,0.5735764363510464,-0.8191520442889916,4,0,0,0
2026-06-05 09:45:00,9.75,0.5555702330196025,-0.831469612302545,4,0,0,0
2026-06-05 09:50:00,9.833333333333334,0.5372996083468238,-0.8433914458128857,4,0,0,0
2026-06-05 09:55:00,9.916666666666666,0.5187732581605218,-0.8549118706729464,4,0,0,0
2026-06-05 10:00:00,10.0,0.49999999999999994,-0.8660254037844387,4,0,0,0
2026-06-05 10:05:00,10.083333333333334,0.48098876891938763,-0.8767267557075077,4,0,0,0
2026-06-05 10:10:00,10.166666666666666,0.4617486132350339,-0.8870108331782217,4,0,0,0
2026-06-05 10:15:00,10.25,0.4422886902190017,-0.8968727415326881,4,0,0,0
2026-06-05 10:20:00,10.333333333333334,0.4226182617406995,-0.9063077870366499,4,0,0,0
2026-06-05 10:25:00,10.416666666666666,0.4027466898587373,-0.9153114791194471,4,0,0,0
2026-06-05 10:30:00,10.5,0.3826834323650899,-0.9238795325112867,4,0,0,0
2026-06-05 10:35:00,10.583333333333334,0.36243803828370136,-0.9320078692827987,4,0,0,0
2026-06-05 10:40:00,10.666666666666666,0.3420201433256689,-0.9396926207859083,4,0,0,0
2026-06-05 10:45:00,10.75,0.32143946530316175,-0.9469301294951056,4,0,0,0
2026-06-05 10:50:00,10.833333333333334,0.30070579950427334,-0.9537169507482268,4,0,0,0
2026-06-05 10:55:00,10.916666666666666,0.2798290140309927,-0.9600498543859285,4,0,0,0
2026-06-05 11:00:00,11.0,0.258819045102521,-0.9659258262890682,4,0,0,0
2026-06-05 11:05:00,11.083333333333334,0.23768589232617293,-0.9713420698132614,4,0,0,0
2026-06-05 11:10:00,11.166666666666666,0.21643961393810318,-0.9762960071199333,4,0,0,0
2026-06-05 11:15:00,11.25,0.19509032201612816,-0.9807852804032304,4,0,0,0
2026-06-05 11:20:00,11.333333333333334,0.17364817766693028,-0.984807753012208,4,0,0,0
2026-06-05 11:25:00,11.416666666666666,0.15212338618991708,-0.9883615104677607,4,0,0,0
2026-06-05 11:30:00,11.5,0.130526192220052,-0.9914448613738104,4,0,0,0
2026-06-05 11:35:00,11.583333333333334,0.10886687485196457,-0.9940563382223196,4,0,0,0
2026-06-05 11:40:00,11.666666666666666,0.0871557427476582,-0.9961946980917455,4,0,0,0
2026-06-05 11:45:00,11.75,0.06540312923014312,-0.9978589232386035,4,0,0,0
2026-06-05 11:50:00,11.833333333333334,0.043619387365335625,-0.9990482215818578,4,0,0,0
2026-06-05 11:55:00,11.916666666666666,0.021814885034561218,-0.9997620270799091,4,0,0,0
2026-06-05 12:00:00,12.0,1.2246467991473532e-16,-1.0,4,0,0,0
2026-06-05 12:05:00,12.083333333333334,-0.021814885034560975,-0.9997620270799091,4,0,0,0
2026-06-05 12:10:00,12.166666666666666,-0.04361938736533538,-0.9990482215818578,4,0,0,0
2026-06-05 12:15:00,12.25,-0.06540312923014287,-0.9978589232386035,4,0,0,0
2026-06-05 12:20:00,12.333333333333334,-0.08715574274765794,-0.9961946980917455,4,0,0,0
2026-06-05 12:25:00,12.416666666666666,-0.10886687485196432,-0.9940563382223196,4,0,0,0
2026-06-05 12:30:00,12.5,-0.13052619222005177,-0.9914448613738104,4,0,0,0
2026-06-05 12:35:00,12.583333333333334,-0.15212338618991683,-0.9883615104677607,4,0,0,0
2026-06-05 12:40:00,12.666666666666666,-0.17364817766693003,-0.9848077530122081,4,0,0,0
2026-06-05 12:45:00,12.75,-0.19509032201612792,-0.9807852804032305,4,0,0,0
2026-06-05 12:50:00,12.833333333333334,-0.21643961393810293,-0.9762960071199334,4,0,0,0
2026-06-05 12:55:00,12.916666666666666,-0.2376858923261727,-0.9713420698132615,4,0,0,0
2026-06-05 13:00:00,13.0,-0.2588190451025208,-0.9659258262890683,4,0,0,0
2026-06-05 13:05:00,13.083333333333334,-0.2798290140309925,-0.9600498543859286,4,0,0,0
2026-06-05 13:10:00,13.166666666666666,-0.30070579950427306,-0.9537169507482269,4,0,0,0
2026-06-05 13:15:00,13.25,-0.32143946530316153,-0.9469301294951057,4,0,0,0
2026-06-05 13:20:00,13.333333333333334,-0.34202014332566866,-0.9396926207859084,4,0,0,0
2026-06-05 13:25:00,13.416666666666666,-0.36243803828370114,-0.9320078692827987,4,0,0,0
2026-06-05 13:30:00,13.5,-0.38268343236508967,-0.9238795325112868,4,0,0,0
2026-06-05 13:35:00,13.583333333333334,-0.4027466898587371,-0.9153114791194472,4,0,0,0
2026-06-05 13:40:00,13.666666666666666,-0.4226182617406993,-0.90630778703665,4,0,0,0
2026-06-05 13:45:00,13.75,-0.44228869021900147,-0.8968727415326883,4,0,0,0
2026-06-05 13:50:00,13.833333333333334,-0.46174861323503413,-0.8870108331782216,4,0,0,0
2026-06-05 13:55:00,13.916666666666666,-0.4809887689193874,-0.8767267557075078,4,0,0,0
2026-06-05 14:00:00,14.0,-0.4999999999999997,-0.8660254037844388,4,0,0,0
2026-06-05 14:05:00,14.083333333333334,-0.5187732581605216,-0.8549118706729465,4,0,0,0
2026-06-05 14:10:00,14.166666666666666,-0.5372996083468236,-0.8433914458128858,4,0,0,0
2026-06-05 14:15:00,14.25,-0.555570233019602,-0.8314696123025455,4,0,0,0
2026-06-05 14:20:00,14.333333333333334,-0.5735764363510458,-0.819152044288992,4,0,0,0
2026-06-05 14:25:00,14.416666666666666,-0.5913096483635824,-0.8064446042674825,4,0,0,0
2026-06-05 14:30:00,14.5,-0.6087614290087207,-0.7933533402912352,4,0,0,0
2026-06-05 14:35:00,14.583333333333334,-0.6259234721840591,-0.7798844830928818,4,0,0,0
2026-06-05 14:40:00,14.666666666666666,-0.6427876096865389,-0.7660444431189783,4,0,0,0
2026-06-05 14:45:00,14.75,-0.6593458151000688,-0.7518398074789774,4,0,0,0
2026-06-05 14:50:00,14.833333333333334,-0.6755902076156601,-0.7372773368101241,4,0,0,0
2026-06-05 14:55:00,14.916666666666666,-0.691513055782269,-0.722363962059756,4,0,0,0
2026-06-05 15:00:00,15.0,-0.7071067811865471,-0.7071067811865479,4,0,0,0
2026-06-05 15:05:00,15.083333333333334,-0.7223639620597557,-0.6915130557822692,4,0,0,0
2026-06-05 15:10:00,15.166666666666666,-0.7372773368101239,-0.6755902076156604,4,0,0,0
2026-06-05 15:15:00,15.25,-0.7518398074789773,-0.6593458151000691,4,0,0,0
2026-06-05 15:20:00,15.333333333333334,-0.7660444431189779,-0.6427876096865395,4,0,0,0
2026-06-05 15:25:00,15.416666666666666,-0.7798844830928814,-0.6259234721840596,4,0,0,0
2026-06-05 15:30:00,15.5,-0.7933533402912349,-0.6087614290087209,4,0,0,0
2026-06-05 15:35:00,15.583333333333334,-0.8064446042674827,-0.5913096483635822,4,0,0,0
2026-06-05 15:40:00,15.666666666666666,-0.8191520442889916,-0.5735764363510464,4,0,0,0
2026-06-05 15:45:00,15.75,-0.8314696123025452,-0.5555702330196022,4,0,0,0
2026-06-05 15:50:00,15.833333333333334,-0.8433914458128859,-0.5372996083468234,4,0,0,0
2026-06-05 15:55:00,15.916666666666666,-0.8549118706729466,-0.5187732581605214,4,0,0,0
2026-06-05 16:00:00,16.0,-0.8660254037844385,-0.5000000000000004,4,0,0,0
2026-06-05 16:05:00,16.083333333333332,-0.8767267557075072,-0.48098876891938847,4,0,0,0
2026-06-05 16:10:00,16.166666666666668,-0.8870108331782218,-0.4617486132350336,4,0,0,0
2026-06-05 16:15:00,16.25,-0.8968727415326883,-0.44228869021900136,4,0,0,0
2026-06-05 16:20:00,16.333333333333332,-0.9063077870366497,-0.42261826174069994,4,0,0,0
2026-06-05 16:25:00,16.416666666666668,-0.9153114791194471,-0.40274668985873735,4,0,0,0
2026-06-05 16:30:00,16.5,-0.9238795325112868,-0.3826834323650895,4,0,0,0
2026-06-05 16:35:00,16.583333333333332,-0.9320078692827984,-0.3624380382837018,4,0,0,0
2026-06-05 16:40:00,16.666666666666668,-0.9396926207859084,-0.34202014332566855,4,0,0,0
2026-06-05 16:45:00,16.75,-0.9469301294951056,-0.3214394653031618,4,0,0,0
2026-06-05 16:50:00,16.833333333333332,-0.9537169507482267,-0.3007057995042738,4,0,0,0
2026-06-05 16:55:00,16.916666666666668,-0.9600498543859286,-0.27982901403099236,4,0,0,0
2026-06-05 17:00:00,17.0,-0.9659258262890683,-0.25881904510252063,4,0,0,0
2026-06-05 17:05:00,17.083333333333332,-0.9713420698132613,-0.23768589232617343,4,0,0,0
2026-06-05 17:10:00,17.166666666666668,-0.9762960071199334,-0.21643961393810282,4,0,0,0
2026-06-05 17:15:00,17.25,-0.9807852804032303,-0.19509032201612866,4,0,0,0
2026-06-05 17:20:00,17.333333333333332,-0.9848077530122079,-0.1736481776669312,4,0,0,0
2026-06-05 17:25:00,17.416666666666668,-0.9883615104677608,-0.15212338618991628,4,0,0,0
2026-06-05 17:30:00,17.5,-0.9914448613738104,-0.13052619222005163,4,0,0,0
2026-06-05 17:35:00,17.583333333333332,-0.9940563382223195,-0.10886687485196507,4,0,0,0
2026-06-05 17:40:00,17.666666666666668,-0.9961946980917455,-0.08715574274765825,4,0,0,0
2026-06-05 17:45:00,17.75,-0.9978589232386035,-0.06540312923014273,4,0,0,0
2026-06-05 17:50:00,17.833333333333332,-0.9990482215818578,-0.04361938736533613,4,0,0,0
2026-06-05 17:55:00,17.916666666666668,-0.9997620270799091,-0.021814885034560836,4,0,0,0
2026-06-05 18:00:00,18.0,-1.0,-1.8369701987210297e-16,4,0,0,0
2026-06-05 18:05:00,18.083333333333332,-0.9997620270799091,0.021814885034560468,4,0,0,0
2026-06-05 18:10:00,18.166666666666668,-0.9990482215818578,0.043619387365335764,4,0,0,0
2026-06-05 18:15:00,18.25,-0.9978589232386036,0.06540312923014237,4,0,0,0
2026-06-05 18:20:00,18.333333333333332,-0.9961946980917455,0.08715574274765789,4,0,0,0
2026-06-05 18:25:00,18.416666666666668,-0.9940563382223196,0.10886687485196471,4,0,0,0
2026-06-05 18:30:00,18.5,-0.9914448613738105,0.13052619222005127,4,0,0,0
2026-06-05 18:35:00,18.583333333333332,-0.9883615104677609,0.15212338618991592,4,0,0,0
2026-06-05 18:40:00,18.666666666666668,-0.984807753012208,0.17364817766693083,4,0,0,0
2026-06-05 18:45:00,18.75,-0.9807852804032304,0.1950903220161283,4,0,0,0
2026-06-05 18:50:00,18.833333333333332,-0.9762960071199335,0.21643961393810246,4,0,0,0
2026-06-05 18:55:00,18.916666666666668,-0.9713420698132614,0.23768589232617307,4,0,0,0
2026-06-05 19:00:00,19.0,-0.9659258262890684,0.2588190451025203,4,0,0,0
2026-06-05 19:05:00,19.083333333333332,-0.9600498543859287,0.279829014030992,4,0,0,0
2026-06-05 19:10:00,19.166666666666668,-0.9537169507482268,0.30070579950427345,4,0,0,0
2026-06-05 19:15:00,19.25,-0.9469301294951057,0.3214394653031615,4,0,0,0
2026-06-05 19:20:00,19.333333333333332,-0.9396926207859085,0.34202014332566816,4,0,0,0
2026-06-05 19:25:00,19.416666666666668,-0.9320078692827986,0.36243803828370147,4,0,0,0
2026-06-05 19:30:00,19.5,-0.923879532511287,0.38268343236508917,4,0,0,0
2026-06-05 19:35:00,19.583333333333332,-0.9153114791194472,0.402746689858737,4,0,0,0
2026-06-05 19:40:00,19.666666666666668,-0.9063077870366498,0.4226182617406996,4,0,0,0
2026-06-05 19:45:00,19.75,-0.8968727415326884,0.442288690219001,4,0,0,0
2026-06-05 19:50:00,19.833333333333332,-0.887010833178222,0.46174861323503325,4,0,0,0
2026-06-05 19:55:00,19.916666666666668,-0.8767267557075075,0.48098876891938813,4,0,0,0
2026-06-05 20:00:00,20.0,-0.8660254037844386,0.5000000000000001,4,0,0,0
2026-06-05 20:05:00,20.083333333333332,-0.8549118706729468,0.5187732581605211,4,0,0,0
2026-06-05 20:10:00,20.166666666666668,-0.8433914458128857,0.5372996083468239,4,0,0,0
2026-06-05 20:15:00,20.25,-0.8314696123025455,0.5555702330196018,4,0,0,0
2026-06-05 20:20:00,20.333333333333332,-0.8191520442889918,0.573576436351046,4,0,0,0
2026-06-05 20:25:00,20.416666666666668,-0.8064446042674829,0.591309648363582,4,0,0,0
2026-06-05 20:30:00,20.5,-0.7933533402912357,0.6087614290087199,4,0,0,0
2026-06-05 20:35:00,20.583333333333332,-0.7798844830928816,0.6259234721840593,4,0,0,0
2026-06-05 20:40:00,20.666666666666668,-0.7660444431189781,0.6427876096865393,4,0,0,0
2026-06-05 20:45:00,20.75,-0.7518398074789772,0.6593458151000691,4,0,0,0
2026-06-05 20:50:00,20.833333333333332,-0.7372773368101242,0.6755902076156601,4,0,0,0
2026-06-05 20:55:00,20.916666666666668,-0.7223639620597554,0.6915130557822695,4,0,0,0
2026-06-05 21:00:00,21.0,-0.7071067811865477,0.7071067811865474,4,0,0,0
2026-06-05 21:05:00,21.083333333333332,-0.6915130557822698,0.7223639620597551,4,0,0,0
2026-06-05 21:10:00,21.166666666666668,-0.6755902076156598,0.7372773368101244,4,0,0,0
2026-06-05 21:15:00,21.25,-0.6593458151000687,0.7518398074789775,4,0,0,0
2026-06-05 21:20:00,21.333333333333332,-0.6427876096865396,0.7660444431189778,4,0,0,0
2026-06-05 21:25:00,21.416666666666668,-0.625923472184059,0.7798844830928818,4,0,0,0
2026-06-05 21:30:00,21.5,-0.608761429008721,0.7933533402912349,4,0,0,0
2026-06-05 21:35:00,21.583333333333332,-0.591309648363583,0.8064446042674821,4,0,0,0
2026-06-05 21:40:00,21.666666666666668,-0.5735764363510465,0.8191520442889916,4,0,0,0
2026-06-05 21:45:00,21.75,-0.555570233019603,0.8314696123025447,4,0,0,0
2026-06-05 21:50:00,21.833333333333332,-0.537299608346825,0.8433914458128849,4,0,0,0
2026-06-05 21:55:00,21.916666666666668,-0.5187732581605214,0.8549118706729466,4,0,0,0
2026-06-05 22:00:00,22.0,-0.5000000000000004,0.8660254037844384,4,0,0,0
2026-06-05 22:05:00,22.083333333333332,-0.48098876891938774,0.8767267557075077,4,0,0,0
2026-06-05 22:10:00,22.166666666666668,-0.46174861323503363,0.8870108331782218,4,0,0,0
2026-06-05 22:15:00,22.25,-0.4422886902190014,0.8968727415326883,4,0,0,0
2026-06-05 22:20:00,22.333333333333332,-0.4226182617407,0.9063077870366497,4,0,0,0
2026-06-05 22:25:00,22.416666666666668,-0.40274668985873663,0.9153114791194474,4,0,0,0
2026-06-05 22:30:00,22.5,-0.38268343236508956,0.9238795325112868,4,0,0,0
2026-06-05 22:35:00,22.583333333333332,-0.36243803828370186,0.9320078692827984,4,0,0,0
2026-06-05 22:40:00,22.666666666666668,-0.3420201433256686,0.9396926207859084,4,0,0,0
2026-06-05 22:45:00,22.75,-0.32143946530316186,0.9469301294951056,4,0,0,0
2026-06-05 22:50:00,22.833333333333332,-0.30070579950427384,0.9537169507482267,4,0,0,0
2026-06-05 22:55:00,22.916666666666668,-0.2798290140309924,0.9600498543859286,4,0,0,0
2026-06-05 23:00:00,23.0,-0.25881904510252157,0.9659258262890681,4,0,0,0
2026-06-05 23:05:00,23.083333333333332,-0.23768589232617435,0.9713420698132611,4,0,0,0
2026-06-05 23:10:00,23.166666666666668,-0.21643961393810288,0.9762960071199334,4,0,0,0
2026-06-05 23:15:00,23.25,-0.19509032201612872,0.9807852804032303,4,0,0,0
2026-06-05 23:20:00,23.333333333333332,-0.1736481776669304,0.984807753012208,4,0,0,0
2026-06-05 23:25:00,23.416666666666668,-0.1521233861899172,0.9883615104677607,4,0,0,0
2026-06-05 23:30:00,23.5,-0.13052619222005168,0.9914448613738104,4,0,0,0
2026-06-05 23:35:00,23.583333333333332,-0.10886687485196514,0.9940563382223195,4,0,0,0
2026-06-05 23:40:00,23.666666666666668,-0.08715574274765743,0.9961946980917455,4,0,0,0
2026-06-05 23:45:00,23.75,-0.0654031292301428,0.9978589232386035,4,0,0,0
2026-06-05 23:50:00,23.833333333333332,-0.043619387365336194,0.9990482215818578,4,0,0,0
2026-06-05 23:55:00,23.916666666666668,-0.0218148850345609,0.9997620270799091,4,0,0,0
2026-06-06 00:00:00,0.0,0.0,1.0,5,1,0,0
2026-06-06 00:05:00,0.08333333333333333,0.02181488503456112,0.9997620270799091,5,1,0,1
2026-06-06 00:10:00,0.16666666666666666,0.043619387365336,0.9990482215818578,5,1,0,1
2026-06-06 00:15:00,0.25,0.06540312923014306,0.9978589232386035,5,1,0,0
2026-06-06 00:20:00,0.3333333333333333,0.08715574274765817,0.9961946980917455,5,1,0,0
2026-06-06 00:25:00,0.4166666666666667,0.10886687485196457,0.9940563382223196,5,1,0,0
2026-06-06 00:30:00,0.5,0.13052619222005157,0.9914448613738104,5,1,0,0
2026-06-06 00:35:00,0.5833333333333334,0.15212338618991672,0.9883615104677607,5,1,0,1
2026-06-06 00:40:00,0.6666666666666666,0.17364817766693033,0.984807753012208,5,1,0,0
2026-06-06 00:45:00,0.75,0.19509032201612825,0.9807852804032304,5,1,0,1
2026-06-06 00:50:00,0.8333333333333334,0.21643961393810288,0.9762960071199334,5,1,0,0
2026-06-06 00:55:00,0.9166666666666666,0.23768589232617307,0.9713420698132614,5,1,0,1
2026-06-06 01:00:00,1.0,0.25881904510252074,0.9659258262890683,5,1,0,1
2026-06-06 01:05:00,1.0833333333333333,0.27982901403099203,0.9600498543859287,5,1,0,0
2026-06-06 01:10:00,1.1666666666666667,0.3007057995042732,0.9537169507482269,5,1,0,0
2026-06-06 01:15:00,1.25,0.3214394653031616,0.9469301294951057,5,1,0,0
2026-06-06 01:20:00,1.3333333333333333,0.3420201433256687,0.9396926207859084,5,1,0,0
2026-06-06 01:25:00,1.4166666666666667,0.36243803828370164,0.9320078692827986,5,1,0,0
2026-06-06 01:30:00,1.5,0.3826834323650898,0.9238795325112867,5,1,0,0
2026-06-06 01:35:00,1.5833333333333335,0.40274668985873724,0.9153114791194471,5,1,0,0
2026-06-06 01:40:00,1.6666666666666665,0.4226182617406994,0.9063077870366499,5,1,0,0
2026-06-06 01:45:00,1.75,0.44228869021900125,0.8968727415326884,5,1,0,0
2026-06-06 01:50:00,1.8333333333333335,0.46174861323503397,0.8870108331782217,5,1,0,0
2026-06-06 01:55:00,1.9166666666666665,0.48098876891938763,0.8767267557075077,5,1,0,0
2026-06-06 02:00:00,2.0,0.49999999999999994,0.8660254037844387,5,1,0,0
2026-06-06 02:05:00,2.0833333333333335,0.5187732581605214,0.8549118706729466,5,1,0,1
2026-06-06 02:10:00,2.1666666666666665,0.5372996083468238,0.8433914458128857,5,1,0,0
2026-06-06 02:15:00,2.25,0.5555702330196022,0.8314696123025452,5,1,0,0
2026-06-06 02:20:00,2.3333333333333335,0.5735764363510462,0.8191520442889918,5,1,0,0
2026-06-06 02:25:00,2.4166666666666665,0.5913096483635824,0.8064446042674827,5,1,0,0
2026-06-06 02:30:00,2.5,0.6087614290087207,0.7933533402912352,5,1,0,0
2026-06-06 02:35:00,2.5833333333333335,0.6259234721840591,0.7798844830928818,5,1,0,0
2026-06-06 02:40:00,2.6666666666666665,0.6427876096865393,0.766044443118978,5,1,0,0
2026-06-06 02:45:00,2.75,0.6593458151000688,0.7518398074789774,5,1,0,1
2026-06-06 02:50:00,2.8333333333333335,0.6755902076156602,0.7372773368101241,5,1,0,1
2026-06-06 02:55:00,2.9166666666666665,0.6915130557822694,0.7223639620597556,5,1,0,1
2026-06-06 03:00:00,3.0,0.7071067811865476,0.7071067811865476,5,1,0,0
2026-06-06 03:05:00,3.0833333333333335,0.7223639620597555,0.6915130557822694,5,1,0,0
2026-06-06 03:10:00,3.1666666666666665,0.737277336810124,0.6755902076156602,5,1,0,0
2026-06-06 03:15:00,3.25,0.7518398074789774,0.6593458151000688,5,1,0,0
2026-06-06 03:20:00,3.3333333333333335,0.766044443118978,0.6427876096865394,5,1,0,0
2026-06-06 03:25:00,3.4166666666666665,0.7798844830928817,0.6259234721840591,5,1,0,0
2026-06-06 03:30:00,3.5,0.7933533402912352,0.6087614290087207,5,1,0,0
2026-06-06 03:35:00,3.5833333333333335,0.8064446042674825,0.5913096483635825,5,1,0,1
2026-06-06 03:40:00,3.6666666666666665,0.8191520442889917,0.5735764363510462,5,1,0,0
2026-06-06 03:45:00,3.75,0.8314696123025451,0.5555702330196024,5,1,0,0
2026-06-06 03:50:00,3.8333333333333335,0.8433914458128856,0.5372996083468239,5,1,0,0
2026-06-06 03:55:00,3.9166666666666665,0.8549118706729466,0.5187732581605216,5,1,0,0
2026-06-06 04:00:00,4.0,0.8660254037844386,0.5000000000000001,5,1,0,0
2026-06-06 04:05:00,4.083333333333333,0.8767267557075077,0.48098876891938774,5,1,0,0
2026-06-06 04:10:00,4.166666666666667,0.8870108331782217,0.46174861323503386,5,1,0,1
2026-06-06 04:15:00,4.25,0.8968727415326884,0.44228869021900125,5,1,0,1
2026-06-06 04:20:00,4.333333333333333,0.9063077870366498,0.4226182617406996,5,1,0,1
2026-06-06 04:25:00,4.416666666666667,0.9153114791194471,0.40274668985873724,5,1,0,1
2026-06-06 04:30:00,4.5,0.9238795325112867,0.38268343236508984,5,1,0,0
2026-06-06 04:35:00,4.583333333333333,0.9320078692827984,0.3624380382837017,5,1,0,1
2026-06-06 04:40:00,4.666666666666667,0.9396926207859084,0.3420201433256686,5,1,0,0
2026-06-06 04:45:00,4.75,0.9469301294951056,0.3214394653031617,5,1,0,0
2026-06-06 04:50:00,4.833333333333333,0.9537169507482268,0.3007057995042733,5,1,0,0
2026-06-06 04:55:00,4.916666666666667,0.9600498543859287,0.27982901403099203,5,1,0,0
2026-06-06 05:00:00,5.0,0.9659258262890683,0.25881904510252074,5,1,0,0
2026-06-06 05:05:00,5.083333333333333,0.9713420698132614,0.2376858923261731,5,1,0,0
2026-06-06 05:10:00,5.166666666666667,0.9762960071199334,0.2164396139381029,5,1,0,1
2026-06-06 05:15:00,5.25,0.9807852804032304,0.19509032201612833,5,1,0,0
2026-06-06 05:20:00,5.333333333333333,0.984807753012208,0.17364817766693041,5,1,0,0
2026-06-06 05:25:00,5.416666666666667,0.9883615104677607,0.1521233861899168,5,1,0,0
2026-06-06 05:30:00,5.5,0.9914448613738104,0.1305261922200517,5,1,0,0
2026-06-06 05:35:00,5.583333333333333,0.9940563382223196,0.10886687485196474,5,1,0,1
2026-06-06 05:40:00,5.666666666666667,0.9961946980917455,0.08715574274765814,5,1,0,0
2026-06-06 05:45:00,5.75,0.9978589232386035,0.06540312923014327,5,1,0,1
2026-06-06 05:50:00,5.833333333333333,0.9990482215818578,0.04361938736533601,5,1,0,1
2026-06-06 05:55:00,5.916666666666667,0.9997620270799091,0.021814885034560937,5,1,0,0
2026-06-06 06:00:00,6.0,1.0,6.123233995736766e-17,5,1,0,0
2026-06-06 06:05:00,6.083333333333333,0.9997620270799091,-0.02181488503456081,5,1,0,1
2026-06-06 06:10:00,6.166666666666667,0.9990482215818578,-0.04361938736533589,5,1,0,1
2026-06-06 06:15:00,6.25,0.9978589232386035,-0.06540312923014314,5,1,0,1
2026-06-06 06:20:00,6.333333333333333,0.9961946980917455,-0.08715574274765801,5,1,0,1
2026-06-06 06:25:00,6.416666666666667,0.9940563382223196,-0.10886687485196461,5,1,0,0
2026-06-06 06:30:00,6.5,0.9914448613738104,-0.1305261922200516,5,1,0,0
2026-06-06 06:35:00,6.583333333333333,0.9883615104677607,-0.1521233861899167,5,1,0,0
2026-06-06 06:40:00,6.666666666666667,0.984807753012208,-0.1736481776669303,5,1,0,1
2026-06-06 06:45:00,6.75,0.9807852804032304,-0.1950903220161282,5,1,0,0
2026-06-06 06:50:00,6.833333333333333,0.9762960071199334,-0.2164396139381028,5,1,0,0
2026-06-06 06:55:00,6.916666666666667,0.9713420698132614,-0.23768589232617318,5,1,0,0
2026-06-06 07:00:00,7.0,0.9659258262890683,-0.25881904510252063,5,1,0,0
2026-06-06 07:05:00,7.083333333333333,0.9600498543859287,-0.2798290140309919,5,1,0,0
2026-06-06 07:10:00,7.166666666666667,0.9537169507482269,-0.30070579950427295,5,1,0,1
2026-06-06 07:15:00,7.25,0.9469301294951057,-0.3214394653031616,5,1,0,0
2026-06-06 07:20:00,7.333333333333333,0.9396926207859084,-0.3420201433256685,5,1,0,1
2026-06-06 07:25:00,7.416666666666667,0.9320078692827986,-0.3624380382837016,5,1,0,0
2026-06-06 07:30:00,7.5,0.9238795325112868,-0.3826834323650895,5,1,0,0
2026-06-06 07:35:00,7.583333333333333,0.9153114791194472,-0.40274668985873713,5,1,0,1
2026-06-06 07:40:00,7.666666666666667,0.90630778703665,-0.42261826174069933,5,1,0,1
2026-06-06 07:45:00,7.75,0.8968727415326884,-0.44228869021900113,5,1,0,0
2026-06-06 07:50:00,7.833333333333333,0.8870108331782218,-0.4617486132350338,5,1,0,1
2026-06-06 07:55:00,7.916666666666667,0.8767267557075076,-0.48098876891938785,5,1,0,0
2026-06-06 08:00:00,8.0,0.8660254037844387,-0.4999999999999998,5,1,0,0
2026-06-06 08:05:00,8.083333333333334,0.8549118706729465,-0.5187732581605216,5,1,0,0
2026-06-06 08:10:00,8.166666666666666,0.8433914458128858,-0.5372996083468236,5,1,0,0
2026-06-06 08:15:00,8.25,0.8314696123025451,-0.5555702330196023,5,1,0,0
2026-06-06 08:20:00,8.333333333333334,0.8191520442889917,-0.5735764363510462,5,1,0,0
2026-06-06 08:25:00,8.416666666666666,0.8064446042674828,-0.5913096483635821,5,1,0,0
2026-06-06 08:30:00,8.5,0.7933533402912352,-0.6087614290087207,5,1,0,0
2026-06-06 08:35:00,8.583333333333334,0.7798844830928817,-0.6259234721840591,5,1,0,0
2026-06-06 08:40:00,8.666666666666666,0.7660444431189783,-0.642787609686539,5,1,0,1
2026-06-06 08:45:00,8.75,0.7518398074789774,-0.6593458151000688,5,1,0,0
2026-06-06 08:50:00,8.833333333333334,0.7372773368101241,-0.6755902076156602,5,1,0,0
2026-06-06 08:55:00,8.916666666666666,0.7223639620597556,-0.6915130557822693,5,1,0,1
2026-06-06 09:00:00,9.0,0.7071067811865476,-0.7071067811865475,5,1,0,0
2026-06-06 09:05:00,9.083333333333334,0.6915130557822694,-0.7223639620597555,5,1,0,0
2026-06-06 09:10:00,9.166666666666666,0.6755902076156604,-0.737277336810124,5,1,0,0
2026-06-06 09:15:00,9.25,0.659345815100069,-0.7518398074789773,5,1,0,0
2026-06-06 09:20:00,9.333333333333334,0.6427876096865391,-0.7660444431189782,5,1,0,1
2026-06-06 09:25:00,9.416666666666666,0.6259234721840592,-0.7798844830928817,5,1,0,1
2026-06-06 09:30:00,9.5,0.6087614290087209,-0.793353340291235,5,1,0,0
2026-06-06 09:35:00,9.583333333333334,0.5913096483635822,-0.8064446042674827,5,1,0,1
2026-06-06 09:40:00,9.666666666666666,0.5735764363510464,-0.8191520442889916,5,1,0,1
2026-06-06 09:45:00,9.75,0.5555702330196025,-0.831469612302545,5,1,0,0
2026-06-06 09:50:00,9.833333333333334,0.5372996083468238,-0.8433914458128857,5,1,0,1
2026-06-06 09:55:00,9.916666666666666,0.5187732581605218,-0.8549118706729464,5,1,0,0
2026-06-06 10:00:00,10.0,0.49999999999999994,-0.8660254037844387,5,1,0,1
2026-06-06 10:05:00,10.083333333333334,0.48098876891938763,-0.8767267557075077,5,1,0,1
2026-06-06 10:10:00,10.166666666666666,0.4617486132350339,-0.8870108331782217,5,1,0,0
2026-06-06 10:15:00,10.25,0.4422886902190017,-0.8968727415326881,5,1,0,0
2026-06-06 10:20:00,10.333333333333334,0.4226182617406995,-0.9063077870366499,5,1,0,0
2026-06-06 10:25:00,10.416666666666666,0.4027466898587373,-0.9153114791194471,5,1,0,0
2026-06-06 10:30:00,10.5,0.3826834323650899,-0.9238795325112867,5,1,0,1
2026-06-06 10:35:00,10.583333333333334,0.36243803828370136,-0.9320078692827987,5,1,0,1
2026-06-06 10:40:00,10.666666666666666,0.3420201433256689,-0.9396926207859083,5,1,0,0
2026-06-06 10:45:00,10.75,0.32143946530316175,-0.9469301294951056,5,1,0,0
2026-06-06 10:50:00,10.833333333333334,0.30070579950427334,-0.9537169507482268,5,1,0,0
2026-06-06 10:55:00,10.916666666666666,0.2798290140309927,-0.9600498543859285,5,1,0,0
2026-06-06 11:00:00,11.0,0.258819045102521,-0.9659258262890682,5,1,0,0
2026-06-06 11:05:00,11.083333333333334,0.23768589232617293,-0.9713420698132614,5,1,0,0
2026-06-06 11:10:00,11.166666666666666,0.21643961393810318,-0.9762960071199333,5,1,0,1
2026-06-06 11:15:00,11.25,0.19509032201612816,-0.9807852804032304,5,1,0,0
2026-06-06 11:20:00,11.333333333333334,0.17364817766693028,-0.984807753012208,5,1,0,0
2026-06-06 11:25:00,11.416666666666666,0.15212338618991708,-0.9883615104677607,5,1,0,1
2026-06-06 11:30:00,11.5,0.130526192220052,-0.9914448613738104,5,1,0,0
2026-06-06 11:35:00,11.583333333333334,0.10886687485196457,-0.9940563382223196,5,1,0,1
2026-06-06 11:40:00,11.666666666666666,0.0871557427476582,-0.9961946980917455,5,1,0,1
2026-06-06 11:45:00,11.75,0.06540312923014312,-0.9978589232386035,5,1,0,0
2026-06-06 11:50:00,11.833333333333334,0.043619387365335625,-0.9990482215818578,5,1,0,0
2026-06-06 11:55:00,11.916666666666666,0.021814885034561218,-0.9997620270799091,5,1,0,0
2026-06-06 12:00:00,12.0,1.2246467991473532e-16,-1.0,5,1,0,0
2026-06-06 12:05:00,12.083333333333334,-0.021814885034560975,-0.9997620270799091,5,1,0,0
2026-06-06 12:10:00,12.166666666666666,-0.04361938736533538,-0.9990482215818578,5,1,0,0
2026-06-06 12:15:00,12.25,-0.06540312923014287,-0.9978589232386035,5,1,0,0
2026-06-06 12:20:00,12.333333333333334,-0.08715574274765794,-0.9961946980917455,5,1,0,0
2026-06-06 12:25:00,12.416666666666666,-0.10886687485196432,-0.9940563382223196,5,1,0,0
2026-06-06 12:30:00,12.5,-0.13052619222005177,-0.9914448613738104,5,1,0,1
2026-06-06 12:35:00,12.583333333333334,-0.15212338618991683,-0.9883615104677607,5,1,0,0
2026-06-06 12:40:00,12.666666666666666,-0.17364817766693003,-0.9848077530122081,5,1,0,0
2026-06-06 12:45:00,12.75,-0.19509032201612792,-0.9807852804032305,5,1,0,0
2026-06-06 12:50:00,12.833333333333334,-0.21643961393810293,-0.9762960071199334,5,1,0,1
2026-06-06 12:55:00,12.916666666666666,-0.2376858923261727,-0.9713420698132615,5,1,0,0
2026-06-06 13:00:00,13.0,-0.2588190451025208,-0.9659258262890683,5,1,0,0
2026-06-06 13:05:00,13.083333333333334,-0.2798290140309925,-0.9600498543859286,5,1,0,1
2026-06-06 13:10:00,13.166666666666666,-0.30070579950427306,-0.9537169507482269,5,1,0,0
2026-06-06 13:15:00,13.25,-0.32143946530316153,-0.9469301294951057,5,1,0,1
2026-06-06 13:20:00,13.333333333333334,-0.34202014332566866,-0.9396926207859084,5,1,0,0
2026-06-06 13:25:00,13.416666666666666,-0.36243803828370114,-0.9320078692827987,5,1,0,0
2026-06-06 13:30:00,13.5,-0.38268343236508967,-0.9238795325112868,5,1,0,0
2026-06-06 13:35:00,13.583333333333334,-0.4027466898587371,-0.9153114791194472,5,1,0,0
2026-06-06 13:40:00,13.666666666666666,-0.4226182617406993,-0.90630778703665,5,1,0,0
2026-06-06 13:45:00,13.75,-0.44228869021900147,-0.8968727415326883,5,1,0,1
2026-06-06 13:50:00,13.833333333333334,-0.46174861323503413,-0.8870108331782216,5,1,0,0
2026-06-06 13:55:00,13.916666666666666,-0.4809887689193874,-0.8767267557075078,5,1,0,0
2026-06-06 14:00:00,14.0,-0.4999999999999997,-0.8660254037844388,5,1,0,0
2026-06-06 14:05:00,14.083333333333334,-0.5187732581605216,-0.8549118706729465,5,1,0,0
2026-06-06 14:10:00,14.166666666666666,-0.5372996083468236,-0.8433914458128858,5,1,0,0
2026-06-06 14:15:00,14.25,-0.555570233019602,-0.8314696123025455,5,1,0,0
2026-06-06 14:20:00,14.333333333333334,-0.5735764363510458,-0.819152044288992,5,1,0,0
2026-06-06 14:25:00,14.416666666666666,-0.5913096483635824,-0.8064446042674825,5,1,0,0
2026-06-06 14:30:00,14.5,-0.6087614290087207,-0.7933533402912352,5,1,0,0
2026-06-06 14:35:00,14.583333333333334,-0.6259234721840591,-0.7798844830928818,5,1,0,0
2026-06-06 14:40:00,14.666666666666666,-0.6427876096865389,-0.7660444431189783,5,1,0,0
2026-06-06 14:45:00,14.75,-0.6593458151000688,-0.7518398074789774,5,1,0,0
2026-06-06 14:50:00,14.833333333333334,-0.6755902076156601,-0.7372773368101241,5,1,0,1
2026-06-06 14:55:00,14.916666666666666,-0.691513055782269,-0.722363962059756,5,1,0,0
2026-06-06 15:00:00,15.0,-0.7071067811865471,-0.7071067811865479,5,1,0,0
2026-06-06 15:05:00,15.083333333333334,-0.7223639620597557,-0.6915130557822692,5,1,0,0
2026-06-06 15:10:00,15.166666666666666,-0.7372773368101239,-0.6755902076156604,5,1,0,1
2026-06-06 15:15:00,15.25,-0.7518398074789773,-0.6593458151000691,5,1,0,1
2026-06-06 15:20:00,15.333333333333334,-0.7660444431189779,-0.6427876096865395,5,1,0,0
2026-06-06 15:25:00,15.416666666666666,-0.7798844830928814,-0.6259234721840596,5,1,0,0
2026-06-06 15:30:00,15.5,-0.7933533402912349,-0.6087614290087209,5,1,0,1
2026-06-06 15:35:00,15.583333333333334,-0.8064446042674827,-0.5913096483635822,5,1,0,0
2026-06-06 15:40:00,15.666666666666666,-0.8191520442889916,-0.5735764363510464,5,1,0,0
2026-06-06 15:45:00,15.75,-0.8314696123025452,-0.5555702330196022,5,1,0,0
2026-06-06 15:50:00,15.833333333333334,-0.8433914458128859,-0.5372996083468234,5,1,0,0
2026-06-06 15:55:00,15.916666666666666,-0.8549118706729466,-0.5187732581605214,5,1,0,1
2026-06-06 16:00:00,16.0,-0.8660254037844385,-0.5000000000000004,5,1,0,1
2026-06-06 16:05:00,16.083333333333332,-0.8767267557075072,-0.48098876891938847,5,1,0,0
2026-06-06 16:10:00,16.166666666666668,-0.8870108331782218,-0.4617486132350336,5,1,0,0
2026-06-06 16:15:00,16.25,-0.8968727415326883,-0.44228869021900136,5,1,0,0
2026-06-06 16:20:00,16.333333333333332,-0.9063077870366497,-0.42261826174069994,5,1,0,1
2026-06-06 16:25:00,16.416666666666668,-0.9153114791194471,-0.40274668985873735,5,1,0,1
2026-06-06 16:30:00,16.5,-0.9238795325112868,-0.3826834323650895,5,1,0,1
2026-06-06 16:35:00,16.583333333333332,-0.9320078692827984,-0.3624380382837018,5,1,0,1
2026-06-06 16:40:00,16.666666666666668,-0.9396926207859084,-0.34202014332566855,5,1,0,0
2026-06-06 16:45:00,16.75,-0.9469301294951056,-0.3214394653031618,5,1,0,0
2026-06-06 16:50:00,16.833333333333332,-0.9537169507482267,-0.3007057995042738,5,1,0,0
2026-06-06 16:55:00,16.916666666666668,-0.9600498543859286,-0.27982901403099236,5,1,0,1
2026-06-06 17:00:00,17.0,-0.9659258262890683,-0.25881904510252063,5,1,0,0
2026-06-06 17:05:00,17.083333333333332,-0.9713420698132613,-0.23768589232617343,5,1,0,0
2026-06-06 17:10:00,17.166666666666668,-0.9762960071199334,-0.21643961393810282,5,1,0,0
2026-06-06 17:15:00,17.25,-0.9807852804032303,-0.19509032201612866,5,1,0,0
2026-06-06 17:20:00,17.333333333333332,-0.9848077530122079,-0.1736481776669312,5,1,0,0
2026-06-06 17:25:00,17.416666666666668,-0.9883615104677608,-0.15212338618991628,5,1,0,0
2026-06-06 17:30:00,17.5,-0.9914448613738104,-0.13052619222005163,5,1,0,0
2026-06-06 17:35:00,17.583333333333332,-0.9940563382223195,-0.10886687485196507,5,1,0,0
2026-06-06 17:40:00,17.666666666666668,-0.9961946980917455,-0.08715574274765825,5,1,0,0
2026-06-06 17:45:00,17.75,-0.9978589232386035,-0.06540312923014273,5,1,0,0
2026-06-06 17:50:00,17.833333333333332,-0.9990482215818578,-0.04361938736533613,5,1,0,1
2026-06-06 17:55:00,17.916666666666668,-0.9997620270799091,-0.021814885034560836,5,1,0,0
2026-06-06 18:00:00,18.0,-1.0,-1.8369701987210297e-16,5,1,0,0
2026-06-06 18:05:00,18.083333333333332,-0.9997620270799091,0.021814885034560468,5,1,0,1
2026-06-06 18:10:00,18.166666666666668,-0.9990482215818578,0.043619387365335764,5,1,0,0
2026-06-06 18:15:00,18.25,-0.9978589232386036,0.06540312923014237,5,1,0,1
2026-06-06 18:20:00,18.333333333333332,-0.9961946980917455,0.08715574274765789,5,1,0,0
2026-06-06 18:25:00,18.416666666666668,-0.9940563382223196,0.10886687485196471,5,1,0,0
2026-06-06 18:30:00,18.5,-0.9914448613738105,0.13052619222005127,5,1,0,0
2026-06-06 18:35:00,18.583333333333332,-0.9883615104677609,0.15212338618991592,5,1,0,0
2026-06-06 18:40:00,18.666666666666668,-0.984807753012208,0.17364817766693083,5,1,0,0
2026-06-06 18:45:00,18.75,-0.9807852804032304,0.1950903220161283,5,1,0,0
2026-06-06 18:50:00,18.833333333333332,-0.9762960071199335,0.21643961393810246,5,1,0,1
2026-06-06 18:55:00,18.916666666666668,-0.9713420698132614,0.23768589232617307,5,1,0,0
2026-06-06 19:00:00,19.0,-0.9659258262890684,0.2588190451025203,5,1,0,1
2026-06-06 19:05:00,19.083333333333332,-0.9600498543859287,0.279829014030992,5,1,0,0
2026-06-06 19:10:00,19.166666666666668,-0.9537169507482268,0.30070579950427345,5,1,0,1
2026-06-06 19:15:00,19.25,-0.9469301294951057,0.3214394653031615,5,1,0,0
2026-06-06 19:20:00,19.333333333333332,-0.9396926207859085,0.34202014332566816,5,1,0,0
2026-06-06 19:25:00,19.416666666666668,-0.9320078692827986,0.36243803828370147,5,1,0,0
2026-06-06 19:30:00,19.5,-0.923879532511287,0.38268343236508917,5,1,0,0
2026-06-06 19:35:00,19.583333333333332,-0.9153114791194472,0.402746689858737,5,1,0,1
2026-06-06 19:40:00,19.666666666666668,-0.9063077870366498,0.4226182617406996,5,1,0,0
2026-06-06 19:45:00,19.75,-0.8968727415326884,0.442288690219001,5,1,0,0
2026-06-06 19:50:00,19.833333333333332,-0.887010833178222,0.46174861323503325,5,1,0,0
2026-06-06 19:55:00,19.916666666666668,-0.8767267557075075,0.48098876891938813,5,1,0,0
2026-06-06 20:00:00,20.0,-0.8660254037844386,0.5000000000000001,5,1,0,1
2026-06-06 20:05:00,20.083333333333332,-0.8549118706729468,0.5187732581605211,5,1,0,1
2026-06-06 20:10:00,20.166666666666668,-0.8433914458128857,0.5372996083468239,5,1,0,1
2026-06-06 20:15:00,20.25,-0.8314696123025455,0.5555702330196018,5,1,0,0
2026-06-06 20:20:00,20.333333333333332,-0.8191520442889918,0.573576436351046,5,1,0,0
2026-06-06 20:25:00,20.416666666666668,-0.8064446042674829,0.591309648363582,5,1,0,1
2026-06-06 20:30:00,20.5,-0.7933533402912357,0.6087614290087199,5,1,0,0
2026-06-06 20:35:00,20.583333333333332,-0.7798844830928816,0.6259234721840593,5,1,0,1
2026-06-06 20:40:00,20.666666666666668,-0.7660444431189781,0.6427876096865393,5,1,0,1
2026-06-06 20:45:00,20.75,-0.7518398074789772,0.6593458151000691,5,1,0,1
2026-06-06 20:50:00,20.833333333333332,-0.7372773368101242,0.6755902076156601,5,1,0,0
2026-06-06 20:55:00,20.916666666666668,-0.7223639620597554,0.6915130557822695,5,1,0,0
2026-06-06 21:00:00,21.0,-0.7071067811865477,0.7071067811865474,5,1,0,1
2026-06-06 21:05:00,21.083333333333332,-0.6915130557822698,0.7223639620597551,5,1,0,0
2026-06-06 21:10:00,21.166666666666668,-0.6755902076156598,0.7372773368101244,5,1,0,0
2026-06-06 21:15:00,21.25,-0.6593458151000687,0.7518398074789775,5,1,0,0
2026-06-06 21:20:00,21.333333333333332,-0.6427876096865396,0.7660444431189778,5,1,0,1
2026-06-06 21:25:00,21.416666666666668,-0.625923472184059,0.7798844830928818,5,1,0,0
2026-06-06 21:30:00,21.5,-0.608761429008721,0.7933533402912349,5,1,0,0
2026-06-06 21:35:00,21.583333333333332,-0.591309648363583,0.8064446042674821,5,1,0,0
2026-06-06 21:40:00,21.666666666666668,-0.5735764363510465,0.8191520442889916,5,1,0,0
2026-06-06 21:45:00,21.75,-0.555570233019603,0.8314696123025447,5,1,0,1
2026-06-06 21:50:00,21.833333333333332,-0.537299608346825,0.8433914458128849,5,1,0,0
2026-06-06 21:55:00,21.916666666666668,-0.5187732581605214,0.8549118706729466,5,1,0,0
2026-06-06 22:00:00,22.0,-0.5000000000000004,0.8660254037844384,5,1,0,1
2026-06-06 22:05:00,22.083333333333332,-0.48098876891938774,0.8767267557075077,5,1,0,1
2026-06-06 22:10:00,22.166666666666668,-0.46174861323503363,0.8870108331782218,5,1,0,0
2026-06-06 22:15:00,22.25,-0.4422886902190014,0.8968727415326883,5,1,0,1
2026-06-06 22:20:00,22.333333333333332,-0.4226182617407,0.9063077870366497,5,1,0,0
2026-06-06 22:25:00,22.416666666666668,-0.40274668985873663,0.9153114791194474,5,1,0,0
2026-06-06 22:30:00,22.5,-0.38268343236508956,0.9238795325112868,5,1,0,1
2026-06-06 22:35:00,22.583333333333332,-0.36243803828370186,0.9320078692827984,5,1,0,1
2026-06-06 22:40:00,22.666666666666668,-0.3420201433256686,0.9396926207859084,5,1,0,1
2026-06-06 22:45:00,22.75,-0.32143946530316186,0.9469301294951056,5,1,0,1
2026-06-06 22:50:00,22.833333333333332,-0.30070579950427384,0.9537169507482267,5,1,0,0
2026-06-06 22:55:00,22.916666666666668,-0.2798290140309924,0.9600498543859286,5,1,0,0
2026-06-06 23:00:00,23.0,-0.25881904510252157,0.9659258262890681,5,1,0,1
2026-06-06 23:05:00,23.083333333333332,-0.23768589232617435,0.9713420698132611,5,1,0,0
2026-06-06 23:10:00,23.166666666666668,-0.21643961393810288,0.9762960071199334,5,1,0,1
2026-06-06 23:15:00,23.25,-0.19509032201612872,0.9807852804032303,5,1,0,1
2026-06-06 23:20:00,23.333333333333332,-0.1736481776669304,0.984807753012208,5,1,0,1
2026-06-06 23:25:00,23.416666666666668,-0.1521233861899172,0.9883615104677607,5,1,0,0
2026-06-06 23:30:00,23.5,-0.13052619222005168,0.9914448613738104,5,1,0,0
2026-06-06 23:35:00,23.583333333333332,-0.10886687485196514,0.9940563382223195,5,1,0,0
2026-06-06 23:40:00,23.666666666666668,-0.08715574274765743,0.9961946980917455,5,1,0,0
2026-06-06 23:45:00,23.75,-0.0654031292301428,0.9978589232386035,5,1,0,0
2026-06-06 23:50:00,23.833333333333332,-0.043619387365336194,0.9990482215818578,5,1,0,0
2026-06-06 23:55:00,23.916666666666668,-0.0218148850345609,0.9997620270799091,5,1,0,0
2026-06-07 00:00:00,0.0,0.0,1.0,6,1,0,0
2026-06-07 00:05:00,0.08333333333333333,0.02181488503456112,0.9997620270799091,6,1,0,0
2026-06-07 00:10:00,0.16666666666666666,0.043619387365336,0.9990482215818578,6,1,0,0
2026-06-07 00:15:00,0.25,0.06540312923014306,0.9978589232386035,6,1,0,0
2026-06-07 00:20:00,0.3333333333333333,0.08715574274765817,0.9961946980917455,6,1,0,1
2026-06-07 00:25:00,0.4166666666666667,0.10886687485196457,0.9940563382223196,6,1,0,0
2026-06-07 00:30:00,0.5,0.13052619222005157,0.9914448613738104,6,1,0,0
2026-06-07 00:35:00,0.5833333333333334,0.15212338618991672,0.9883615104677607,6,1,0,0
2026-06-07 00:40:00,0.6666666666666666,0.17364817766693033,0.984807753012208,6,1,0,1
2026-06-07 00:45:00,0.75,0.19509032201612825,0.9807852804032304,6,1,0,0
2026-06-07 00:50:00,0.8333333333333334,0.21643961393810288,0.9762960071199334,6,1,0,0
2026-06-07 00:55:00,0.9166666666666666,0.23768589232617307,0.9713420698132614,6,1,0,0
2026-06-07 01:00:00,1.0,0.25881904510252074,0.9659258262890683,6,1,0,0
2026-06-07 01:05:00,1.0833333333333333,0.27982901403099203,0.9600498543859287,6,1,0,0
2026-06-07 01:10:00,1.1666666666666667,0.3007057995042732,0.9537169507482269,6,1,0,0
2026-06-07 01:15:00,1.25,0.3214394653031616,0.9469301294951057,6,1,0,0
2026-06-07 01:20:00,1.3333333333333333,0.3420201433256687,0.9396926207859084,6,1,0,1
2026-06-07 01:25:00,1.4166666666666667,0.36243803828370164,0.9320078692827986,6,1,0,1
2026-06-07 01:30:00,1.5,0.3826834323650898,0.9238795325112867,6,1,0,0
2026-06-07 01:35:00,1.5833333333333335,0.40274668985873724,0.9153114791194471,6,1,0,0
2026-06-07 01:40:00,1.6666666666666665,0.4226182617406994,0.9063077870366499,6,1,0,1
2026-06-07 01:45:00,1.75,0.44228869021900125,0.8968727415326884,6,1,0,0
2026-06-07 01:50:00,1.8333333333333335,0.46174861323503397,0.8870108331782217,6,1,0,0
2026-06-07 01:55:00,1.9166666666666665,0.48098876891938763,0.8767267557075077,6,1,0,0
2026-06-07 02:00:00,2.0,0.49999999999999994,0.8660254037844387,6,1,0,0
2026-06-07 02:05:00,2.0833333333333335,0.5187732581605214,0.8549118706729466,6,1,0,1
2026-06-07 02:10:00,2.1666666666666665,0.5372996083468238,0.8433914458128857,6,1,0,1
2026-06-07 02:15:00,2.25,0.5555702330196022,0.8314696123025452,6,1,0,0
2026-06-07 02:20:00,2.3333333333333335,0.5735764363510462,0.8191520442889918,6,1,0,0
2026-06-07 02:25:00,2.4166666666666665,0.5913096483635824,0.8064446042674827,6,1,0,0
2026-06-07 02:30:00,2.5,0.6087614290087207,0.7933533402912352,6,1,0,0
2026-06-07 02:35:00,2.5833333333333335,0.6259234721840591,0.7798844830928818,6,1,0,0
2026-06-07 02:40:00,2.6666666666666665,0.6427876096865393,0.766044443118978,6,1,0,0
2026-06-07 02:45:00,2.75,0.6593458151000688,0.7518398074789774,6,1,0,1
2026-06-07 02:50:00,2.8333333333333335,0.6755902076156602,0.7372773368101241,6,1,0,0
2026-06-07 02:55:00,2.9166666666666665,0.6915130557822694,0.7223639620597556,6,1,0,0
2026-06-07 03:00:00,3.0,0.7071067811865476,0.7071067811865476,6,1,0,1
2026-06-07 03:05:00,3.0833333333333335,0.7223639620597555,0.6915130557822694,6,1,0,1
2026-06-07 03:10:00,3.1666666666666665,0.737277336810124,0.6755902076156602,6,1,0,0
2026-06-07 03:15:00,3.25,0.7518398074789774,0.6593458151000688,6,1,0,0
2026-06-07 03:20:00,3.3333333333333335,0.766044443118978,0.6427876096865394,6,1,0,0
2026-06-07 03:25:00,3.4166666666666665,0.7798844830928817,0.6259234721840591,6,1,0,0
2026-06-07 03:30:00,3.5,0.7933533402912352,0.6087614290087207,6,1,0,0
2026-06-07 03:35:00,3.5833333333333335,0.8064446042674825,0.5913096483635825,6,1,0,1
2026-06-07 03:40:00,3.6666666666666665,0.8191520442889917,0.5735764363510462,6,1,0,0
2026-06-07 03:45:00,3.75,0.8314696123025451,0.5555702330196024,6,1,0,0
2026-06-07 03:50:00,3.8333333333333335,0.8433914458128856,0.5372996083468239,6,1,0,0
2026-06-07 03:55:00,3.9166666666666665,0.8549118706729466,0.5187732581605216,6,1,0,0
2026-06-07 04:00:00,4.0,0.8660254037844386,0.5000000000000001,6,1,0,1
2026-06-07 04:05:00,4.083333333333333,0.8767267557075077,0.48098876891938774,6,1,0,1
2026-06-07 04:10:00,4.166666666666667,0.8870108331782217,0.46174861323503386,6,1,0,0
2026-06-07 04:15:00,4.25,0.8968727415326884,0.44228869021900125,6,1,0,0
2026-06-07 04:20:00,4.333333333333333,0.9063077870366498,0.4226182617406996,6,1,0,0
2026-06-07 04:25:00,4.416666666666667,0.9153114791194471,0.40274668985873724,6,1,0,0
2026-06-07 04:30:00,4.5,0.9238795325112867,0.38268343236508984,6,1,0,0
2026-06-07 04:35:00,4.583333333333333,0.9320078692827984,0.3624380382837017,6,1,0,0
2026-06-07 04:40:00,4.666666666666667,0.9396926207859084,0.3420201433256686,6,1,0,0
2026-06-07 04:45:00,4.75,0.9469301294951056,0.3214394653031617,6,1,0,0
2026-06-07 04:50:00,4.833333333333333,0.9537169507482268,0.3007057995042733,6,1,0,0
2026-06-07 04:55:00,4.916666666666667,0.9600498543859287,0.27982901403099203,6,1,0,0
2026-06-07 05:00:00,5.0,0.9659258262890683,0.25881904510252074,6,1,0,0
2026-06-07 05:05:00,5.083333333333333,0.9713420698132614,0.2376858923261731,6,1,0,0
2026-06-07 05:10:00,5.166666666666667,0.9762960071199334,0.2164396139381029,6,1,0,0
2026-06-07 05:15:00,5.25,0.9807852804032304,0.19509032201612833,6,1,0,1
2026-06-07 05:20:00,5.333333333333333,0.984807753012208,0.17364817766693041,6,1,0,0
2026-06-07 05:25:00,5.416666666666667,0.9883615104677607,0.1521233861899168,6,1,0,0
2026-06-07 05:30:00,5.5,0.9914448613738104,0.1305261922200517,6,1,0,0
2026-06-07 05:35:00,5.583333333333333,0.9940563382223196,0.10886687485196474,6,1,0,0
2026-06-07 05:40:00,5.666666666666667,0.9961946980917455,0.08715574274765814,6,1,0,0
2026-06-07 05:45:00,5.75,0.9978589232386035,0.06540312923014327,6,1,0,0
2026-06-07 05:50:00,5.833333333333333,0.9990482215818578,0.04361938736533601,6,1,0,1
2026-06-07 05:55:00,5.916666666666667,0.9997620270799091,0.021814885034560937,6,1,0,0
2026-06-07 06:00:00,6.0,1.0,6.123233995736766e-17,6,1,0,0
2026-06-07 06:05:00,6.083333333333333,0.9997620270799091,-0.02181488503456081,6,1,0,0
2026-06-07 06:10:00,6.166666666666667,0.9990482215818578,-0.04361938736533589,6,1,0,0
2026-06-07 06:15:00,6.25,0.9978589232386035,-0.06540312923014314,6,1,0,0
2026-06-07 06:20:00,6.333333333333333,0.9961946980917455,-0.08715574274765801,6,1,0,1
2026-06-07 06:25:00,6.416666666666667,0.9940563382223196,-0.10886687485196461,6,1,0,0
2026-06-07 06:30:00,6.5,0.9914448613738104,-0.1305261922200516,6,1,0,1
2026-06-07 06:35:00,6.583333333333333,0.9883615104677607,-0.1521233861899167,6,1,0,1
2026-06-07 06:40:00,6.666666666666667,0.984807753012208,-0.1736481776669303,6,1,0,0
2026-06-07 06:45:00,6.75,0.9807852804032304,-0.1950903220161282,6,1,0,0
2026-06-07 06:50:00,6.833333333333333,0.9762960071199334,-0.2164396139381028,6,1,0,0
2026-06-07 06:55:00,6.916666666666667,0.9713420698132614,-0.23768589232617318,6,1,0,0
2026-06-07 07:00:00,7.0,0.9659258262890683,-0.25881904510252063,6,1,0,0
2026-06-07 07:05:00,7.083333333333333,0.9600498543859287,-0.2798290140309919,6,1,0,0
2026-06-07 07:10:00,7.166666666666667,0.9537169507482269,-0.30070579950427295,6,1,0,0
2026-06-07 07:15:00,7.25,0.9469301294951057,-0.3214394653031616,6,1,0,0
2026-06-07 07:20:00,7.333333333333333,0.9396926207859084,-0.3420201433256685,6,1,0,1
2026-06-07 07:25:00,7.416666666666667,0.9320078692827986,-0.3624380382837016,6,1,0,0
2026-06-07 07:30:00,7.5,0.9238795325112868,-0.3826834323650895,6,1,0,1
2026-06-07 07:35:00,7.583333333333333,0.9153114791194472,-0.40274668985873713,6,1,0,0
2026-06-07 07:40:00,7.666666666666667,0.90630778703665,-0.42261826174069933,6,1,0,0
2026-06-07 07:45:00,7.75,0.8968727415326884,-0.44228869021900113,6,1,0,0
2026-06-07 07:50:00,7.833333333333333,0.8870108331782218,-0.4617486132350338,6,1,0,0
2026-06-07 07:55:00,7.916666666666667,0.8767267557075076,-0.48098876891938785,6,1,0,1
2026-06-07 08:00:00,8.0,0.8660254037844387,-0.4999999999999998,6,1,0,1
2026-06-07 08:05:00,8.083333333333334,0.8549118706729465,-0.5187732581605216,6,1,0,1
2026-06-07 08:10:00,8.166666666666666,0.8433914458128858,-0.5372996083468236,6,1,0,0
2026-06-07 08:15:00,8.25,0.8314696123025451,-0.5555702330196023,6,1,0,0
2026-06-07 08:20:00,8.333333333333334,0.8191520442889917,-0.5735764363510462,6,1,0,1
2026-06-07 08:25:00,8.416666666666666,0.8064446042674828,-0.5913096483635821,6,1,0,1
2026-06-07 08:30:00,8.5,0.7933533402912352,-0.6087614290087207,6,1,0,1
2026-06-07 08:35:00,8.583333333333334,0.7798844830928817,-0.6259234721840591,6,1,0,0
2026-06-07 08:40:00,8.666666666666666,0.7660444431189783,-0.642787609686539,6,1,0,0
2026-06-07 08:45:00,8.75,0.7518398074789774,-0.6593458151000688,6,1,0,1
2026-06-07 08:50:00,8.833333333333334,0.7372773368101241,-0.6755902076156602,6,1,0,0
2026-06-07 08:55:00,8.916666666666666,0.7223639620597556,-0.6915130557822693,6,1,0,1
2026-06-07 09:00:00,9.0,0.7071067811865476,-0.7071067811865475,6,1,0,1
2026-06-07 09:05:00,9.083333333333334,0.6915130557822694,-0.7223639620597555,6,1,0,0
2026-06-07 09:10:00,9.166666666666666,0.6755902076156604,-0.737277336810124,6,1,0,1
2026-06-07 09:15:00,9.25,0.659345815100069,-0.7518398074789773,6,1,0,1
2026-06-07 09:20:00,9.333333333333334,0.6427876096865391,-0.7660444431189782,6,1,0,0
2026-06-07 09:25:00,9.416666666666666,0.6259234721840592,-0.7798844830928817,6,1,0,1
2026-06-07 09:30:00,9.5,0.6087614290087209,-0.793353340291235,6,1,0,0
2026-06-07 09:35:00,9.583333333333334,0.5913096483635822,-0.8064446042674827,6,1,0,1
2026-06-07 09:40:00,9.666666666666666,0.5735764363510464,-0.8191520442889916,6,1,0,0
2026-06-07 09:45:00,9.75,0.5555702330196025,-0.831469612302545,6,1,0,1
2026-06-07 09:50:00,9.833333333333334,0.5372996083468238,-0.8433914458128857,6,1,0,0
2026-06-07 09:55:00,9.916666666666666,0.5187732581605218,-0.8549118706729464,6,1,0,0
2026-06-07 10:00:00,10.0,0.49999999999999994,-0.8660254037844387,6,1,0,1
2026-06-07 10:05:00,10.083333333333334,0.48098876891938763,-0.8767267557075077,6,1,0,0
2026-06-07 10:10:00,10.166666666666666,0.4617486132350339,-0.8870108331782217,6,1,0,0
2026-06-07 10:15:00,10.25,0.4422886902190017,-0.8968727415326881,6,1,0,1
2026-06-07 10:20:00,10.333333333333334,0.4226182617406995,-0.9063077870366499,6,1,0,1
2026-06-07 10:25:00,10.416666666666666,0.4027466898587373,-0.9153114791194471,6,1,0,0
2026-06-07 10:30:00,10.5,0.3826834323650899,-0.9238795325112867,6,1,0,0
2026-06-07 10:35:00,10.583333333333334,0.36243803828370136,-0.9320078692827987,6,1,0,0
2026-06-07 10:40:00,10.666666666666666,0.3420201433256689,-0.9396926207859083,6,1,0,0
2026-06-07 10:45:00,10.75,0.32143946530316175,-0.9469301294951056,6,1,0,0
2026-06-07 10:50:00,10.833333333333334,0.30070579950427334,-0.9537169507482268,6,1,0,0
2026-06-07 10:55:00,10.916666666666666,0.2798290140309927,-0.9600498543859285,6,1,0,1
2026-06-07 11:00:00,11.0,0.258819045102521,-0.9659258262890682,6,1,0,1
2026-06-07 11:05:00,11.083333333333334,0.23768589232617293,-0.9713420698132614,6,1,0,1
2026-06-07 11:10:00,11.166666666666666,0.21643961393810318,-0.9762960071199333,6,1,0,0
2026-06-07 11:15:00,11.25,0.19509032201612816,-0.9807852804032304,6,1,0,0
2026-06-07 11:20:00,11.333333333333334,0.17364817766693028,-0.984807753012208,6,1,0,0
2026-06-07 11:25:00,11.416666666666666,0.15212338618991708,-0.9883615104677607,6,1,0,0
2026-06-07 11:30:00,11.5,0.130526192220052,-0.9914448613738104,6,1,0,0
2026-06-07 11:35:00,11.583333333333334,0.10886687485196457,-0.9940563382223196,6,1,0,1
2026-06-07 11:40:00,11.666666666666666,0.0871557427476582,-0.9961946980917455,6,1,0,0
2026-06-07 11:45:00,11.75,0.06540312923014312,-0.9978589232386035,6,1,0,0
2026-06-07 11:50:00,11.833333333333334,0.043619387365335625,-0.9990482215818578,6,1,0,0
2026-06-07 11:55:00,11.916666666666666,0.021814885034561218,-0.9997620270799091,6,1,0,1
2026-06-07 12:00:00,12.0,1.2246467991473532e-16,-1.0,6,1,0,0
2026-06-07 12:05:00,12.083333333333334,-0.021814885034560975,-0.9997620270799091,6,1,0,0
2026-06-07 12:10:00,12.166666666666666,-0.04361938736533538,-0.9990482215818578,6,1,0,0
2026-06-07 12:15:00,12.25,-0.06540312923014287,-0.9978589232386035,6,1,0,1
2026-06-07 12:20:00,12.333333333333334,-0.08715574274765794,-0.9961946980917455,6,1,0,0
2026-06-07 12:25:00,12.416666666666666,-0.10886687485196432,-0.9940563382223196,6,1,0,1
2026-06-07 12:30:00,12.5,-0.13052619222005177,-0.9914448613738104,6,1,0,1
2026-06-07 12:35:00,12.583333333333334,-0.15212338618991683,-0.9883615104677607,6,1,0,0
2026-06-07 12:40:00,12.666666666666666,-0.17364817766693003,-0.9848077530122081,6,1,0,0
2026-06-07 12:45:00,12.75,-0.19509032201612792,-0.9807852804032305,6,1,0,1
2026-06-07 12:50:00,12.833333333333334,-0.21643961393810293,-0.9762960071199334,6,1,0,0
2026-06-07 12:55:00,12.916666666666666,-0.2376858923261727,-0.9713420698132615,6,1,0,0
2026-06-07 13:00:00,13.0,-0.2588190451025208,-0.9659258262890683,6,1,0,1
2026-06-07 13:05:00,13.083333333333334,-0.2798290140309925,-0.9600498543859286,6,1,0,1
2026-06-07 13:10:00,13.166666666666666,-0.30070579950427306,-0.9537169507482269,6,1,0,1
2026-06-07 13:15:00,13.25,-0.32143946530316153,-0.9469301294951057,6,1,0,1
2026-06-07 13:20:00,13.333333333333334,-0.34202014332566866,-0.9396926207859084,6,1,0,0
2026-06-07 13:25:00,13.416666666666666,-0.36243803828370114,-0.9320078692827987,6,1,0,0
2026-06-07 13:30:00,13.5,-0.38268343236508967,-0.9238795325112868,6,1,0,1
2026-06-07 13:35:00,13.583333333333334,-0.4027466898587371,-0.9153114791194472,6,1,0,0
2026-06-07 13:40:00,13.666666666666666,-0.4226182617406993,-0.90630778703665,6,1,0,0
2026-06-07 13:45:00,13.75,-0.44228869021900147,-0.8968727415326883,6,1,0,1
2026-06-07 13:50:00,13.833333333333334,-0.46174861323503413,-0.8870108331782216,6,1,0,0
2026-06-07 13:55:00,13.916666666666666,-0.4809887689193874,-0.8767267557075078,6,1,0,0
2026-06-07 14:00:00,14.0,-0.4999999999999997,-0.8660254037844388,6,1,0,0
2026-06-07 14:05:00,14.083333333333334,-0.5187732581605216,-0.8549118706729465,6,1,0,0
2026-06-07 14:10:00,14.166666666666666,-0.5372996083468236,-0.8433914458128858,6,1,0,0
2026-06-07 14:15:00,14.25,-0.555570233019602,-0.8314696123025455,6,1,0,0
2026-06-07 14:20:00,14.333333333333334,-0.5735764363510458,-0.819152044288992,6,1,0,0
2026-06-07 14:25:00,14.416666666666666,-0.5913096483635824,-0.8064446042674825,6,1,0,0
2026-06-07 14:30:00,14.5,-0.6087614290087207,-0.7933533402912352,6,1,0,1
2026-06-07 14:35:00,14.583333333333334,-0.6259234721840591,-0.7798844830928818,6,1,0,0
2026-06-07 14:40:00,14.666666666666666,-0.6427876096865389,-0.7660444431189783,6,1,0,1
2026-06-07 14:45:00,14.75,-0.6593458151000688,-0.7518398074789774,6,1,0,0
2026-06-07 14:50:00,14.833333333333334,-0.6755902076156601,-0.7372773368101241,6,1,0,0
2026-06-07 14:55:00,14.916666666666666,-0.691513055782269,-0.722363962059756,6,1,0,1
2026-06-07 15:00:00,15.0,-0.7071067811865471,-0.7071067811865479,6,1,0,0
2026-06-07 15:05:00,15.083333333333334,-0.7223639620597557,-0.6915130557822692,6,1,0,1
2026-06-07 15:10:00,15.166666666666666,-0.7372773368101239,-0.6755902076156604,6,1,0,0
2026-06-07 15:15:00,15.25,-0.7518398074789773,-0.6593458151000691,6,1,0,1
2026-06-07 15:20:00,15.333333333333334,-0.7660444431189779,-0.6427876096865395,6,1,0,0
2026-06-07 15:25:00,15.416666666666666,-0.7798844830928814,-0.6259234721840596,6,1,0,1
2026-06-07 15:30:00,15.5,-0.7933533402912349,-0.6087614290087209,6,1,0,0
2026-06-07 15:35:00,15.583333333333334,-0.8064446042674827,-0.5913096483635822,6,1,0,1
2026-06-07 15:40:00,15.666666666666666,-0.8191520442889916,-0.5735764363510464,6,1,0,0
2026-06-07 15:45:00,15.75,-0.8314696123025452,-0.5555702330196022,6,1,0,0
2026-06-07 15:50:00,15.833333333333334,-0.8433914458128859,-0.5372996083468234,6,1,0,1
2026-06-07 15:55:00,15.916666666666666,-0.8549118706729466,-0.5187732581605214,6,1,0,0
2026-06-07 16:00:00,16.0,-0.8660254037844385,-0.5000000000000004,6,1,0,0
2026-06-07 16:05:00,16.083333333333332,-0.8767267557075072,-0.48098876891938847,6,1,0,0
2026-06-07 16:10:00,16.166666666666668,-0.8870108331782218,-0.4617486132350336,6,1,0,0
2026-06-07 16:15:00,16.25,-0.8968727415326883,-0.44228869021900136,6,1,0,0
2026-06-07 16:20:00,16.333333333333332,-0.9063077870366497,-0.42261826174069994,6,1,0,0
2026-06-07 16:25:00,16.416666666666668,-0.9153114791194471,-0.40274668985873735,6,1,0,1
2026-06-07 16:30:00,16.5,-0.9238795325112868,-0.3826834323650895,6,1,0,0
2026-06-07 16:35:00,16.583333333333332,-0.9320078692827984,-0.3624380382837018,6,1,0,0
2026-06-07 16:40:00,16.666666666666668,-0.9396926207859084,-0.34202014332566855,6,1,0,1
2026-06-07 16:45:00,16.75,-0.9469301294951056,-0.3214394653031618,6,1,0,1
2026-06-07 16:50:00,16.833333333333332,-0.9537169507482267,-0.3007057995042738,6,1,0,0
2026-06-07 16:55:00,16.916666666666668,-0.9600498543859286,-0.27982901403099236,6,1,0,0
2026-06-07 17:00:00,17.0,-0.9659258262890683,-0.25881904510252063,6,1,0,0
2026-06-07 17:05:00,17.083333333333332,-0.9713420698132613,-0.23768589232617343,6,1,0,0
2026-06-07 17:10:00,17.166666666666668,-0.9762960071199334,-0.21643961393810282,6,1,0,0
2026-06-07 17:15:00,17.25,-0.9807852804032303,-0.19509032201612866,6,1,0,0
2026-06-07 17:20:00,17.333333333333332,-0.9848077530122079,-0.1736481776669312,6,1,0,0
2026-06-07 17:25:00,17.416666666666668,-0.9883615104677608,-0.15212338618991628,6,1,0,0
2026-06-07 17:30:00,17.5,-0.9914448613738104,-0.13052619222005163,6,1,0,1
2026-06-07 17:35:00,17.583333333333332,-0.9940563382223195,-0.10886687485196507,6,1,0,1
2026-06-07 17:40:00,17.666666666666668,-0.9961946980917455,-0.08715574274765825,6,1,0,0
2026-06-07 17:45:00,17.75,-0.9978589232386035,-0.06540312923014273,6,1,0,0
2026-06-07 17:50:00,17.833333333333332,-0.9990482215818578,-0.04361938736533613,6,1,0,0
2026-06-07 17:55:00,17.916666666666668,-0.9997620270799091,-0.021814885034560836,6,1,0,1
2026-06-07 18:00:00,18.0,-1.0,-1.8369701987210297e-16,6,1,0,0
2026-06-07 18:05:00,18.083333333333332,-0.9997620270799091,0.021814885034560468,6,1,0,0
2026-06-07 18:10:00,18.166666666666668,-0.9990482215818578,0.043619387365335764,6,1,0,1
2026-06-07 18:15:00,18.25,-0.9978589232386036,0.06540312923014237,6,1,0,1
2026-06-07 18:20:00,18.333333333333332,-0.9961946980917455,0.08715574274765789,6,1,0,1
2026-06-07 18:25:00,18.416666666666668,-0.9940563382223196,0.10886687485196471,6,1,0,1
2026-06-07 18:30:00,18.5,-0.9914448613738105,0.13052619222005127,6,1,0,0
2026-06-07 18:35:00,18.583333333333332,-0.9883615104677609,0.15212338618991592,6,1,0,0
2026-06-07 18:40:00,18.666666666666668,-0.984807753012208,0.17364817766693083,6,1,0,1
2026-06-07 18:45:00,18.75,-0.9807852804032304,0.1950903220161283,6,1,0,1
2026-06-07 18:50:00,18.833333333333332,-0.9762960071199335,0.21643961393810246,6,1,0,0
2026-06-07 18:55:00,18.916666666666668,-0.9713420698132614,0.23768589232617307,6,1,0,0
2026-06-07 19:00:00,19.0,-0.9659258262890684,0.2588190451025203,6,1,0,0
2026-06-07 19:05:00,19.083333333333332,-0.9600498543859287,0.279829014030992,6,1,0,1
2026-06-07 19:10:00,19.166666666666668,-0.9537169507482268,0.30070579950427345,6,1,0,1
2026-06-07 19:15:00,19.25,-0.9469301294951057,0.3214394653031615,6,1,0,0
2026-06-07 19:20:00,19.333333333333332,-0.9396926207859085,0.34202014332566816,6,1,0,0
2026-06-07 19:25:00,19.416666666666668,-0.9320078692827986,0.36243803828370147,6,1,0,0
2026-06-07 19:30:00,19.5,-0.923879532511287,0.38268343236508917,6,1,0,1
2026-06-07 19:35:00,19.583333333333332,-0.9153114791194472,0.402746689858737,6,1,0,1
2026-06-07 19:40:00,19.666666666666668,-0.9063077870366498,0.4226182617406996,6,1,0,1
2026-06-07 19:45:00,19.75,-0.8968727415326884,0.442288690219001,6,1,0,0
2026-06-07 19:50:00,19.833333333333332,-0.887010833178222,0.46174861323503325,6,1,0,0
2026-06-07 19:55:00,19.916666666666668,-0.8767267557075075,0.48098876891938813,6,1,0,0
2026-06-07 20:00:00,20.0,-0.8660254037844386,0.5000000000000001,6,1,0,0
2026-06-07 20:05:00,20.083333333333332,-0.8549118706729468,0.5187732581605211,6,1,0,1
2026-06-07 20:10:00,20.166666666666668,-0.8433914458128857,0.5372996083468239,6,1,0,1
2026-06-07 20:15:00,20.25,-0.8314696123025455,0.5555702330196018,6,1,0,1
2026-06-07 20:20:00,20.333333333333332,-0.8191520442889918,0.573576436351046,6,1,0,1
2026-06-07 20:25:00,20.416666666666668,-0.8064446042674829,0.591309648363582,6,1,0,0
2026-06-07 20:30:00,20.5,-0.7933533402912357,0.6087614290087199,6,1,0,1
2026-06-07 20:35:00,20.583333333333332,-0.7798844830928816,0.6259234721840593,6,1,0,1
2026-06-07 20:40:00,20.666666666666668,-0.7660444431189781,0.6427876096865393,6,1,0,1
2026-06-07 20:45:00,20.75,-0.7518398074789772,0.6593458151000691,6,1,0,0
2026-06-07 20:50:00,20.833333333333332,-0.7372773368101242,0.6755902076156601,6,1,0,0
2026-06-07 20:55:00,20.916666666666668,-0.7223639620597554,0.6915130557822695,6,1,0,0
2026-06-07 21:00:00,21.0,-0.7071067811865477,0.7071067811865474,6,1,0,1
2026-06-07 21:05:00,21.083333333333332,-0.6915130557822698,0.7223639620597551,6,1,0,0
2026-06-07 21:10:00,21.166666666666668,-0.6755902076156598,0.7372773368101244,6,1,0,0
2026-06-07 21:15:00,21.25,-0.6593458151000687,0.7518398074789775,6,1,0,0
2026-06-07 21:20:00,21.333333333333332,-0.6427876096865396,0.7660444431189778,6,1,0,0
2026-06-07 21:25:00,21.416666666666668,-0.625923472184059,0.7798844830928818,6,1,0,0
2026-06-07 21:30:00,21.5,-0.608761429008721,0.7933533402912349,6,1,0,0
2026-06-07 21:35:00,21.583333333333332,-0.591309648363583,0.8064446042674821,6,1,0,0
2026-06-07 21:40:00,21.666666666666668,-0.5735764363510465,0.8191520442889916,6,1,0,0
2026-06-07 21:45:00,21.75,-0.555570233019603,0.8314696123025447,6,1,0,1
2026-06-07 21:50:00,21.833333333333332,-0.537299608346825,0.8433914458128849,6,1,0,0
2026-06-07 21:55:00,21.916666666666668,-0.5187732581605214,0.8549118706729466,6,1,0,1
2026-06-07 22:00:00,22.0,-0.5000000000000004,0.8660254037844384,6,1,0,0
2026-06-07 22:05:00,22.083333333333332,-0.48098876891938774,0.8767267557075077,6,1,0,0
2026-06-07 22:10:00,22.166666666666668,-0.46174861323503363,0.8870108331782218,6,1,0,1
2026-06-07 22:15:00,22.25,-0.4422886902190014,0.8968727415326883,6,1,0,0
2026-06-07 22:20:00,22.333333333333332,-0.4226182617407,0.9063077870366497,6,1,0,0
2026-06-07 22:25:00,22.416666666666668,-0.40274668985873663,0.9153114791194474,6,1,0,0
2026-06-07 22:30:00,22.5,-0.38268343236508956,0.9238795325112868,6,1,0,1
2026-06-07 22:35:00,22.583333333333332,-0.36243803828370186,0.9320078692827984,6,1,0,0
2026-06-07 22:40:00,22.666666666666668,-0.3420201433256686,0.9396926207859084,6,1,0,1
2026-06-07 22:45:00,22.75,-0.32143946530316186,0.9469301294951056,6,1,0,0
2026-06-07 22:50:00,22.833333333333332,-0.30070579950427384,0.9537169507482267,6,1,0,0
2026-06-07 22:55:00,22.916666666666668,-0.2798290140309924,0.9600498543859286,6,1,0,0
2026-06-07 23:00:00,23.0,-0.25881904510252157,0.9659258262890681,6,1,0,0
2026-06-07 23:05:00,23.083333333333332,-0.23768589232617435,0.9713420698132611,6,1,0,0
2026-06-07 23:10:00,23.166666666666668,-0.21643961393810288,0.9762960071199334,6,1,0,0
2026-06-07 23:15:00,23.25,-0.19509032201612872,0.9807852804032303,6,1,0,0
2026-06-07 23:20:00,23.333333333333332,-0.1736481776669304,0.984807753012208,6,1,0,1
2026-06-07 23:25:00,23.416666666666668,-0.1521233861899172,0.9883615104677607,6,1,0,0
2026-06-07 23:30:00,23.5,-0.13052619222005168,0.9914448613738104,6,1,0,0
2026-06-07 23:35:00,23.583333333333332,-0.10886687485196514,0.9940563382223195,6,1,0,1
2026-06-07 23:40:00,23.666666666666668,-0.08715574274765743,0.9961946980917455,6,1,0,0
2026-06-07 23:45:00,23.75,-0.0654031292301428,0.9978589232386035,6,1,0,0
2026-06-07 23:50:00,23.833333333333332,-0.043619387365336194,0.9990482215818578,6,1,0,1
2026-06-07 23:55:00,23.916666666666668,-0.0218148850345609,0.9997620270799091,6,1,0,1
2026-06-08 00:00:00,0.0,0.0,1.0,0,0,0,0
2026-06-08 00:05:00,0.08333333333333333,0.02181488503456112,0.9997620270799091,0,0,0,0
2026-06-08 00:10:00,0.16666666666666666,0.043619387365336,0.9990482215818578,0,0,0,0
2026-06-08 00:15:00,0.25,0.06540312923014306,0.9978589232386035,0,0,0,0
2026-06-08 00:20:00,0.3333333333333333,0.08715574274765817,0.9961946980917455,0,0,0,0
2026-06-08 00:25:00,0.4166666666666667,0.10886687485196457,0.9940563382223196,0,0,0,0
2026-06-08 00:30:00,0.5,0.13052619222005157,0.9914448613738104,0,0,0,0
2026-06-08 00:35:00,0.5833333333333334,0.15212338618991672,0.9883615104677607,0,0,0,0
2026-06-08 00:40:00,0.6666666666666666,0.17364817766693033,0.984807753012208,0,0,0,0
2026-06-08 00:45:00,0.75,0.19509032201612825,0.9807852804032304,0,0,0,0
2026-06-08 00:50:00,0.8333333333333334,0.21643961393810288,0.9762960071199334,0,0,0,0
2026-06-08 00:55:00,0.9166666666666666,0.23768589232617307,0.9713420698132614,0,0,0,0
2026-06-08 01:00:00,1.0,0.25881904510252074,0.9659258262890683,0,0,0,0
2026-06-08 01:05:00,1.0833333333333333,0.27982901403099203,0.9600498543859287,0,0,0,0
2026-06-08 01:10:00,1.1666666666666667,0.3007057995042732,0.9537169507482269,0,0,0,0
2026-06-08 01:15:00,1.25,0.3214394653031616,0.9469301294951057,0,0,0,0
2026-06-08 01:20:00,1.3333333333333333,0.3420201433256687,0.9396926207859084,0,0,0,0
2026-06-08 01:25:00,1.4166666666666667,0.36243803828370164,0.9320078692827986,0,0,0,0
2026-06-08 01:30:00,1.5,0.3826834323650898,0.9238795325112867,0,0,0,0
2026-06-08 01:35:00,1.5833333333333335,0.40274668985873724,0.9153114791194471,0,0,0,0
2026-06-08 01:40:00,1.6666666666666665,0.4226182617406994,0.9063077870366499,0,0,0,0
2026-06-08 01:45:00,1.75,0.44228869021900125,0.8968727415326884,0,0,0,0
2026-06-08 01:50:00,1.8333333333333335,0.46174861323503397,0.8870108331782217,0,0,0,0
2026-06-08 01:55:00,1.9166666666666665,0.48098876891938763,0.8767267557075077,0,0,0,0
2026-06-08 02:00:00,2.0,0.49999999999999994,0.8660254037844387,0,0,0,0
2026-06-08 02:05:00,2.0833333333333335,0.5187732581605214,0.8549118706729466,0,0,0,0
2026-06-08 02:10:00,2.1666666666666665,0.5372996083468238,0.8433914458128857,0,0,0,0
2026-06-08 02:15:00,2.25,0.5555702330196022,0.8314696123025452,0,0,0,0
2026-06-08 02:20:00,2.3333333333333335,0.5735764363510462,0.8191520442889918,0,0,0,0
2026-06-08 02:25:00,2.4166666666666665,0.5913096483635824,0.8064446042674827,0,0,0,0
2026-06-08 02:30:00,2.5,0.6087614290087207,0.7933533402912352,0,0,0,0
2026-06-08 02:35:00,2.5833333333333335,0.6259234721840591,0.7798844830928818,0,0,0,0
2026-06-08 02:40:00,2.6666666666666665,0.6427876096865393,0.766044443118978,0,0,0,0
2026-06-08 02:45:00,2.75,0.6593458151000688,0.7518398074789774,0,0,0,0
2026-06-08 02:50:00,2.8333333333333335,0.6755902076156602,0.7372773368101241,0,0,0,0
2026-06-08 02:55:00,2.9166666666666665,0.6915130557822694,0.7223639620597556,0,0,0,0
2026-06-08 03:00:00,3.0,0.7071067811865476,0.7071067811865476,0,0,0,0
2026-06-08 03:05:00,3.0833333333333335,0.7223639620597555,0.6915130557822694,0,0,0,0
2026-06-08 03:10:00,3.1666666666666665,0.737277336810124,0.6755902076156602,0,0,0,0
2026-06-08 03:15:00,3.25,0.7518398074789774,0.6593458151000688,0,0,0,0
2026-06-08 03:20:00,3.3333333333333335,0.766044443118978,0.6427876096865394,0,0,0,0
2026-06-08 03:25:00,3.4166666666666665,0.7798844830928817,0.6259234721840591,0,0,0,0
2026-06-08 03:30:00,3.5,0.7933533402912352,0.6087614290087207,0,0,0,0
2026-06-08 03:35:00,3.5833333333333335,0.8064446042674825,0.5913096483635825,0,0,0,0
2026-06-08 03:40:00,3.6666666666666665,0.8191520442889917,0.5735764363510462,0,0,0,0
2026-06-08 03:45:00,3.75,0.8314696123025451,0.5555702330196024,0,0,0,0
2026-06-08 03:50:00,3.8333333333333335,0.8433914458128856,0.5372996083468239,0,0,0,0
2026-06-08 03:55:00,3.9166666666666665,0.8549118706729466,0.5187732581605216,0,0,0,0
2026-06-08 04:00:00,4.0,0.8660254037844386,0.5000000000000001,0,0,0,0
2026-06-08 04:05:00,4.083333333333333,0.8767267557075077,0.48098876891938774,0,0,0,0
2026-06-08 04:10:00,4.166666666666667,0.8870108331782217,0.46174861323503386,0,0,0,0
2026-06-08 04:15:00,4.25,0.8968727415326884,0.44228869021900125,0,0,0,0
2026-06-08 04:20:00,4.333333333333333,0.9063077870366498,0.4226182617406996,0,0,0,0
2026-06-08 04:25:00,4.416666666666667,0.9153114791194471,0.40274668985873724,0,0,0,0
2026-06-08 04:30:00,4.5,0.9238795325112867,0.38268343236508984,0,0,0,0
2026-06-08 04:35:00,4.583333333333333,0.9320078692827984,0.3624380382837017,0,0,0,0
2026-06-08 04:40:00,4.666666666666667,0.9396926207859084,0.3420201433256686,0,0,0,0
2026-06-08 04:45:00,4.75,0.9469301294951056,0.3214394653031617,0,0,0,0
2026-06-08 04:50:00,4.833333333333333,0.9537169507482268,0.3007057995042733,0,0,0,0
2026-06-08 04:55:00,4.916666666666667,0.9600498543859287,0.27982901403099203,0,0,0,0
2026-06-08 05:00:00,5.0,0.9659258262890683,0.25881904510252074,0,0,0,0
2026-06-08 05:05:00,5.083333333333333,0.9713420698132614,0.2376858923261731,0,0,0,0
2026-06-08 05:10:00,5.166666666666667,0.9762960071199334,0.2164396139381029,0,0,0,0
2026-06-08 05:15:00,5.25,0.9807852804032304,0.19509032201612833,0,0,0,0
2026-06-08 05:20:00,5.333333333333333,0.984807753012208,0.17364817766693041,0,0,0,0
2026-06-08 05:25:00,5.416666666666667,0.9883615104677607,0.1521233861899168,0,0,0,0
2026-06-08 05:30:00,5.5,0.9914448613738104,0.1305261922200517,0,0,0,0
2026-06-08 05:35:00,5.583333333333333,0.9940563382223196,0.10886687485196474,0,0,0,0
2026-06-08 05:40:00,5.666666666666667,0.9961946980917455,0.08715574274765814,0,0,0,0
2026-06-08 05:45:00,5.75,0.9978589232386035,0.06540312923014327,0,0,0,0
2026-06-08 05:50:00,5.833333333333333,0.9990482215818578,0.04361938736533601,0,0,0,0
2026-06-08 05:55:00,5.916666666666667,0.9997620270799091,0.021814885034560937,0,0,0,0
2026-06-08 06:00:00,6.0,1.0,6.123233995736766e-17,0,0,0,0
2026-06-08 06:05:00,6.083333333333333,0.9997620270799091,-0.02181488503456081,0,0,0,0
2026-06-08 06:10:00,6.166666666666667,0.9990482215818578,-0.04361938736533589,0,0,0,0
2026-06-08 06:15:00,6.25,0.9978589232386035,-0.06540312923014314,0,0,0,0
2026-06-08 06:20:00,6.333333333333333,0.9961946980917455,-0.08715574274765801,0,0,0,0
2026-06-08 06:25:00,6.416666666666667,0.9940563382223196,-0.10886687485196461,0,0,0,0
2026-06-08 06:30:00,6.5,0.9914448613738104,-0.1305261922200516,0,0,0,0
2026-06-08 06:35:00,6.583333333333333,0.9883615104677607,-0.1521233861899167,0,0,0,0
2026-06-08 06:40:00,6.666666666666667,0.984807753012208,-0.1736481776669303,0,0,0,0
2026-06-08 06:45:00,6.75,0.9807852804032304,-0.1950903220161282,0,0,0,0
2026-06-08 06:50:00,6.833333333333333,0.9762960071199334,-0.2164396139381028,0,0,0,0
2026-06-08 06:55:00,6.916666666666667,0.9713420698132614,-0.23768589232617318,0,0,0,0
2026-06-08 07:00:00,7.0,0.9659258262890683,-0.25881904510252063,0,0,0,0
2026-06-08 07:05:00,7.083333333333333,0.9600498543859287,-0.2798290140309919,0,0,0,0
2026-06-08 07:10:00,7.166666666666667,0.9537169507482269,-0.30070579950427295,0,0,0,0
2026-06-08 07:15:00,7.25,0.9469301294951057,-0.3214394653031616,0,0,0,0
2026-06-08 07:20:00,7.333333333333333,0.9396926207859084,-0.3420201433256685,0,0,0,0
2026-06-08 07:25:00,7.416666666666667,0.9320078692827986,-0.3624380382837016,0,0,0,0
2026-06-08 07:30:00,7.5,0.9238795325112868,-0.3826834323650895,0,0,0,0
2026-06-08 07:35:00,7.583333333333333,0.9153114791194472,-0.40274668985873713,0,0,0,0
2026-06-08 07:40:00,7.666666666666667,0.90630778703665,-0.42261826174069933,0,0,0,0
2026-06-08 07:45:00,7.75,0.8968727415326884,-0.44228869021900113,0,0,0,0
2026-06-08 07:50:00,7.833333333333333,0.8870108331782218,-0.4617486132350338,0,0,0,0
2026-06-08 07:55:00,7.916666666666667,0.8767267557075076,-0.48098876891938785,0,0,0,0
2026-06-08 08:00:00,8.0,0.8660254037844387,-0.4999999999999998,0,0,0,0
2026-06-08 08:05:00,8.083333333333334,0.8549118706729465,-0.5187732581605216,0,0,0,0
2026-06-08 08:10:00,8.166666666666666,0.8433914458128858,-0.5372996083468236,0,0,0,0
2026-06-08 08:15:00,8.25,0.8314696123025451,-0.5555702330196023,0,0,0,0
2026-06-08 08:20:00,8.333333333333334,0.8191520442889917,-0.5735764363510462,0,0,0,0
2026-06-08 08:25:00,8.416666666666666,0.8064446042674828,-0.5913096483635821,0,0,0,0
2026-06-08 08:30:00,8.5,0.7933533402912352,-0.6087614290087207,0,0,0,0
2026-06-08 08:35:00,8.583333333333334,0.7798844830928817,-0.6259234721840591,0,0,0,0
2026-06-08 08:40:00,8.666666666666666,0.7660444431189783,-0.642787609686539,0,0,0,0
2026-06-08 08:45:00,8.75,0.7518398074789774,-0.6593458151000688,0,0,0,0
2026-06-08 08:50:00,8.833333333333334,0.7372773368101241,-0.6755902076156602,0,0,0,0
2026-06-08 08:55:00,8.916666666666666,0.7223639620597556,-0.6915130557822693,0,0,0,0
2026-06-08 09:00:00,9.0,0.7071067811865476,-0.7071067811865475,0,0,0,0
2026-06-08 09:05:00,9.083333333333334,0.6915130557822694,-0.7223639620597555,0,0,0,0
2026-06-08 09:10:00,9.166666666666666,0.6755902076156604,-0.737277336810124,0,0,0,0
2026-06-08 09:15:00,9.25,0.659345815100069,-0.7518398074789773,0,0,0,0
2026-06-08 09:20:00,9.333333333333334,0.6427876096865391,-0.7660444431189782,0,0,0,0
2026-06-08 09:25:00,9.416666666666666,0.6259234721840592,-0.7798844830928817,0,0,0,0
2026-06-08 09:30:00,9.5,0.6087614290087209,-0.793353340291235,0,0,0,0
2026-06-08 09:35:00,9.583333333333334,0.5913096483635822,-0.8064446042674827,0,0,0,0
2026-06-08 09:40:00,9.666666666666666,0.5735764363510464,-0.8191520442889916,0,0,0,0
2026-06-08 09:45:00,9.75,0.5555702330196025,-0.831469612302545,0,0,0,0
2026-06-08 09:50:00,9.833333333333334,0.5372996083468238,-0.8433914458128857,0,0,0,0
2026-06-08 09:55:00,9.916666666666666,0.5187732581605218,-0.8549118706729464,0,0,0,0
2026-06-08 10:00:00,10.0,0.49999999999999994,-0.8660254037844387,0,0,0,0
2026-06-08 10:05:00,10.083333333333334,0.48098876891938763,-0.8767267557075077,0,0,0,0
2026-06-08 10:10:00,10.166666666666666,0.4617486132350339,-0.8870108331782217,0,0,0,0
2026-06-08 10:15:00,10.25,0.4422886902190017,-0.8968727415326881,0,0,0,0
2026-06-08 10:20:00,10.333333333333334,0.4226182617406995,-0.9063077870366499,0,0,0,0
2026-06-08 10:25:00,10.416666666666666,0.4027466898587373,-0.9153114791194471,0,0,0,0
2026-06-08 10:30:00,10.5,0.3826834323650899,-0.9238795325112867,0,0,0,0
2026-06-08 10:35:00,10.583333333333334,0.36243803828370136,-0.9320078692827987,0,0,0,0
2026-06-08 10:40:00,10.666666666666666,0.3420201433256689,-0.9396926207859083,0,0,0,0
2026-06-08 10:45:00,10.75,0.32143946530316175,-0.9469301294951056,0,0,0,0
2026-06-08 10:50:00,10.833333333333334,0.30070579950427334,-0.9537169507482268,0,0,0,0
2026-06-08 10:55:00,10.916666666666666,0.2798290140309927,-0.9600498543859285,0,0,0,0
2026-06-08 11:00:00,11.0,0.258819045102521,-0.9659258262890682,0,0,0,0
2026-06-08 11:05:00,11.083333333333334,0.23768589232617293,-0.9713420698132614,0,0,0,0
2026-06-08 11:10:00,11.166666666666666,0.21643961393810318,-0.9762960071199333,0,0,0,0
2026-06-08 11:15:00,11.25,0.19509032201612816,-0.9807852804032304,0,0,0,0
2026-06-08 11:20:00,11.333333333333334,0.17364817766693028,-0.984807753012208,0,0,0,0
2026-06-08 11:25:00,11.416666666666666,0.15212338618991708,-0.9883615104677607,0,0,0,0
2026-06-08 11:30:00,11.5,0.130526192220052,-0.9914448613738104,0,0,0,0
2026-06-08 11:35:00,11.583333333333334,0.10886687485196457,-0.9940563382223196,0,0,0,0
2026-06-08 11:40:00,11.666666666666666,0.0871557427476582,-0.9961946980917455,0,0,0,0
2026-06-08 11:45:00,11.75,0.06540312923014312,-0.9978589232386035,0,0,0,0
2026-06-08 11:50:00,11.833333333333334,0.043619387365335625,-0.9990482215818578,0,0,0,0
2026-06-08 11:55:00,11.916666666666666,0.021814885034561218,-0.9997620270799091,0,0,0,0
2026-06-08 12:00:00,12.0,1.2246467991473532e-16,-1.0,0,0,0,0
2026-06-08 12:05:00,12.083333333333334,-0.021814885034560975,-0.9997620270799091,0,0,0,0
2026-06-08 12:10:00,12.166666666666666,-0.04361938736533538,-0.9990482215818578,0,0,0,0
2026-06-08 12:15:00,12.25,-0.06540312923014287,-0.9978589232386035,0,0,0,0
2026-06-08 12:20:00,12.333333333333334,-0.08715574274765794,-0.9961946980917455,0,0,0,0
2026-06-08 12:25:00,12.416666666666666,-0.10886687485196432,-0.9940563382223196,0,0,0,0
2026-06-08 12:30:00,12.5,-0.13052619222005177,-0.9914448613738104,0,0,0,0
2026-06-08 12:35:00,12.583333333333334,-0.15212338618991683,-0.9883615104677607,0,0,0,0
2026-06-08 12:40:00,12.666666666666666,-0.17364817766693003,-0.9848077530122081,0,0,0,0
2026-06-08 12:45:00,12.75,-0.19509032201612792,-0.9807852804032305,0,0,0,0
2026-06-08 12:50:00,12.833333333333334,-0.21643961393810293,-0.9762960071199334,0,0,0,0
2026-06-08 12:55:00,12.916666666666666,-0.2376858923261727,-0.9713420698132615,0,0,0,0
2026-06-08 13:00:00,13.0,-0.2588190451025208,-0.9659258262890683,0,0,0,0
2026-06-08 13:05:00,13.083333333333334,-0.2798290140309925,-0.9600498543859286,0,0,0,0
2026-06-08 13:10:00,13.166666666666666,-0.30070579950427306,-0.9537169507482269,0,0,0,0
2026-06-08 13:15:00,13.25,-0.32143946530316153,-0.9469301294951057,0,0,0,0
2026-06-08 13:20:00,13.333333333333334,-0.34202014332566866,-0.9396926207859084,0,0,0,0
2026-06-08 13:25:00,13.416666666666666,-0.36243803828370114,-0.9320078692827987,0,0,0,0
2026-06-08 13:30:00,13.5,-0.38268343236508967,-0.9238795325112868,0,0,0,0
2026-06-08 13:35:00,13.583333333333334,-0.4027466898587371,-0.9153114791194472,0,0,0,0
2026-06-08 13:40:00,13.666666666666666,-0.4226182617406993,-0.90630778703665,0,0,0,0
2026-06-08 13:45:00,13.75,-0.44228869021900147,-0.8968727415326883,0,0,0,0
2026-06-08 13:50:00,13.833333333333334,-0.46174861323503413,-0.8870108331782216,0,0,0,0
2026-06-08 13:55:00,13.916666666666666,-0.4809887689193874,-0.8767267557075078,0,0,0,0
2026-06-08 14:00:00,14.0,-0.4999999999999997,-0.8660254037844388,0,0,0,0
2026-06-08 14:05:00,14.083333333333334,-0.5187732581605216,-0.8549118706729465,0,0,0,0
2026-06-08 14:10:00,14.166666666666666,-0.5372996083468236,-0.8433914458128858,0,0,0,0
2026-06-08 14:15:00,14.25,-0.555570233019602,-0.8314696123025455,0,0,0,0
2026-06-08 14:20:00,14.333333333333334,-0.5735764363510458,-0.819152044288992,0,0,0,0
2026-06-08 14:25:00,14.416666666666666,-0.5913096483635824,-0.8064446042674825,0,0,0,0
2026-06-08 14:30:00,14.5,-0.6087614290087207,-0.7933533402912352,0,0,0,0
2026-06-08 14:35:00,14.583333333333334,-0.6259234721840591,-0.7798844830928818,0,0,0,0
2026-06-08 14:40:00,14.666666666666666,-0.6427876096865389,-0.7660444431189783,0,0,0,0
2026-06-08 14:45:00,14.75,-0.6593458151000688,-0.7518398074789774,0,0,0,0
2026-06-08 14:50:00,14.833333333333334,-0.6755902076156601,-0.7372773368101241,0,0,0,0
2026-06-08 14:55:00,14.916666666666666,-0.691513055782269,-0.722363962059756,0,0,0,0
2026-06-08 15:00:00,15.0,-0.7071067811865471,-0.7071067811865479,0,0,0,0
2026-06-08 15:05:00,15.083333333333334,-0.7223639620597557,-0.6915130557822692,0,0,0,0
2026-06-08 15:10:00,15.166666666666666,-0.7372773368101239,-0.6755902076156604,0,0,0,0
2026-06-08 15:15:00,15.25,-0.7518398074789773,-0.6593458151000691,0,0,0,0
2026-06-08 15:20:00,15.333333333333334,-0.7660444431189779,-0.6427876096865395,0,0,0,0
2026-06-08 15:25:00,15.416666666666666,-0.7798844830928814,-0.6259234721840596,0,0,0,0
2026-06-08 15:30:00,15.5,-0.7933533402912349,-0.6087614290087209,0,0,0,0
2026-06-08 15:35:00,15.583333333333334,-0.8064446042674827,-0.5913096483635822,0,0,0,0
2026-06-08 15:40:00,15.666666666666666,-0.8191520442889916,-0.5735764363510464,0,0,0,0
2026-06-08 15:45:00,15.75,-0.8314696123025452,-0.5555702330196022,0,0,0,0
2026-06-08 15:50:00,15.833333333333334,-0.8433914458128859,-0.5372996083468234,0,0,0,0
2026-06-08 15:55:00,15.916666666666666,-0.8549118706729466,-0.5187732581605214,0,0,0,0
2026-06-08 16:00:00,16.0,-0.8660254037844385,-0.5000000000000004,0,0,0,0
2026-06-08 16:05:00,16.083333333333332,-0.8767267557075072,-0.48098876891938847,0,0,0,0
2026-06-08 16:10:00,16.166666666666668,-0.8870108331782218,-0.4617486132350336,0,0,0,0
2026-06-08 16:15:00,16.25,-0.8968727415326883,-0.44228869021900136,0,0,0,0
2026-06-08 16:20:00,16.333333333333332,-0.9063077870366497,-0.42261826174069994,0,0,0,0
2026-06-08 16:25:00,16.416666666666668,-0.9153114791194471,-0.40274668985873735,0,0,0,0
2026-06-08 16:30:00,16.5,-0.9238795325112868,-0.3826834323650895,0,0,0,0
2026-06-08 16:35:00,16.583333333333332,-0.9320078692827984,-0.3624380382837018,0,0,0,0
2026-06-08 16:40:00,16.666666666666668,-0.9396926207859084,-0.34202014332566855,0,0,0,0
2026-06-08 16:45:00,16.75,-0.9469301294951056,-0.3214394653031618,0,0,0,0
2026-06-08 16:50:00,16.833333333333332,-0.9537169507482267,-0.3007057995042738,0,0,0,0
2026-06-08 16:55:00,16.916666666666668,-0.9600498543859286,-0.27982901403099236,0,0,0,0
2026-06-08 17:00:00,17.0,-0.9659258262890683,-0.25881904510252063,0,0,0,0
2026-06-08 17:05:00,17.083333333333332,-0.9713420698132613,-0.23768589232617343,0,0,0,0
2026-06-08 17:10:00,17.166666666666668,-0.9762960071199334,-0.21643961393810282,0,0,0,0
2026-06-08 17:15:00,17.25,-0.9807852804032303,-0.19509032201612866,0,0,0,0
2026-06-08 17:20:00,17.333333333333332,-0.9848077530122079,-0.1736481776669312,0,0,0,0
2026-06-08 17:25:00,17.416666666666668,-0.9883615104677608,-0.15212338618991628,0,0,0,0
2026-06-08 17:30:00,17.5,-0.9914448613738104,-0.13052619222005163,0,0,0,0
2026-06-08 17:35:00,17.583333333333332,-0.9940563382223195,-0.10886687485196507,0,0,0,0
2026-06-08 17:40:00,17.666666666666668,-0.9961946980917455,-0.08715574274765825,0,0,0,0
2026-06-08 17:45:00,17.75,-0.9978589232386035,-0.06540312923014273,0,0,0,0
2026-06-08 17:50:00,17.833333333333332,-0.9990482215818578,-0.04361938736533613,0,0,0,0
2026-06-08 17:55:00,17.916666666666668,-0.9997620270799091,-0.021814885034560836,0,0,0,0
2026-06-08 18:00:00,18.0,-1.0,-1.8369701987210297e-16,0,0,0,0
2026-06-08 18:05:00,18.083333333333332,-0.9997620270799091,0.021814885034560468,0,0,0,0
2026-06-08 18:10:00,18.166666666666668,-0.9990482215818578,0.043619387365335764,0,0,0,0
2026-06-08 18:15:00,18.25,-0.9978589232386036,0.06540312923014237,0,0,0,0
2026-06-08 18:20:00,18.333333333333332,-0.9961946980917455,0.08715574274765789,0,0,0,0
2026-06-08 18:25:00,18.416666666666668,-0.9940563382223196,0.10886687485196471,0,0,0,0
2026-06-08 18:30:00,18.5,-0.9914448613738105,0.13052619222005127,0,0,0,0
2026-06-08 18:35:00,18.583333333333332,-0.9883615104677609,0.15212338618991592,0,0,0,0
2026-06-08 18:40:00,18.666666666666668,-0.984807753012208,0.17364817766693083,0,0,0,0
2026-06-08 18:45:00,18.75,-0.9807852804032304,0.1950903220161283,0,0,0,0
2026-06-08 18:50:00,18.833333333333332,-0.9762960071199335,0.21643961393810246,0,0,0,0
2026-06-08 18:55:00,18.916666666666668,-0.9713420698132614,0.23768589232617307,0,0,0,0
2026-06-08 19:00:00,19.0,-0.9659258262890684,0.2588190451025203,0,0,0,0
2026-06-08 19:05:00,19.083333333333332,-0.9600498543859287,0.279829014030992,0,0,0,0
2026-06-08 19:10:00,19.166666666666668,-0.9537169507482268,0.30070579950427345,0,0,0,0
2026-06-08 19:15:00,19.25,-0.9469301294951057,0.3214394653031615,0,0,0,0
2026-06-08 19:20:00,19.333333333333332,-0.9396926207859085,0.34202014332566816,0,0,0,0
2026-06-08 19:25:00,19.416666666666668,-0.9320078692827986,0.36243803828370147,0,0,0,0
2026-06-08 19:30:00,19.5,-0.923879532511287,0.38268343236508917,0,0,0,0
2026-06-08 19:35:00,19.583333333333332,-0.9153114791194472,0.402746689858737,0,0,0,0
2026-06-08 19:40:00,19.666666666666668,-0.9063077870366498,0.4226182617406996,0,0,0,0
2026-06-08 19:45:00,19.75,-0.8968727415326884,0.442288690219001,0,0,0,0
2026-06-08 19:50:00,19.833333333333332,-0.887010833178222,0.46174861323503325,0,0,0,0
2026-06-08 19:55:00,19.916666666666668,-0.8767267557075075,0.48098876891938813,0,0,0,0
2026-06-08 20:00:00,20.0,-0.8660254037844386,0.5000000000000001,0,0,0,0
2026-06-08 20:05:00,20.083333333333332,-0.8549118706729468,0.5187732581605211,0,0,0,0
2026-06-08 20:10:00,20.166666666666668,-0.8433914458128857,0.5372996083468239,0,0,0,0
2026-06-08 20:15:00,20.25,-0.8314696123025455,0.5555702330196018,0,0,0,0
2026-06-08 20:20:00,20.333333333333332,-0.8191520442889918,0.573576436351046,0,0,0,0
2026-06-08 20:25:00,20.416666666666668,-0.8064446042674829,0.591309648363582,0,0,0,0
2026-06-08 20:30:00,20.5,-0.7933533402912357,0.6087614290087199,0,0,0,0
2026-06-08 20:35:00,20.583333333333332,-0.7798844830928816,0.6259234721840593,0,0,0,0
2026-06-08 20:40:00,20.666666666666668,-0.7660444431189781,0.6427876096865393,0,0,0,0
2026-06-08 20:45:00,20.75,-0.7518398074789772,0.6593458151000691,0,0,0,0
2026-06-08 20:50:00,20.833333333333332,-0.7372773368101242,0.6755902076156601,0,0,0,0
2026-06-08 20:55:00,20.916666666666668,-0.7223639620597554,0.6915130557822695,0,0,0,0
2026-06-08 21:00:00,21.0,-0.7071067811865477,0.7071067811865474,0,0,0,0
2026-06-08 21:05:00,21.083333333333332,-0.6915130557822698,0.7223639620597551,0,0,0,0
2026-06-08 21:10:00,21.166666666666668,-0.6755902076156598,0.7372773368101244,0,0,0,0
2026-06-08 21:15:00,21.25,-0.6593458151000687,0.7518398074789775,0,0,0,0
2026-06-08 21:20:00,21.333333333333332,-0.6427876096865396,0.7660444431189778,0,0,0,0
2026-06-08 21:25:00,21.416666666666668,-0.625923472184059,0.7798844830928818,0,0,0,0
2026-06-08 21:30:00,21.5,-0.608761429008721,0.7933533402912349,0,0,0,0
2026-06-08 21:35:00,21.583333333333332,-0.591309648363583,0.8064446042674821,0,0,0,0
2026-06-08 21:40:00,21.666666666666668,-0.5735764363510465,0.8191520442889916,0,0,0,0
2026-06-08 21:45:00,21.75,-0.555570233019603,0.8314696123025447,0,0,0,0
2026-06-08 21:50:00,21.833333333333332,-0.537299608346825,0.8433914458128849,0,0,0,0
2026-06-08 21:55:00,21.916666666666668,-0.5187732581605214,0.8549118706729466,0,0,0,0
2026-06-08 22:00:00,22.0,-0.5000000000000004,0.8660254037844384,0,0,0,0
2026-06-08 22:05:00,22.083333333333332,-0.48098876891938774,0.8767267557075077,0,0,0,0
2026-06-08 22:10:00,22.166666666666668,-0.46174861323503363,0.8870108331782218,0,0,0,0
2026-06-08 22:15:00,22.25,-0.4422886902190014,0.8968727415326883,0,0,0,0
2026-06-08 22:20:00,22.333333333333332,-0.4226182617407,0.9063077870366497,0,0,0,0
2026-06-08 22:25:00,22.416666666666668,-0.40274668985873663,0.9153114791194474,0,0,0,0
2026-06-08 22:30:00,22.5,-0.38268343236508956,0.9238795325112868,0,0,0,0
2026-06-08 22:35:00,22.583333333333332,-0.36243803828370186,0.9320078692827984,0,0,0,0
2026-06-08 22:40:00,22.666666666666668,-0.3420201433256686,0.9396926207859084,0,0,0,0
2026-06-08 22:45:00,22.75,-0.32143946530316186,0.9469301294951056,0,0,0,0
2026-06-08 22:50:00,22.833333333333332,-0.30070579950427384,0.9537169507482267,0,0,0,0
2026-06-08 22:55:00,22.916666666666668,-0.2798290140309924,0.9600498543859286,0,0,0,0
2026-06-08 23:00:00,23.0,-0.25881904510252157,0.9659258262890681,0,0,0,0
2026-06-08 23:05:00,23.083333333333332,-0.23768589232617435,0.9713420698132611,0,0,0,0
2026-06-08 23:10:00,23.166666666666668,-0.21643961393810288,0.9762960071199334,0,0,0,0
2026-06-08 23:15:00,23.25,-0.19509032201612872,0.9807852804032303,0,0,0,0
2026-06-08 23:20:00,23.333333333333332,-0.1736481776669304,0.984807753012208,0,0,0,0
2026-06-08 23:25:00,23.416666666666668,-0.1521233861899172,0.9883615104677607,0,0,0,0
2026-06-08 23:30:00,23.5,-0.13052619222005168,0.9914448613738104,0,0,0,0
2026-06-08 23:35:00,23.583333333333332,-0.10886687485196514,0.9940563382223195,0,0,0,0
2026-06-08 23:40:00,23.666666666666668,-0.08715574274765743,0.9961946980917455,0,0,0,0
2026-06-08 23:45:00,23.75,-0.0654031292301428,0.9978589232386035,0,0,0,0
2026-06-08 23:50:00,23.833333333333332,-0.043619387365336194,0.9990482215818578,0,0,0,0
2026-06-08 23:55:00,23.916666666666668,-0.0218148850345609,0.9997620270799091,0,0,0,0
2026-06-09 00:00:00,0.0,0.0,1.0,1,0,0,0
2026-06-09 00:05:00,0.08333333333333333,0.02181488503456112,0.9997620270799091,1,0,0,0
2026-06-09 00:10:00,0.16666666666666666,0.043619387365336,0.9990482215818578,1,0,0,0
2026-06-09 00:15:00,0.25,0.06540312923014306,0.9978589232386035,1,0,0,0
2026-06-09 00:20:00,0.3333333333333333,0.08715574274765817,0.9961946980917455,1,0,0,0
2026-06-09 00:25:00,0.4166666666666667,0.10886687485196457,0.9940563382223196,1,0,0,0
2026-06-09 00:30:00,0.5,0.13052619222005157,0.9914448613738104,1,0,0,0
2026-06-09 00:35:00,0.5833333333333334,0.15212338618991672,0.9883615104677607,1,0,0,0
2026-06-09 00:40:00,0.6666666666666666,0.17364817766693033,0.984807753012208,1,0,0,0
2026-06-09 00:45:00,0.75,0.19509032201612825,0.9807852804032304,1,0,0,0
2026-06-09 00:50:00,0.8333333333333334,0.21643961393810288,0.9762960071199334,1,0,0,0
2026-06-09 00:55:00,0.9166666666666666,0.23768589232617307,0.9713420698132614,1,0,0,0
2026-06-09 01:00:00,1.0,0.25881904510252074,0.9659258262890683,1,0,0,0
2026-06-09 01:05:00,1.0833333333333333,0.27982901403099203,0.9600498543859287,1,0,0,0
2026-06-09 01:10:00,1.1666666666666667,0.3007057995042732,0.9537169507482269,1,0,0,0
2026-06-09 01:15:00,1.25,0.3214394653031616,0.9469301294951057,1,0,0,0
2026-06-09 01:20:00,1.3333333333333333,0.3420201433256687,0.9396926207859084,1,0,0,0
2026-06-09 01:25:00,1.4166666666666667,0.36243803828370164,0.9320078692827986,1,0,0,0
2026-06-09 01:30:00,1.5,0.3826834323650898,0.9238795325112867,1,0,0,0
2026-06-09 01:35:00,1.5833333333333335,0.40274668985873724,0.9153114791194471,1,0,0,0
2026-06-09 01:40:00,1.6666666666666665,0.4226182617406994,0.9063077870366499,1,0,0,0
2026-06-09 01:45:00,1.75,0.44228869021900125,0.8968727415326884,1,0,0,0
2026-06-09 01:50:00,1.8333333333333335,0.46174861323503397,0.8870108331782217,1,0,0,0
2026-06-09 01:55:00,1.9166666666666665,0.48098876891938763,0.8767267557075077,1,0,0,0
2026-06-09 02:00:00,2.0,0.49999999999999994,0.8660254037844387,1,0,0,0
2026-06-09 02:05:00,2.0833333333333335,0.5187732581605214,0.8549118706729466,1,0,0,0
2026-06-09 02:10:00,2.1666666666666665,0.5372996083468238,0.8433914458128857,1,0,0,0
2026-06-09 02:15:00,2.25,0.5555702330196022,0.8314696123025452,1,0,0,0
2026-06-09 02:20:00,2.3333333333333335,0.5735764363510462,0.8191520442889918,1,0,0,0
2026-06-09 02:25:00,2.4166666666666665,0.5913096483635824,0.8064446042674827,1,0,0,0
2026-06-09 02:30:00,2.5,0.6087614290087207,0.7933533402912352,1,0,0,0
2026-06-09 02:35:00,2.5833333333333335,0.6259234721840591,0.7798844830928818,1,0,0,0
2026-06-09 02:40:00,2.6666666666666665,0.6427876096865393,0.766044443118978,1,0,0,0
2026-06-09 02:45:00,2.75,0.6593458151000688,0.7518398074789774,1,0,0,0
2026-06-09 02:50:00,2.8333333333333335,0.6755902076156602,0.7372773368101241,1,0,0,0
2026-06-09 02:55:00,2.9166666666666665,0.6915130557822694,0.7223639620597556,1,0,0,0
2026-06-09 03:00:00,3.0,0.7071067811865476,0.7071067811865476,1,0,0,0
2026-06-09 03:05:00,3.0833333333333335,0.7223639620597555,0.6915130557822694,1,0,0,0
2026-06-09 03:10:00,3.1666666666666665,0.737277336810124,0.6755902076156602,1,0,0,0
2026-06-09 03:15:00,3.25,0.7518398074789774,0.6593458151000688,1,0,0,0
2026-06-09 03:20:00,3.3333333333333335,0.766044443118978,0.6427876096865394,1,0,0,0
2026-06-09 03:25:00,3.4166666666666665,0.7798844830928817,0.6259234721840591,1,0,0,0
2026-06-09 03:30:00,3.5,0.7933533402912352,0.6087614290087207,1,0,0,0
2026-06-09 03:35:00,3.5833333333333335,0.8064446042674825,0.5913096483635825,1,0,0,0
2026-06-09 03:40:00,3.6666666666666665,0.8191520442889917,0.5735764363510462,1,0,0,0
2026-06-09 03:45:00,3.75,0.8314696123025451,0.5555702330196024,1,0,0,0
2026-06-09 03:50:00,3.8333333333333335,0.8433914458128856,0.5372996083468239,1,0,0,0
2026-06-09 03:55:00,3.9166666666666665,0.8549118706729466,0.5187732581605216,1,0,0,0
2026-06-09 04:00:00,4.0,0.8660254037844386,0.5000000000000001,1,0,0,0
2026-06-09 04:05:00,4.083333333333333,0.8767267557075077,0.48098876891938774,1,0,0,0
2026-06-09 04:10:00,4.166666666666667,0.8870108331782217,0.46174861323503386,1,0,0,0
2026-06-09 04:15:00,4.25,0.8968727415326884,0.44228869021900125,1,0,0,0
2026-06-09 04:20:00,4.333333333333333,0.9063077870366498,0.4226182617406996,1,0,0,0
2026-06-09 04:25:00,4.416666666666667,0.9153114791194471,0.40274668985873724,1,0,0,0
2026-06-09 04:30:00,4.5,0.9238795325112867,0.38268343236508984,1,0,0,0
2026-06-09 04:35:00,4.583333333333333,0.9320078692827984,0.3624380382837017,1,0,0,0
2026-06-09 04:40:00,4.666666666666667,0.9396926207859084,0.3420201433256686,1,0,0,0
2026-06-09 04:45:00,4.75,0.9469301294951056,0.3214394653031617,1,0,0,0
2026-06-09 04:50:00,4.833333333333333,0.9537169507482268,0.3007057995042733,1,0,0,0
2026-06-09 04:55:00,4.916666666666667,0.9600498543859287,0.27982901403099203,1,0,0,0
2026-06-09 05:00:00,5.0,0.9659258262890683,0.25881904510252074,1,0,0,0
2026-06-09 05:05:00,5.083333333333333,0.9713420698132614,0.2376858923261731,1,0,0,0
2026-06-09 05:10:00,5.166666666666667,0.9762960071199334,0.2164396139381029,1,0,0,0
2026-06-09 05:15:00,5.25,0.9807852804032304,0.19509032201612833,1,0,0,0
2026-06-09 05:20:00,5.333333333333333,0.984807753012208,0.17364817766693041,1,0,0,0
2026-06-09 05:25:00,5.416666666666667,0.9883615104677607,0.1521233861899168,1,0,0,0
2026-06-09 05:30:00,5.5,0.9914448613738104,0.1305261922200517,1,0,0,0
2026-06-09 05:35:00,5.583333333333333,0.9940563382223196,0.10886687485196474,1,0,0,0
2026-06-09 05:40:00,5.666666666666667,0.9961946980917455,0.08715574274765814,1,0,0,0
2026-06-09 05:45:00,5.75,0.9978589232386035,0.06540312923014327,1,0,0,0
2026-06-09 05:50:00,5.833333333333333,0.9990482215818578,0.04361938736533601,1,0,0,0
2026-06-09 05:55:00,5.916666666666667,0.9997620270799091,0.021814885034560937,1,0,0,0
2026-06-09 06:00:00,6.0,1.0,6.123233995736766e-17,1,0,0,0
2026-06-09 06:05:00,6.083333333333333,0.9997620270799091,-0.02181488503456081,1,0,0,0
2026-06-09 06:10:00,6.166666666666667,0.9990482215818578,-0.04361938736533589,1,0,0,0
2026-06-09 06:15:00,6.25,0.9978589232386035,-0.06540312923014314,1,0,0,0
2026-06-09 06:20:00,6.333333333333333,0.9961946980917455,-0.08715574274765801,1,0,0,0
2026-06-09 06:25:00,6.416666666666667,0.9940563382223196,-0.10886687485196461,1,0,0,0
2026-06-09 06:30:00,6.5,0.9914448613738104,-0.1305261922200516,1,0,0,0
2026-06-09 06:35:00,6.583333333333333,0.9883615104677607,-0.1521233861899167,1,0,0,0
2026-06-09 06:40:00,6.666666666666667,0.984807753012208,-0.1736481776669303,1,0,0,0
2026-06-09 06:45:00,6.75,0.9807852804032304,-0.1950903220161282,1,0,0,0
2026-06-09 06:50:00,6.833333333333333,0.9762960071199334,-0.2164396139381028,1,0,0,0
2026-06-09 06:55:00,6.916666666666667,0.9713420698132614,-0.23768589232617318,1,0,0,0
2026-06-09 07:00:00,7.0,0.9659258262890683,-0.25881904510252063,1,0,0,0
2026-06-09 07:05:00,7.083333333333333,0.9600498543859287,-0.2798290140309919,1,0,0,0
2026-06-09 07:10:00,7.166666666666667,0.9537169507482269,-0.30070579950427295,1,0,0,0
2026-06-09 07:15:00,7.25,0.9469301294951057,-0.3214394653031616,1,0,0,0
2026-06-09 07:20:00,7.333333333333333,0.9396926207859084,-0.3420201433256685,1,0,0,0
2026-06-09 07:25:00,7.416666666666667,0.9320078692827986,-0.3624380382837016,1,0,0,0
2026-06-09 07:30:00,7.5,0.9238795325112868,-0.3826834323650895,1,0,0,0
2026-06-09 07:35:00,7.583333333333333,0.9153114791194472,-0.40274668985873713,1,0,0,0
2026-06-09 07:40:00,7.666666666666667,0.90630778703665,-0.42261826174069933,1,0,0,0
2026-06-09 07:45:00,7.75,0.8968727415326884,-0.44228869021900113,1,0,0,0
2026-06-09 07:50:00,7.833333333333333,0.8870108331782218,-0.4617486132350338,1,0,0,0
2026-06-09 07:55:00,7.916666666666667,0.8767267557075076,-0.48098876891938785,1,0,0,0
2026-06-09 08:00:00,8.0,0.8660254037844387,-0.4999999999999998,1,0,0,0
2026-06-09 08:05:00,8.083333333333334,0.8549118706729465,-0.5187732581605216,1,0,0,0
2026-06-09 08:10:00,8.166666666666666,0.8433914458128858,-0.5372996083468236,1,0,0,0
2026-06-09 08:15:00,8.25,0.8314696123025451,-0.5555702330196023,1,0,0,0
2026-06-09 08:20:00,8.333333333333334,0.8191520442889917,-0.5735764363510462,1,0,0,0
2026-06-09 08:25:00,8.416666666666666,0.8064446042674828,-0.5913096483635821,1,0,0,0
2026-06-09 08:30:00,8.5,0.7933533402912352,-0.6087614290087207,1,0,0,0
2026-06-09 08:35:00,8.583333333333334,0.7798844830928817,-0.6259234721840591,1,0,0,0
2026-06-09 08:40:00,8.666666666666666,0.7660444431189783,-0.642787609686539,1,0,0,0
2026-06-09 08:45:00,8.75,0.7518398074789774,-0.6593458151000688,1,0,0,0
2026-06-09 08:50:00,8.833333333333334,0.7372773368101241,-0.6755902076156602,1,0,0,0
2026-06-09 08:55:00,8.916666666666666,0.7223639620597556,-0.6915130557822693,1,0,0,0
2026-06-09 09:00:00,9.0,0.7071067811865476,-0.7071067811865475,1,0,0,0
2026-06-09 09:05:00,9.083333333333334,0.6915130557822694,-0.7223639620597555,1,0,0,0
2026-06-09 09:10:00,9.166666666666666,0.6755902076156604,-0.737277336810124,1,0,0,0
2026-06-09 09:15:00,9.25,0.659345815100069,-0.7518398074789773,1,0,0,0
2026-06-09 09:20:00,9.333333333333334,0.6427876096865391,-0.7660444431189782,1,0,0,0
2026-06-09 09:25:00,9.416666666666666,0.6259234721840592,-0.7798844830928817,1,0,0,0
2026-06-09 09:30:00,9.5,0.6087614290087209,-0.793353340291235,1,0,0,0
2026-06-09 09:35:00,9.583333333333334,0.5913096483635822,-0.8064446042674827,1,0,0,0
2026-06-09 09:40:00,9.666666666666666,0.5735764363510464,-0.8191520442889916,1,0,0,0
2026-06-09 09:45:00,9.75,0.5555702330196025,-0.831469612302545,1,0,0,0
2026-06-09 09:50:00,9.833333333333334,0.5372996083468238,-0.8433914458128857,1,0,0,0
2026-06-09 09:55:00,9.916666666666666,0.5187732581605218,-0.8549118706729464,1,0,0,0
2026-06-09 10:00:00,10.0,0.49999999999999994,-0.8660254037844387,1,0,0,0
2026-06-09 10:05:00,10.083333333333334,0.48098876891938763,-0.8767267557075077,1,0,0,0
2026-06-09 10:10:00,10.166666666666666,0.4617486132350339,-0.8870108331782217,1,0,0,0
2026-06-09 10:15:00,10.25,0.4422886902190017,-0.8968727415326881,1,0,0,0
2026-06-09 10:20:00,10.333333333333334,0.4226182617406995,-0.9063077870366499,1,0,0,0
2026-06-09 10:25:00,10.416666666666666,0.4027466898587373,-0.9153114791194471,1,0,0,0
2026-06-09 10:30:00,10.5,0.3826834323650899,-0.9238795325112867,1,0,0,0
2026-06-09 10:35:00,10.583333333333334,0.36243803828370136,-0.9320078692827987,1,0,0,0
2026-06-09 10:40:00,10.666666666666666,0.3420201433256689,-0.9396926207859083,1,0,0,0
2026-06-09 10:45:00,10.75,0.32143946530316175,-0.9469301294951056,1,0,0,0
2026-06-09 10:50:00,10.833333333333334,0.30070579950427334,-0.9537169507482268,1,0,0,0
2026-06-09 10:55:00,10.916666666666666,0.2798290140309927,-0.9600498543859285,1,0,0,0
2026-06-09 11:00:00,11.0,0.258819045102521,-0.9659258262890682,1,0,0,0
2026-06-09 11:05:00,11.083333333333334,0.23768589232617293,-0.9713420698132614,1,0,0,0
2026-06-09 11:10:00,11.166666666666666,0.21643961393810318,-0.9762960071199333,1,0,0,0
2026-06-09 11:15:00,11.25,0.19509032201612816,-0.9807852804032304,1,0,0,0
2026-06-09 11:20:00,11.333333333333334,0.17364817766693028,-0.984807753012208,1,0,0,0
2026-06-09 11:25:00,11.416666666666666,0.15212338618991708,-0.9883615104677607,1,0,0,0
2026-06-09 11:30:00,11.5,0.130526192220052,-0.9914448613738104,1,0,0,0
2026-06-09 11:35:00,11.583333333333334,0.10886687485196457,-0.9940563382223196,1,0,0,0
2026-06-09 11:40:00,11.666666666666666,0.0871557427476582,-0.9961946980917455,1,0,0,0
2026-06-09 11:45:00,11.75,0.06540312923014312,-0.9978589232386035,1,0,0,0
2026-06-09 11:50:00,11.833333333333334,0.043619387365335625,-0.9990482215818578,1,0,0,0
2026-06-09 11:55:00,11.916666666666666,0.021814885034561218,-0.9997620270799091,1,0,0,0
2026-06-09 12:00:00,12.0,1.2246467991473532e-16,-1.0,1,0,0,0
2026-06-09 12:05:00,12.083333333333334,-0.021814885034560975,-0.9997620270799091,1,0,0,0
2026-06-09 12:10:00,12.166666666666666,-0.04361938736533538,-0.9990482215818578,1,0,0,0
2026-06-09 12:15:00,12.25,-0.06540312923014287,-0.9978589232386035,1,0,0,0
2026-06-09 12:20:00,12.333333333333334,-0.08715574274765794,-0.9961946980917455,1,0,0,0
2026-06-09 12:25:00,12.416666666666666,-0.10886687485196432,-0.9940563382223196,1,0,0,0
2026-06-09 12:30:00,12.5,-0.13052619222005177,-0.9914448613738104,1,0,0,0
2026-06-09 12:35:00,12.583333333333334,-0.15212338618991683,-0.9883615104677607,1,0,0,0
2026-06-09 12:40:00,12.666666666666666,-0.17364817766693003,-0.9848077530122081,1,0,0,0
2026-06-09 12:45:00,12.75,-0.19509032201612792,-0.9807852804032305,1,0,0,0
2026-06-09 12:50:00,12.833333333333334,-0.21643961393810293,-0.9762960071199334,1,0,0,0
2026-06-09 12:55:00,12.916666666666666,-0.2376858923261727,-0.9713420698132615,1,0,0,0
2026-06-09 13:00:00,13.0,-0.2588190451025208,-0.9659258262890683,1,0,0,0
2026-06-09 13:05:00,13.083333333333334,-0.2798290140309925,-0.9600498543859286,1,0,0,0
2026-06-09 13:10:00,13.166666666666666,-0.30070579950427306,-0.9537169507482269,1,0,0,0
2026-06-09 13:15:00,13.25,-0.32143946530316153,-0.9469301294951057,1,0,0,0
2026-06-09 13:20:00,13.333333333333334,-0.34202014332566866,-0.9396926207859084,1,0,0,0
2026-06-09 13:25:00,13.416666666666666,-0.36243803828370114,-0.9320078692827987,1,0,0,0
2026-06-09 13:30:00,13.5,-0.38268343236508967,-0.9238795325112868,1,0,0,0
2026-06-09 13:35:00,13.583333333333334,-0.4027466898587371,-0.9153114791194472,1,0,0,0
2026-06-09 13:40:00,13.666666666666666,-0.4226182617406993,-0.90630778703665,1,0,0,0
2026-06-09 13:45:00,13.75,-0.44228869021900147,-0.8968727415326883,1,0,0,0
2026-06-09 13:50:00,13.833333333333334,-0.46174861323503413,-0.8870108331782216,1,0,0,0
2026-06-09 13:55:00,13.916666666666666,-0.4809887689193874,-0.8767267557075078,1,0,0,0
2026-06-09 14:00:00,14.0,-0.4999999999999997,-0.8660254037844388,1,0,0,0
2026-06-09 14:05:00,14.083333333333334,-0.5187732581605216,-0.8549118706729465,1,0,0,0
2026-06-09 14:10:00,14.166666666666666,-0.5372996083468236,-0.8433914458128858,1,0,0,0
2026-06-09 14:15:00,14.25,-0.555570233019602,-0.8314696123025455,1,0,0,0
2026-06-09 14:20:00,14.333333333333334,-0.5735764363510458,-0.819152044288992,1,0,0,0
2026-06-09 14:25:00,14.416666666666666,-0.5913096483635824,-0.8064446042674825,1,0,0,0
2026-06-09 14:30:00,14.5,-0.6087614290087207,-0.7933533402912352,1,0,0,0
2026-06-09 14:35:00,14.583333333333334,-0.6259234721840591,-0.7798844830928818,1,0,0,0
2026-06-09 14:40:00,14.666666666666666,-0.6427876096865389,-0.7660444431189783,1,0,0,0
2026-06-09 14:45:00,14.75,-0.6593458151000688,-0.7518398074789774,1,0,0,0
2026-06-09 14:50:00,14.833333333333334,-0.6755902076156601,-0.7372773368101241,1,0,0,0
2026-06-09 14:55:00,14.916666666666666,-0.691513055782269,-0.722363962059756,1,0,0,0
2026-06-09 15:00:00,15.0,-0.7071067811865471,-0.7071067811865479,1,0,0,0
2026-06-09 15:05:00,15.083333333333334,-0.7223639620597557,-0.6915130557822692,1,0,0,0
2026-06-09 15:10:00,15.166666666666666,-0.7372773368101239,-0.6755902076156604,1,0,0,0
2026-06-09 15:15:00,15.25,-0.7518398074789773,-0.6593458151000691,1,0,0,0
2026-06-09 15:20:00,15.333333333333334,-0.7660444431189779,-0.6427876096865395,1,0,0,0
2026-06-09 15:25:00,15.416666666666666,-0.7798844830928814,-0.6259234721840596,1,0,0,0
2026-06-09 15:30:00,15.5,-0.7933533402912349,-0.6087614290087209,1,0,0,0
2026-06-09 15:35:00,15.583333333333334,-0.8064446042674827,-0.5913096483635822,1,0,0,0
2026-06-09 15:40:00,15.666666666666666,-0.8191520442889916,-0.5735764363510464,1,0,0,0
2026-06-09 15:45:00,15.75,-0.8314696123025452,-0.5555702330196022,1,0,0,0
2026-06-09 15:50:00,15.833333333333334,-0.8433914458128859,-0.5372996083468234,1,0,0,0
2026-06-09 15:55:00,15.916666666666666,-0.8549118706729466,-0.5187732581605214,1,0,0,0
2026-06-09 16:00:00,16.0,-0.8660254037844385,-0.5000000000000004,1,0,0,0
2026-06-09 16:05:00,16.083333333333332,-0.8767267557075072,-0.48098876891938847,1,0,0,0
2026-06-09 16:10:00,16.166666666666668,-0.8870108331782218,-0.4617486132350336,1,0,0,0
2026-06-09 16:15:00,16.25,-0.8968727415326883,-0.44228869021900136,1,0,0,0
2026-06-09 16:20:00,16.333333333333332,-0.9063077870366497,-0.42261826174069994,1,0,0,0
2026-06-09 16:25:00,16.416666666666668,-0.9153114791194471,-0.40274668985873735,1,0,0,0
2026-06-09 16:30:00,16.5,-0.9238795325112868,-0.3826834323650895,1,0,0,0
2026-06-09 16:35:00,16.583333333333332,-0.9320078692827984,-0.3624380382837018,1,0,0,0
2026-06-09 16:40:00,16.666666666666668,-0.9396926207859084,-0.34202014332566855,1,0,0,0
2026-06-09 16:45:00,16.75,-0.9469301294951056,-0.3214394653031618,1,0,0,0
2026-06-09 16:50:00,16.833333333333332,-0.9537169507482267,-0.3007057995042738,1,0,0,0
2026-06-09 16:55:00,16.916666666666668,-0.9600498543859286,-0.27982901403099236,1,0,0,0
2026-06-09 17:00:00,17.0,-0.9659258262890683,-0.25881904510252063,1,0,0,0
2026-06-09 17:05:00,17.083333333333332,-0.9713420698132613,-0.23768589232617343,1,0,0,0
2026-06-09 17:10:00,17.166666666666668,-0.9762960071199334,-0.21643961393810282,1,0,0,0
2026-06-09 17:15:00,17.25,-0.9807852804032303,-0.19509032201612866,1,0,0,0
2026-06-09 17:20:00,17.333333333333332,-0.9848077530122079,-0.1736481776669312,1,0,0,0
2026-06-09 17:25:00,17.416666666666668,-0.9883615104677608,-0.15212338618991628,1,0,0,0
2026-06-09 17:30:00,17.5,-0.9914448613738104,-0.13052619222005163,1,0,0,0
2026-06-09 17:35:00,17.583333333333332,-0.9940563382223195,-0.10886687485196507,1,0,0,0
2026-06-09 17:40:00,17.666666666666668,-0.9961946980917455,-0.08715574274765825,1,0,0,0
2026-06-09 17:45:00,17.75,-0.9978589232386035,-0.06540312923014273,1,0,0,0
2026-06-09 17:50:00,17.833333333333332,-0.9990482215818578,-0.04361938736533613,1,0,0,0
2026-06-09 17:55:00,17.916666666666668,-0.9997620270799091,-0.021814885034560836,1,0,0,0
2026-06-09 18:00:00,18.0,-1.0,-1.8369701987210297e-16,1,0,0,0
2026-06-09 18:05:00,18.083333333333332,-0.9997620270799091,0.021814885034560468,1,0,0,0
2026-06-09 18:10:00,18.166666666666668,-0.9990482215818578,0.043619387365335764,1,0,0,0
2026-06-09 18:15:00,18.25,-0.9978589232386036,0.06540312923014237,1,0,0,0
2026-06-09 18:20:00,18.333333333333332,-0.9961946980917455,0.08715574274765789,1,0,0,0
2026-06-09 18:25:00,18.416666666666668,-0.9940563382223196,0.10886687485196471,1,0,0,0
2026-06-09 18:30:00,18.5,-0.9914448613738105,0.13052619222005127,1,0,0,0
2026-06-09 18:35:00,18.583333333333332,-0.9883615104677609,0.15212338618991592,1,0,0,0
2026-06-09 18:40:00,18.666666666666668,-0.984807753012208,0.17364817766693083,1,0,0,0
2026-06-09 18:45:00,18.75,-0.9807852804032304,0.1950903220161283,1,0,0,0
2026-06-09 18:50:00,18.833333333333332,-0.9762960071199335,0.21643961393810246,1,0,0,0
2026-06-09 18:55:00,18.916666666666668,-0.9713420698132614,0.23768589232617307,1,0,0,0
2026-06-09 19:00:00,19.0,-0.9659258262890684,0.2588190451025203,1,0,0,0
2026-06-09 19:05:00,19.083333333333332,-0.9600498543859287,0.279829014030992,1,0,0,0
2026-06-09 19:10:00,19.166666666666668,-0.9537169507482268,0.30070579950427345,1,0,0,0
2026-06-09 19:15:00,19.25,-0.9469301294951057,0.3214394653031615,1,0,0,0
2026-06-09 19:20:00,19.333333333333332,-0.9396926207859085,0.34202014332566816,1,0,0,0
2026-06-09 19:25:00,19.416666666666668,-0.9320078692827986,0.36243803828370147,1,0,0,0
2026-06-09 19:30:00,19.5,-0.923879532511287,0.38268343236508917,1,0,0,0
2026-06-09 19:35:00,19.583333333333332,-0.9153114791194472,0.402746689858737,1,0,0,0
2026-06-09 19:40:00,19.666666666666668,-0.9063077870366498,0.4226182617406996,1,0,0,0
2026-06-09 19:45:00,19.75,-0.8968727415326884,0.442288690219001,1,0,0,0
2026-06-09 19:50:00,19.833333333333332,-0.887010833178222,0.46174861323503325,1,0,0,0
2026-06-09 19:55:00,19.916666666666668,-0.8767267557075075,0.48098876891938813,1,0,0,0
2026-06-09 20:00:00,20.0,-0.8660254037844386,0.5000000000000001,1,0,0,0
2026-06-09 20:05:00,20.083333333333332,-0.8549118706729468,0.5187732581605211,1,0,0,0
2026-06-09 20:10:00,20.166666666666668,-0.8433914458128857,0.5372996083468239,1,0,0,0
2026-06-09 20:15:00,20.25,-0.8314696123025455,0.5555702330196018,1,0,0,0
2026-06-09 20:20:00,20.333333333333332,-0.8191520442889918,0.573576436351046,1,0,0,0
2026-06-09 20:25:00,20.416666666666668,-0.8064446042674829,0.591309648363582,1,0,0,0
2026-06-09 20:30:00,20.5,-0.7933533402912357,0.6087614290087199,1,0,0,0
2026-06-09 20:35:00,20.583333333333332,-0.7798844830928816,0.6259234721840593,1,0,0,0
2026-06-09 20:40:00,20.666666666666668,-0.7660444431189781,0.6427876096865393,1,0,0,0
2026-06-09 20:45:00,20.75,-0.7518398074789772,0.6593458151000691,1,0,0,0
2026-06-09 20:50:00,20.833333333333332,-0.7372773368101242,0.6755902076156601,1,0,0,0
2026-06-09 20:55:00,20.916666666666668,-0.7223639620597554,0.6915130557822695,1,0,0,0
2026-06-09 21:00:00,21.0,-0.7071067811865477,0.7071067811865474,1,0,0,0
2026-06-09 21:05:00,21.083333333333332,-0.6915130557822698,0.7223639620597551,1,0,0,0
2026-06-09 21:10:00,21.166666666666668,-0.6755902076156598,0.7372773368101244,1,0,0,0
2026-06-09 21:15:00,21.25,-0.6593458151000687,0.7518398074789775,1,0,0,0
2026-06-09 21:20:00,21.333333333333332,-0.6427876096865396,0.7660444431189778,1,0,0,0
2026-06-09 21:25:00,21.416666666666668,-0.625923472184059,0.7798844830928818,1,0,0,0
2026-06-09 21:30:00,21.5,-0.608761429008721,0.7933533402912349,1,0,0,0
2026-06-09 21:35:00,21.583333333333332,-0.591309648363583,0.8064446042674821,1,0,0,0
2026-06-09 21:40:00,21.666666666666668,-0.5735764363510465,0.8191520442889916,1,0,0,0
2026-06-09 21:45:00,21.75,-0.555570233019603,0.8314696123025447,1,0,0,0
2026-06-09 21:50:00,21.833333333333332,-0.537299608346825,0.8433914458128849,1,0,0,0
2026-06-09 21:55:00,21.916666666666668,-0.5187732581605214,0.8549118706729466,1,0,0,0
2026-06-09 22:00:00,22.0,-0.5000000000000004,0.8660254037844384,1,0,0,0
2026-06-09 22:05:00,22.083333333333332,-0.48098876891938774,0.8767267557075077,1,0,0,0
2026-06-09 22:10:00,22.166666666666668,-0.46174861323503363,0.8870108331782218,1,0,0,0
2026-06-09 22:15:00,22.25,-0.4422886902190014,0.8968727415326883,1,0,0,0
2026-06-09 22:20:00,22.333333333333332,-0.4226182617407,0.9063077870366497,1,0,0,0
2026-06-09 22:25:00,22.416666666666668,-0.40274668985873663,0.9153114791194474,1,0,0,0
2026-06-09 22:30:00,22.5,-0.38268343236508956,0.9238795325112868,1,0,0,0
2026-06-09 22:35:00,22.583333333333332,-0.36243803828370186,0.9320078692827984,1,0,0,0
2026-06-09 22:40:00,22.666666666666668,-0.3420201433256686,0.9396926207859084,1,0,0,0
2026-06-09 22:45:00,22.75,-0.32143946530316186,0.9469301294951056,1,0,0,0
2026-06-09 22:50:00,22.833333333333332,-0.30070579950427384,0.9537169507482267,1,0,0,0
2026-06-09 22:55:00,22.916666666666668,-0.2798290140309924,0.9600498543859286,1,0,0,0
2026-06-09 23:00:00,23.0,-0.25881904510252157,0.9659258262890681,1,0,0,0
2026-06-09 23:05:00,23.083333333333332,-0.23768589232617435,0.9713420698132611,1,0,0,0
2026-06-09 23:10:00,23.166666666666668,-0.21643961393810288,0.9762960071199334,1,0,0,0
2026-06-09 23:15:00,23.25,-0.19509032201612872,0.9807852804032303,1,0,0,0
2026-06-09 23:20:00,23.333333333333332,-0.1736481776669304,0.984807753012208,1,0,0,0
2026-06-09 23:25:00,23.416666666666668,-0.1521233861899172,0.9883615104677607,1,0,0,0
2026-06-09 23:30:00,23.5,-0.13052619222005168,0.9914448613738104,1,0,0,0
2026-06-09 23:35:00,23.583333333333332,-0.10886687485196514,0.9940563382223195,1,0,0,0
2026-06-09 23:40:00,23.666666666666668,-0.08715574274765743,0.9961946980917455,1,0,0,0
2026-06-09 23:45:00,23.75,-0.0654031292301428,0.9978589232386035,1,0,0,0
2026-06-09 23:50:00,23.833333333333332,-0.043619387365336194,0.9990482215818578,1,0,0,0
2026-06-09 23:55:00,23.916666666666668,-0.0218148850345609,0.9997620270799091,1,0,0,0
2026-06-10 00:00:00,0.0,0.0,1.0,2,0,0,0
2026-06-10 00:05:00,0.08333333333333333,0.02181488503456112,0.9997620270799091,2,0,0,0
2026-06-10 00:10:00,0.16666666666666666,0.043619387365336,0.9990482215818578,2,0,0,0
2026-06-10 00:15:00,0.25,0.06540312923014306,0.9978589232386035,2,0,0,0
2026-06-10 00:20:00,0.3333333333333333,0.08715574274765817,0.9961946980917455,2,0,0,0
2026-06-10 00:25:00,0.4166666666666667,0.10886687485196457,0.9940563382223196,2,0,0,0
2026-06-10 00:30:00,0.5,0.13052619222005157,0.9914448613738104,2,0,0,0
2026-06-10 00:35:00,0.5833333333333334,0.15212338618991672,0.9883615104677607,2,0,0,0
2026-06-10 00:40:00,0.6666666666666666,0.17364817766693033,0.984807753012208,2,0,0,0
2026-06-10 00:45:00,0.75,0.19509032201612825,0.9807852804032304,2,0,0,0
2026-06-10 00:50:00,0.8333333333333334,0.21643961393810288,0.9762960071199334,2,0,0,0
2026-06-10 00:55:00,0.9166666666666666,0.23768589232617307,0.9713420698132614,2,0,0,0
2026-06-10 01:00:00,1.0,0.25881904510252074,0.9659258262890683,2,0,0,0
2026-06-10 01:05:00,1.0833333333333333,0.27982901403099203,0.9600498543859287,2,0,0,0
2026-06-10 01:10:00,1.1666666666666667,0.3007057995042732,0.9537169507482269,2,0,0,0
2026-06-10 01:15:00,1.25,0.3214394653031616,0.9469301294951057,2,0,0,0
2026-06-10 01:20:00,1.3333333333333333,0.3420201433256687,0.9396926207859084,2,0,0,0
2026-06-10 01:25:00,1.4166666666666667,0.36243803828370164,0.9320078692827986,2,0,0,0
2026-06-10 01:30:00,1.5,0.3826834323650898,0.9238795325112867,2,0,0,0
2026-06-10 01:35:00,1.5833333333333335,0.40274668985873724,0.9153114791194471,2,0,0,0
2026-06-10 01:40:00,1.6666666666666665,0.4226182617406994,0.9063077870366499,2,0,0,0
2026-06-10 01:45:00,1.75,0.44228869021900125,0.8968727415326884,2,0,0,0
2026-06-10 01:50:00,1.8333333333333335,0.46174861323503397,0.8870108331782217,2,0,0,0
2026-06-10 01:55:00,1.9166666666666665,0.48098876891938763,0.8767267557075077,2,0,0,0
2026-06-10 02:00:00,2.0,0.49999999999999994,0.8660254037844387,2,0,0,0
2026-06-10 02:05:00,2.0833333333333335,0.5187732581605214,0.8549118706729466,2,0,0,0
2026-06-10 02:10:00,2.1666666666666665,0.5372996083468238,0.8433914458128857,2,0,0,0
2026-06-10 02:15:00,2.25,0.5555702330196022,0.8314696123025452,2,0,0,0
2026-06-10 02:20:00,2.3333333333333335,0.5735764363510462,0.8191520442889918,2,0,0,0
2026-06-10 02:25:00,2.4166666666666665,0.5913096483635824,0.8064446042674827,2,0,0,0
2026-06-10 02:30:00,2.5,0.6087614290087207,0.7933533402912352,2,0,0,0
2026-06-10 02:35:00,2.5833333333333335,0.6259234721840591,0.7798844830928818,2,0,0,0
2026-06-10 02:40:00,2.6666666666666665,0.6427876096865393,0.766044443118978,2,0,0,0
2026-06-10 02:45:00,2.75,0.6593458151000688,0.7518398074789774,2,0,0,0
2026-06-10 02:50:00,2.8333333333333335,0.6755902076156602,0.7372773368101241,2,0,0,0
2026-06-10 02:55:00,2.9166666666666665,0.6915130557822694,0.7223639620597556,2,0,0,0
2026-06-10 03:00:00,3.0,0.7071067811865476,0.7071067811865476,2,0,0,0
2026-06-10 03:05:00,3.0833333333333335,0.7223639620597555,0.6915130557822694,2,0,0,0
2026-06-10 03:10:00,3.1666666666666665,0.737277336810124,0.6755902076156602,2,0,0,0
2026-06-10 03:15:00,3.25,0.7518398074789774,0.6593458151000688,2,0,0,0
2026-06-10 03:20:00,3.3333333333333335,0.766044443118978,0.6427876096865394,2,0,0,0
2026-06-10 03:25:00,3.4166666666666665,0.7798844830928817,0.6259234721840591,2,0,0,0
2026-06-10 03:30:00,3.5,0.7933533402912352,0.6087614290087207,2,0,0,0
2026-06-10 03:35:00,3.5833333333333335,0.8064446042674825,0.5913096483635825,2,0,0,0
2026-06-10 03:40:00,3.6666666666666665,0.8191520442889917,0.5735764363510462,2,0,0,0
2026-06-10 03:45:00,3.75,0.8314696123025451,0.5555702330196024,2,0,0,0
2026-06-10 03:50:00,3.8333333333333335,0.8433914458128856,0.5372996083468239,2,0,0,0
2026-06-10 03:55:00,3.9166666666666665,0.8549118706729466,0.5187732581605216,2,0,0,0
2026-06-10 04:00:00,4.0,0.8660254037844386,0.5000000000000001,2,0,0,0
2026-06-10 04:05:00,4.083333333333333,0.8767267557075077,0.48098876891938774,2,0,0,0
2026-06-10 04:10:00,4.166666666666667,0.8870108331782217,0.46174861323503386,2,0,0,0
2026-06-10 04:15:00,4.25,0.8968727415326884,0.44228869021900125,2,0,0,0
2026-06-10 04:20:00,4.333333333333333,0.9063077870366498,0.4226182617406996,2,0,0,0
2026-06-10 04:25:00,4.416666666666667,0.9153114791194471,0.40274668985873724,2,0,0,0
2026-06-10 04:30:00,4.5,0.9238795325112867,0.38268343236508984,2,0,0,0
2026-06-10 04:35:00,4.583333333333333,0.9320078692827984,0.3624380382837017,2,0,0,0
2026-06-10 04:40:00,4.666666666666667,0.9396926207859084,0.3420201433256686,2,0,0,0
2026-06-10 04:45:00,4.75,0.9469301294951056,0.3214394653031617,2,0,0,0
2026-06-10 04:50:00,4.833333333333333,0.9537169507482268,0.3007057995042733,2,0,0,0
2026-06-10 04:55:00,4.916666666666667,0.9600498543859287,0.27982901403099203,2,0,0,0
2026-06-10 05:00:00,5.0,0.9659258262890683,0.25881904510252074,2,0,0,0
2026-06-10 05:05:00,5.083333333333333,0.9713420698132614,0.2376858923261731,2,0,0,0
2026-06-10 05:10:00,5.166666666666667,0.9762960071199334,0.2164396139381029,2,0,0,0
2026-06-10 05:15:00,5.25,0.9807852804032304,0.19509032201612833,2,0,0,0
2026-06-10 05:20:00,5.333333333333333,0.984807753012208,0.17364817766693041,2,0,0,0
2026-06-10 05:25:00,5.416666666666667,0.9883615104677607,0.1521233861899168,2,0,0,0
2026-06-10 05:30:00,5.5,0.9914448613738104,0.1305261922200517,2,0,0,0
2026-06-10 05:35:00,5.583333333333333,0.9940563382223196,0.10886687485196474,2,0,0,0
2026-06-10 05:40:00,5.666666666666667,0.9961946980917455,0.08715574274765814,2,0,0,0
2026-06-10 05:45:00,5.75,0.9978589232386035,0.06540312923014327,2,0,0,0
2026-06-10 05:50:00,5.833333333333333,0.9990482215818578,0.04361938736533601,2,0,0,0
2026-06-10 05:55:00,5.916666666666667,0.9997620270799091,0.021814885034560937,2,0,0,0
2026-06-10 06:00:00,6.0,1.0,6.123233995736766e-17,2,0,0,0
2026-06-10 06:05:00,6.083333333333333,0.9997620270799091,-0.02181488503456081,2,0,0,0
2026-06-10 06:10:00,6.166666666666667,0.9990482215818578,-0.04361938736533589,2,0,0,0
2026-06-10 06:15:00,6.25,0.9978589232386035,-0.06540312923014314,2,0,0,0
2026-06-10 06:20:00,6.333333333333333,0.9961946980917455,-0.08715574274765801,2,0,0,0
2026-06-10 06:25:00,6.416666666666667,0.9940563382223196,-0.10886687485196461,2,0,0,0
2026-06-10 06:30:00,6.5,0.9914448613738104,-0.1305261922200516,2,0,0,0
2026-06-10 06:35:00,6.583333333333333,0.9883615104677607,-0.1521233861899167,2,0,0,0
2026-06-10 06:40:00,6.666666666666667,0.984807753012208,-0.1736481776669303,2,0,0,0
2026-06-10 06:45:00,6.75,0.9807852804032304,-0.1950903220161282,2,0,0,0
2026-06-10 06:50:00,6.833333333333333,0.9762960071199334,-0.2164396139381028,2,0,0,0
2026-06-10 06:55:00,6.916666666666667,0.9713420698132614,-0.23768589232617318,2,0,0,0
2026-06-10 07:00:00,7.0,0.9659258262890683,-0.25881904510252063,2,0,0,0
2026-06-10 07:05:00,7.083333333333333,0.9600498543859287,-0.2798290140309919,2,0,0,0
2026-06-10 07:10:00,7.166666666666667,0.9537169507482269,-0.30070579950427295,2,0,0,0
2026-06-10 07:15:00,7.25,0.9469301294951057,-0.3214394653031616,2,0,0,0
2026-06-10 07:20:00,7.333333333333333,0.9396926207859084,-0.3420201433256685,2,0,0,0
2026-06-10 07:25:00,7.416666666666667,0.9320078692827986,-0.3624380382837016,2,0,0,0
2026-06-10 07:30:00,7.5,0.9238795325112868,-0.3826834323650895,2,0,0,0
2026-06-10 07:35:00,7.583333333333333,0.9153114791194472,-0.40274668985873713,2,0,0,0
2026-06-10 07:40:00,7.666666666666667,0.90630778703665,-0.42261826174069933,2,0,0,0
2026-06-10 07:45:00,7.75,0.8968727415326884,-0.44228869021900113,2,0,0,0
2026-06-10 07:50:00,7.833333333333333,0.8870108331782218,-0.4617486132350338,2,0,0,0
2026-06-10 07:55:00,7.916666666666667,0.8767267557075076,-0.48098876891938785,2,0,0,0
2026-06-10 08:00:00,8.0,0.8660254037844387,-0.4999999999999998,2,0,0,0
2026-06-10 08:05:00,8.083333333333334,0.8549118706729465,-0.5187732581605216,2,0,0,0
2026-06-10 08:10:00,8.166666666666666,0.8433914458128858,-0.5372996083468236,2,0,0,0
2026-06-10 08:15:00,8.25,0.8314696123025451,-0.5555702330196023,2,0,0,0
2026-06-10 08:20:00,8.333333333333334,0.8191520442889917,-0.5735764363510462,2,0,0,0
2026-06-10 08:25:00,8.416666666666666,0.8064446042674828,-0.5913096483635821,2,0,0,0
2026-06-10 08:30:00,8.5,0.7933533402912352,-0.6087614290087207,2,0,0,0
2026-06-10 08:35:00,8.583333333333334,0.7798844830928817,-0.6259234721840591,2,0,0,0
2026-06-10 08:40:00,8.666666666666666,0.7660444431189783,-0.642787609686539,2,0,0,0
2026-06-10 08:45:00,8.75,0.7518398074789774,-0.6593458151000688,2,0,0,0
2026-06-10 08:50:00,8.833333333333334,0.7372773368101241,-0.6755902076156602,2,0,0,0
2026-06-10 08:55:00,8.916666666666666,0.7223639620597556,-0.6915130557822693,2,0,0,0
2026-06-10 09:00:00,9.0,0.7071067811865476,-0.7071067811865475,2,0,0,0
2026-06-10 09:05:00,9.083333333333334,0.6915130557822694,-0.7223639620597555,2,0,0,0
2026-06-10 09:10:00,9.166666666666666,0.6755902076156604,-0.737277336810124,2,0,0,0
2026-06-10 09:15:00,9.25,0.659345815100069,-0.7518398074789773,2,0,0,0
2026-06-10 09:20:00,9.333333333333334,0.6427876096865391,-0.7660444431189782,2,0,0,0
2026-06-10 09:25:00,9.416666666666666,0.6259234721840592,-0.7798844830928817,2,0,0,0
2026-06-10 09:30:00,9.5,0.6087614290087209,-0.793353340291235,2,0,0,0
2026-06-10 09:35:00,9.583333333333334,0.5913096483635822,-0.8064446042674827,2,0,0,0
2026-06-10 09:40:00,9.666666666666666,0.5735764363510464,-0.8191520442889916,2,0,0,0
2026-06-10 09:45:00,9.75,0.5555702330196025,-0.831469612302545,2,0,0,0
2026-06-10 09:50:00,9.833333333333334,0.5372996083468238,-0.8433914458128857,2,0,0,0
2026-06-10 09:55:00,9.916666666666666,0.5187732581605218,-0.8549118706729464,2,0,0,0
2026-06-10 10:00:00,10.0,0.49999999999999994,-0.8660254037844387,2,0,0,0
2026-06-10 10:05:00,10.083333333333334,0.48098876891938763,-0.8767267557075077,2,0,0,0
2026-06-10 10:10:00,10.166666666666666,0.4617486132350339,-0.8870108331782217,2,0,0,0
2026-06-10 10:15:00,10.25,0.4422886902190017,-0.8968727415326881,2,0,0,0
2026-06-10 10:20:00,10.333333333333334,0.4226182617406995,-0.9063077870366499,2,0,0,0
2026-06-10 10:25:00,10.416666666666666,0.4027466898587373,-0.9153114791194471,2,0,0,0
2026-06-10 10:30:00,10.5,0.3826834323650899,-0.9238795325112867,2,0,0,0
2026-06-10 10:35:00,10.583333333333334,0.36243803828370136,-0.9320078692827987,2,0,0,0
2026-06-10 10:40:00,10.666666666666666,0.3420201433256689,-0.9396926207859083,2,0,0,0
2026-06-10 10:45:00,10.75,0.32143946530316175,-0.9469301294951056,2,0,0,0
2026-06-10 10:50:00,10.833333333333334,0.30070579950427334,-0.9537169507482268,2,0,0,0
2026-06-10 10:55:00,10.916666666666666,0.2798290140309927,-0.9600498543859285,2,0,0,0
2026-06-10 11:00:00,11.0,0.258819045102521,-0.9659258262890682,2,0,0,0
2026-06-10 11:05:00,11.083333333333334,0.23768589232617293,-0.9713420698132614,2,0,0,0
2026-06-10 11:10:00,11.166666666666666,0.21643961393810318,-0.9762960071199333,2,0,0,0
2026-06-10 11:15:00,11.25,0.19509032201612816,-0.9807852804032304,2,0,0,0
2026-06-10 11:20:00,11.333333333333334,0.17364817766693028,-0.984807753012208,2,0,0,0
2026-06-10 11:25:00,11.416666666666666,0.15212338618991708,-0.9883615104677607,2,0,0,0
2026-06-10 11:30:00,11.5,0.130526192220052,-0.9914448613738104,2,0,0,0
2026-06-10 11:35:00,11.583333333333334,0.10886687485196457,-0.9940563382223196,2,0,0,0
2026-06-10 11:40:00,11.666666666666666,0.0871557427476582,-0.9961946980917455,2,0,0,0
2026-06-10 11:45:00,11.75,0.06540312923014312,-0.9978589232386035,2,0,0,0
2026-06-10 11:50:00,11.833333333333334,0.043619387365335625,-0.9990482215818578,2,0,0,0
2026-06-10 11:55:00,11.916666666666666,0.021814885034561218,-0.9997620270799091,2,0,0,0
2026-06-10 12:00:00,12.0,1.2246467991473532e-16,-1.0,2,0,0,0
2026-06-10 12:05:00,12.083333333333334,-0.021814885034560975,-0.9997620270799091,2,0,0,0
2026-06-10 12:10:00,12.166666666666666,-0.04361938736533538,-0.9990482215818578,2,0,0,0
2026-06-10 12:15:00,12.25,-0.06540312923014287,-0.9978589232386035,2,0,0,0
2026-06-10 12:20:00,12.333333333333334,-0.08715574274765794,-0.9961946980917455,2,0,0,0
2026-06-10 12:25:00,12.416666666666666,-0.10886687485196432,-0.9940563382223196,2,0,0,0
2026-06-10 12:30:00,12.5,-0.13052619222005177,-0.9914448613738104,2,0,0,0
2026-06-10 12:35:00,12.583333333333334,-0.15212338618991683,-0.9883615104677607,2,0,0,0
2026-06-10 12:40:00,12.666666666666666,-0.17364817766693003,-0.9848077530122081,2,0,0,0
2026-06-10 12:45:00,12.75,-0.19509032201612792,-0.9807852804032305,2,0,0,0
2026-06-10 12:50:00,12.833333333333334,-0.21643961393810293,-0.9762960071199334,2,0,0,0
2026-06-10 12:55:00,12.916666666666666,-0.2376858923261727,-0.9713420698132615,2,0,0,0
2026-06-10 13:00:00,13.0,-0.2588190451025208,-0.9659258262890683,2,0,0,0
2026-06-10 13:05:00,13.083333333333334,-0.2798290140309925,-0.9600498543859286,2,0,0,0
2026-06-10 13:10:00,13.166666666666666,-0.30070579950427306,-0.9537169507482269,2,0,0,0
2026-06-10 13:15:00,13.25,-0.32143946530316153,-0.9469301294951057,2,0,0,0
2026-06-10 13:20:00,13.333333333333334,-0.34202014332566866,-0.9396926207859084,2,0,0,0
2026-06-10 13:25:00,13.416666666666666,-0.36243803828370114,-0.9320078692827987,2,0,0,0
2026-06-10 13:30:00,13.5,-0.38268343236508967,-0.9238795325112868,2,0,0,0
2026-06-10 13:35:00,13.583333333333334,-0.4027466898587371,-0.9153114791194472,2,0,0,0
2026-06-10 13:40:00,13.666666666666666,-0.4226182617406993,-0.90630778703665,2,0,0,0
2026-06-10 13:45:00,13.75,-0.44228869021900147,-0.8968727415326883,2,0,0,0
2026-06-10 13:50:00,13.833333333333334,-0.46174861323503413,-0.8870108331782216,2,0,0,0
2026-06-10 13:55:00,13.916666666666666,-0.4809887689193874,-0.8767267557075078,2,0,0,0
2026-06-10 14:00:00,14.0,-0.4999999999999997,-0.8660254037844388,2,0,0,0
2026-06-10 14:05:00,14.083333333333334,-0.5187732581605216,-0.8549118706729465,2,0,0,0
2026-06-10 14:10:00,14.166666666666666,-0.5372996083468236,-0.8433914458128858,2,0,0,0
2026-06-10 14:15:00,14.25,-0.555570233019602,-0.8314696123025455,2,0,0,0
2026-06-10 14:20:00,14.333333333333334,-0.5735764363510458,-0.819152044288992,2,0,0,0
2026-06-10 14:25:00,14.416666666666666,-0.5913096483635824,-0.8064446042674825,2,0,0,0
2026-06-10 14:30:00,14.5,-0.6087614290087207,-0.7933533402912352,2,0,0,0
2026-06-10 14:35:00,14.583333333333334,-0.6259234721840591,-0.7798844830928818,2,0,0,0
2026-06-10 14:40:00,14.666666666666666,-0.6427876096865389,-0.7660444431189783,2,0,0,0
2026-06-10 14:45:00,14.75,-0.6593458151000688,-0.7518398074789774,2,0,0,0
2026-06-10 14:50:00,14.833333333333334,-0.6755902076156601,-0.7372773368101241,2,0,0,0
2026-06-10 14:55:00,14.916666666666666,-0.691513055782269,-0.722363962059756,2,0,0,0
2026-06-10 15:00:00,15.0,-0.7071067811865471,-0.7071067811865479,2,0,0,0
2026-06-10 15:05:00,15.083333333333334,-0.7223639620597557,-0.6915130557822692,2,0,0,0
2026-06-10 15:10:00,15.166666666666666,-0.7372773368101239,-0.6755902076156604,2,0,0,0
2026-06-10 15:15:00,15.25,-0.7518398074789773,-0.6593458151000691,2,0,0,0
2026-06-10 15:20:00,15.333333333333334,-0.7660444431189779,-0.6427876096865395,2,0,0,0
2026-06-10 15:25:00,15.416666666666666,-0.7798844830928814,-0.6259234721840596,2,0,0,0
2026-06-10 15:30:00,15.5,-0.7933533402912349,-0.6087614290087209,2,0,0,0
2026-06-10 15:35:00,15.583333333333334,-0.8064446042674827,-0.5913096483635822,2,0,0,0
2026-06-10 15:40:00,15.666666666666666,-0.8191520442889916,-0.5735764363510464,2,0,0,0
2026-06-10 15:45:00,15.75,-0.8314696123025452,-0.5555702330196022,2,0,0,0
2026-06-10 15:50:00,15.833333333333334,-0.8433914458128859,-0.5372996083468234,2,0,0,0
2026-06-10 15:55:00,15.916666666666666,-0.8549118706729466,-0.5187732581605214,2,0,0,0
2026-06-10 16:00:00,16.0,-0.8660254037844385,-0.5000000000000004,2,0,0,0
2026-06-10 16:05:00,16.083333333333332,-0.8767267557075072,-0.48098876891938847,2,0,0,0
2026-06-10 16:10:00,16.166666666666668,-0.8870108331782218,-0.4617486132350336,2,0,0,0
2026-06-10 16:15:00,16.25,-0.8968727415326883,-0.44228869021900136,2,0,0,0
2026-06-10 16:20:00,16.333333333333332,-0.9063077870366497,-0.42261826174069994,2,0,0,0
2026-06-10 16:25:00,16.416666666666668,-0.9153114791194471,-0.40274668985873735,2,0,0,0
2026-06-10 16:30:00,16.5,-0.9238795325112868,-0.3826834323650895,2,0,0,0
2026-06-10 16:35:00,16.583333333333332,-0.9320078692827984,-0.3624380382837018,2,0,0,0
2026-06-10 16:40:00,16.666666666666668,-0.9396926207859084,-0.34202014332566855,2,0,0,0
2026-06-10 16:45:00,16.75,-0.9469301294951056,-0.3214394653031618,2,0,0,0
2026-06-10 16:50:00,16.833333333333332,-0.9537169507482267,-0.3007057995042738,2,0,0,0
2026-06-10 16:55:00,16.916666666666668,-0.9600498543859286,-0.27982901403099236,2,0,0,0
2026-06-10 17:00:00,17.0,-0.9659258262890683,-0.25881904510252063,2,0,0,0
2026-06-10 17:05:00,17.083333333333332,-0.9713420698132613,-0.23768589232617343,2,0,0,0
2026-06-10 17:10:00,17.166666666666668,-0.9762960071199334,-0.21643961393810282,2,0,0,0
2026-06-10 17:15:00,17.25,-0.9807852804032303,-0.19509032201612866,2,0,0,0
2026-06-10 17:20:00,17.333333333333332,-0.9848077530122079,-0.1736481776669312,2,0,0,0
2026-06-10 17:25:00,17.416666666666668,-0.9883615104677608,-0.15212338618991628,2,0,0,0
2026-06-10 17:30:00,17.5,-0.9914448613738104,-0.13052619222005163,2,0,0,0
2026-06-10 17:35:00,17.583333333333332,-0.9940563382223195,-0.10886687485196507,2,0,0,0
2026-06-10 17:40:00,17.666666666666668,-0.9961946980917455,-0.08715574274765825,2,0,0,0
2026-06-10 17:45:00,17.75,-0.9978589232386035,-0.06540312923014273,2,0,0,0
2026-06-10 17:50:00,17.833333333333332,-0.9990482215818578,-0.04361938736533613,2,0,0,0
2026-06-10 17:55:00,17.916666666666668,-0.9997620270799091,-0.021814885034560836,2,0,0,0
2026-06-10 18:00:00,18.0,-1.0,-1.8369701987210297e-16,2,0,0,0
2026-06-10 18:05:00,18.083333333333332,-0.9997620270799091,0.021814885034560468,2,0,0,0
2026-06-10 18:10:00,18.166666666666668,-0.9990482215818578,0.043619387365335764,2,0,0,0
2026-06-10 18:15:00,18.25,-0.9978589232386036,0.06540312923014237,2,0,0,0
2026-06-10 18:20:00,18.333333333333332,-0.9961946980917455,0.08715574274765789,2,0,0,0
2026-06-10 18:25:00,18.416666666666668,-0.9940563382223196,0.10886687485196471,2,0,0,0
2026-06-10 18:30:00,18.5,-0.9914448613738105,0.13052619222005127,2,0,0,0
2026-06-10 18:35:00,18.583333333333332,-0.9883615104677609,0.15212338618991592,2,0,0,0
2026-06-10 18:40:00,18.666666666666668,-0.984807753012208,0.17364817766693083,2,0,0,0
2026-06-10 18:45:00,18.75,-0.9807852804032304,0.1950903220161283,2,0,0,0
2026-06-10 18:50:00,18.833333333333332,-0.9762960071199335,0.21643961393810246,2,0,0,0
2026-06-10 18:55:00,18.916666666666668,-0.9713420698132614,0.23768589232617307,2,0,0,0
2026-06-10 19:00:00,19.0,-0.9659258262890684,0.2588190451025203,2,0,0,0
2026-06-10 19:05:00,19.083333333333332,-0.9600498543859287,0.279829014030992,2,0,0,0
2026-06-10 19:10:00,19.166666666666668,-0.9537169507482268,0.30070579950427345,2,0,0,0
2026-06-10 19:15:00,19.25,-0.9469301294951057,0.3214394653031615,2,0,0,0
2026-06-10 19:20:00,19.333333333333332,-0.9396926207859085,0.34202014332566816,2,0,0,0
2026-06-10 19:25:00,19.416666666666668,-0.9320078692827986,0.36243803828370147,2,0,0,0
2026-06-10 19:30:00,19.5,-0.923879532511287,0.38268343236508917,2,0,0,0
2026-06-10 19:35:00,19.583333333333332,-0.9153114791194472,0.402746689858737,2,0,0,0
2026-06-10 19:40:00,19.666666666666668,-0.9063077870366498,0.4226182617406996,2,0,0,0
2026-06-10 19:45:00,19.75,-0.8968727415326884,0.442288690219001,2,0,0,0
2026-06-10 19:50:00,19.833333333333332,-0.887010833178222,0.46174861323503325,2,0,0,0
2026-06-10 19:55:00,19.916666666666668,-0.8767267557075075,0.48098876891938813,2,0,0,0
2026-06-10 20:00:00,20.0,-0.8660254037844386,0.5000000000000001,2,0,0,0
2026-06-10 20:05:00,20.083333333333332,-0.8549118706729468,0.5187732581605211,2,0,0,0
2026-06-10 20:10:00,20.166666666666668,-0.8433914458128857,0.5372996083468239,2,0,0,0
2026-06-10 20:15:00,20.25,-0.8314696123025455,0.5555702330196018,2,0,0,0
2026-06-10 20:20:00,20.333333333333332,-0.8191520442889918,0.573576436351046,2,0,0,0
2026-06-10 20:25:00,20.416666666666668,-0.8064446042674829,0.591309648363582,2,0,0,0
2026-06-10 20:30:00,20.5,-0.7933533402912357,0.6087614290087199,2,0,0,0
2026-06-10 20:35:00,20.583333333333332,-0.7798844830928816,0.6259234721840593,2,0,0,0
2026-06-10 20:40:00,20.666666666666668,-0.7660444431189781,0.6427876096865393,2,0,0,0
2026-06-10 20:45:00,20.75,-0.7518398074789772,0.6593458151000691,2,0,0,0
2026-06-10 20:50:00,20.833333333333332,-0.7372773368101242,0.6755902076156601,2,0,0,0
2026-06-10 20:55:00,20.916666666666668,-0.7223639620597554,0.6915130557822695,2,0,0,0
2026-06-10 21:00:00,21.0,-0.7071067811865477,0.7071067811865474,2,0,0,0
2026-06-10 21:05:00,21.083333333333332,-0.6915130557822698,0.7223639620597551,2,0,0,0
2026-06-10 21:10:00,21.166666666666668,-0.6755902076156598,0.7372773368101244,2,0,0,0
2026-06-10 21:15:00,21.25,-0.6593458151000687,0.7518398074789775,2,0,0,0
2026-06-10 21:20:00,21.333333333333332,-0.6427876096865396,0.7660444431189778,2,0,0,0
2026-06-10 21:25:00,21.416666666666668,-0.625923472184059,0.7798844830928818,2,0,0,0
2026-06-10 21:30:00,21.5,-0.608761429008721,0.7933533402912349,2,0,0,0
2026-06-10 21:35:00,21.583333333333332,-0.591309648363583,0.8064446042674821,2,0,0,0
2026-06-10 21:40:00,21.666666666666668,-0.5735764363510465,0.8191520442889916,2,0,0,0
2026-06-10 21:45:00,21.75,-0.555570233019603,0.8314696123025447,2,0,0,0
2026-06-10 21:50:00,21.833333333333332,-0.537299608346825,0.8433914458128849,2,0,0,0
2026-06-10 21:55:00,21.916666666666668,-0.5187732581605214,0.8549118706729466,2,0,0,0
2026-06-10 22:00:00,22.0,-0.5000000000000004,0.8660254037844384,2,0,0,0
2026-06-10 22:05:00,22.083333333333332,-0.48098876891938774,0.8767267557075077,2,0,0,0
2026-06-10 22:10:00,22.166666666666668,-0.46174861323503363,0.8870108331782218,2,0,0,0
2026-06-10 22:15:00,22.25,-0.4422886902190014,0.8968727415326883,2,0,0,0
2026-06-10 22:20:00,22.333333333333332,-0.4226182617407,0.9063077870366497,2,0,0,0
2026-06-10 22:25:00,22.416666666666668,-0.40274668985873663,0.9153114791194474,2,0,0,0
2026-06-10 22:30:00,22.5,-0.38268343236508956,0.9238795325112868,2,0,0,0
2026-06-10 22:35:00,22.583333333333332,-0.36243803828370186,0.9320078692827984,2,0,0,0
2026-06-10 22:40:00,22.666666666666668,-0.3420201433256686,0.9396926207859084,2,0,0,0
2026-06-10 22:45:00,22.75,-0.32143946530316186,0.9469301294951056,2,0,0,0
2026-06-10 22:50:00,22.833333333333332,-0.30070579950427384,0.9537169507482267,2,0,0,0
2026-06-10 22:55:00,22.916666666666668,-0.2798290140309924,0.9600498543859286,2,0,0,0
2026-06-10 23:00:00,23.0,-0.25881904510252157,0.9659258262890681,2,0,0,0
2026-06-10 23:05:00,23.083333333333332,-0.23768589232617435,0.9713420698132611,2,0,0,0
2026-06-10 23:10:00,23.166666666666668,-0.21643961393810288,0.9762960071199334,2,0,0,0
2026-06-10 23:15:00,23.25,-0.19509032201612872,0.9807852804032303,2,0,0,0
2026-06-10 23:20:00,23.333333333333332,-0.1736481776669304,0.984807753012208,2,0,0,0
2026-06-10 23:25:00,23.416666666666668,-0.1521233861899172,0.9883615104677607,2,0,0,0
2026-06-10 23:30:00,23.5,-0.13052619222005168,0.9914448613738104,2,0,0,0
2026-06-10 23:35:00,23.583333333333332,-0.10886687485196514,0.9940563382223195,2,0,0,0
2026-06-10 23:40:00,23.666666666666668,-0.08715574274765743,0.9961946980917455,2,0,0,0
2026-06-10 23:45:00,23.75,-0.0654031292301428,0.9978589232386035,2,0,0,0
2026-06-10 23:50:00,23.833333333333332,-0.043619387365336194,0.9990482215818578,2,0,0,0
2026-06-10 23:55:00,23.916666666666668,-0.0218148850345609,0.9997620270799091,2,0,0,0
2026-06-11 00:00:00,0.0,0.0,1.0,3,0,0,0
2026-06-11 00:05:00,0.08333333333333333,0.02181488503456112,0.9997620270799091,3,0,0,0
2026-06-11 00:10:00,0.16666666666666666,0.043619387365336,0.9990482215818578,3,0,0,0
2026-06-11 00:15:00,0.25,0.06540312923014306,0.9978589232386035,3,0,0,0
2026-06-11 00:20:00,0.3333333333333333,0.08715574274765817,0.9961946980917455,3,0,0,0
2026-06-11 00:25:00,0.4166666666666667,0.10886687485196457,0.9940563382223196,3,0,0,0
2026-06-11 00:30:00,0.5,0.13052619222005157,0.9914448613738104,3,0,0,0
2026-06-11 00:35:00,0.5833333333333334,0.15212338618991672,0.9883615104677607,3,0,0,0
2026-06-11 00:40:00,0.6666666666666666,0.17364817766693033,0.984807753012208,3,0,0,0
2026-06-11 00:45:00,0.75,0.19509032201612825,0.9807852804032304,3,0,0,0
2026-06-11 00:50:00,0.8333333333333334,0.21643961393810288,0.9762960071199334,3,0,0,0
2026-06-11 00:55:00,0.9166666666666666,0.23768589232617307,0.9713420698132614,3,0,0,0
2026-06-11 01:00:00,1.0,0.25881904510252074,0.9659258262890683,3,0,0,0
2026-06-11 01:05:00,1.0833333333333333,0.27982901403099203,0.9600498543859287,3,0,0,0
2026-06-11 01:10:00,1.1666666666666667,0.3007057995042732,0.9537169507482269,3,0,0,0
2026-06-11 01:15:00,1.25,0.3214394653031616,0.9469301294951057,3,0,0,0
2026-06-11 01:20:00,1.3333333333333333,0.3420201433256687,0.9396926207859084,3,0,0,0
2026-06-11 01:25:00,1.4166666666666667,0.36243803828370164,0.9320078692827986,3,0,0,0
2026-06-11 01:30:00,1.5,0.3826834323650898,0.9238795325112867,3,0,0,0
2026-06-11 01:35:00,1.5833333333333335,0.40274668985873724,0.9153114791194471,3,0,0,0
2026-06-11 01:40:00,1.6666666666666665,0.4226182617406994,0.9063077870366499,3,0,0,0
2026-06-11 01:45:00,1.75,0.44228869021900125,0.8968727415326884,3,0,0,0
2026-06-11 01:50:00,1.8333333333333335,0.46174861323503397,0.8870108331782217,3,0,0,0
2026-06-11 01:55:00,1.9166666666666665,0.48098876891938763,0.8767267557075077,3,0,0,0
2026-06-11 02:00:00,2.0,0.49999999999999994,0.8660254037844387,3,0,0,0
2026-06-11 02:05:00,2.0833333333333335,0.5187732581605214,0.8549118706729466,3,0,0,0
2026-06-11 02:10:00,2.1666666666666665,0.5372996083468238,0.8433914458128857,3,0,0,0
2026-06-11 02:15:00,2.25,0.5555702330196022,0.8314696123025452,3,0,0,0
2026-06-11 02:20:00,2.3333333333333335,0.5735764363510462,0.8191520442889918,3,0,0,0
2026-06-11 02:25:00,2.4166666666666665,0.5913096483635824,0.8064446042674827,3,0,0,0
2026-06-11 02:30:00,2.5,0.6087614290087207,0.7933533402912352,3,0,0,0
2026-06-11 02:35:00,2.5833333333333335,0.6259234721840591,0.7798844830928818,3,0,0,0
2026-06-11 02:40:00,2.6666666666666665,0.6427876096865393,0.766044443118978,3,0,0,0
2026-06-11 02:45:00,2.75,0.6593458151000688,0.7518398074789774,3,0,0,0
2026-06-11 02:50:00,2.8333333333333335,0.6755902076156602,0.7372773368101241,3,0,0,0
2026-06-11 02:55:00,2.9166666666666665,0.6915130557822694,0.7223639620597556,3,0,0,0
2026-06-11 03:00:00,3.0,0.7071067811865476,0.7071067811865476,3,0,0,0
2026-06-11 03:05:00,3.0833333333333335,0.7223639620597555,0.6915130557822694,3,0,0,0
2026-06-11 03:10:00,3.1666666666666665,0.737277336810124,0.6755902076156602,3,0,0,0
2026-06-11 03:15:00,3.25,0.7518398074789774,0.6593458151000688,3,0,0,0
2026-06-11 03:20:00,3.3333333333333335,0.766044443118978,0.6427876096865394,3,0,0,0
2026-06-11 03:25:00,3.4166666666666665,0.7798844830928817,0.6259234721840591,3,0,0,0
2026-06-11 03:30:00,3.5,0.7933533402912352,0.6087614290087207,3,0,0,0
2026-06-11 03:35:00,3.5833333333333335,0.8064446042674825,0.5913096483635825,3,0,0,0
2026-06-11 03:40:00,3.6666666666666665,0.8191520442889917,0.5735764363510462,3,0,0,0
2026-06-11 03:45:00,3.75,0.8314696123025451,0.5555702330196024,3,0,0,0
2026-06-11 03:50:00,3.8333333333333335,0.8433914458128856,0.5372996083468239,3,0,0,0
2026-06-11 03:55:00,3.9166666666666665,0.8549118706729466,0.5187732581605216,3,0,0,0
2026-06-11 04:00:00,4.0,0.8660254037844386,0.5000000000000001,3,0,0,0
2026-06-11 04:05:00,4.083333333333333,0.8767267557075077,0.48098876891938774,3,0,0,0
2026-06-11 04:10:00,4.166666666666667,0.8870108331782217,0.46174861323503386,3,0,0,0
2026-06-11 04:15:00,4.25,0.8968727415326884,0.44228869021900125,3,0,0,0
2026-06-11 04:20:00,4.333333333333333,0.9063077870366498,0.4226182617406996,3,0,0,0
2026-06-11 04:25:00,4.416666666666667,0.9153114791194471,0.40274668985873724,3,0,0,0
2026-06-11 04:30:00,4.5,0.9238795325112867,0.38268343236508984,3,0,0,0
2026-06-11 04:35:00,4.583333333333333,0.9320078692827984,0.3624380382837017,3,0,0,0
2026-06-11 04:40:00,4.666666666666667,0.9396926207859084,0.3420201433256686,3,0,0,0
2026-06-11 04:45:00,4.75,0.9469301294951056,0.3214394653031617,3,0,0,0
2026-06-11 04:50:00,4.833333333333333,0.9537169507482268,0.3007057995042733,3,0,0,0
2026-06-11 04:55:00,4.916666666666667,0.9600498543859287,0.27982901403099203,3,0,0,0
2026-06-11 05:00:00,5.0,0.9659258262890683,0.25881904510252074,3,0,0,0
2026-06-11 05:05:00,5.083333333333333,0.9713420698132614,0.2376858923261731,3,0,0,0
2026-06-11 05:10:00,5.166666666666667,0.9762960071199334,0.2164396139381029,3,0,0,0
2026-06-11 05:15:00,5.25,0.9807852804032304,0.19509032201612833,3,0,0,0
2026-06-11 05:20:00,5.333333333333333,0.984807753012208,0.17364817766693041,3,0,0,0
2026-06-11 05:25:00,5.416666666666667,0.9883615104677607,0.1521233861899168,3,0,0,0
2026-06-11 05:30:00,5.5,0.9914448613738104,0.1305261922200517,3,0,0,0
2026-06-11 05:35:00,5.583333333333333,0.9940563382223196,0.10886687485196474,3,0,0,0
2026-06-11 05:40:00,5.666666666666667,0.9961946980917455,0.08715574274765814,3,0,0,0
2026-06-11 05:45:00,5.75,0.9978589232386035,0.06540312923014327,3,0,0,0
2026-06-11 05:50:00,5.833333333333333,0.9990482215818578,0.04361938736533601,3,0,0,0
2026-06-11 05:55:00,5.916666666666667,0.9997620270799091,0.021814885034560937,3,0,0,0
2026-06-11 06:00:00,6.0,1.0,6.123233995736766e-17,3,0,0,0
2026-06-11 06:05:00,6.083333333333333,0.9997620270799091,-0.02181488503456081,3,0,0,0
2026-06-11 06:10:00,6.166666666666667,0.9990482215818578,-0.04361938736533589,3,0,0,0
2026-06-11 06:15:00,6.25,0.9978589232386035,-0.06540312923014314,3,0,0,0
2026-06-11 06:20:00,6.333333333333333,0.9961946980917455,-0.08715574274765801,3,0,0,0
2026-06-11 06:25:00,6.416666666666667,0.9940563382223196,-0.10886687485196461,3,0,0,0
2026-06-11 06:30:00,6.5,0.9914448613738104,-0.1305261922200516,3,0,0,0
2026-06-11 06:35:00,6.583333333333333,0.9883615104677607,-0.1521233861899167,3,0,0,0
2026-06-11 06:40:00,6.666666666666667,0.984807753012208,-0.1736481776669303,3,0,0,0
2026-06-11 06:45:00,6.75,0.9807852804032304,-0.1950903220161282,3,0,0,0
2026-06-11 06:50:00,6.833333333333333,0.9762960071199334,-0.2164396139381028,3,0,0,0
2026-06-11 06:55:00,6.916666666666667,0.9713420698132614,-0.23768589232617318,3,0,0,0
2026-06-11 07:00:00,7.0,0.9659258262890683,-0.25881904510252063,3,0,0,0
2026-06-11 07:05:00,7.083333333333333,0.9600498543859287,-0.2798290140309919,3,0,0,0
2026-06-11 07:10:00,7.166666666666667,0.9537169507482269,-0.30070579950427295,3,0,0,0
2026-06-11 07:15:00,7.25,0.9469301294951057,-0.3214394653031616,3,0,0,0
2026-06-11 07:20:00,7.333333333333333,0.9396926207859084,-0.3420201433256685,3,0,0,0
2026-06-11 07:25:00,7.416666666666667,0.9320078692827986,-0.3624380382837016,3,0,0,0
2026-06-11 07:30:00,7.5,0.9238795325112868,-0.3826834323650895,3,0,0,0
2026-06-11 07:35:00,7.583333333333333,0.9153114791194472,-0.40274668985873713,3,0,0,0
2026-06-11 07:40:00,7.666666666666667,0.90630778703665,-0.42261826174069933,3,0,0,0
2026-06-11 07:45:00,7.75,0.8968727415326884,-0.44228869021900113,3,0,0,0
2026-06-11 07:50:00,7.833333333333333,0.8870108331782218,-0.4617486132350338,3,0,0,0
2026-06-11 07:55:00,7.916666666666667,0.8767267557075076,-0.48098876891938785,3,0,0,0
2026-06-11 08:00:00,8.0,0.8660254037844387,-0.4999999999999998,3,0,0,0
2026-06-11 08:05:00,8.083333333333334,0.8549118706729465,-0.5187732581605216,3,0,0,0
2026-06-11 08:10:00,8.166666666666666,0.8433914458128858,-0.5372996083468236,3,0,0,0
2026-06-11 08:15:00,8.25,0.8314696123025451,-0.5555702330196023,3,0,0,0
2026-06-11 08:20:00,8.333333333333334,0.8191520442889917,-0.5735764363510462,3,0,0,0
2026-06-11 08:25:00,8.416666666666666,0.8064446042674828,-0.5913096483635821,3,0,0,0
2026-06-11 08:30:00,8.5,0.7933533402912352,-0.6087614290087207,3,0,0,0
2026-06-11 08:35:00,8.583333333333334,0.7798844830928817,-0.6259234721840591,3,0,0,0
2026-06-11 08:40:00,8.666666666666666,0.7660444431189783,-0.642787609686539,3,0,0,0
2026-06-11 08:45:00,8.75,0.7518398074789774,-0.6593458151000688,3,0,0,0
2026-06-11 08:50:00,8.833333333333334,0.7372773368101241,-0.6755902076156602,3,0,0,0
2026-06-11 08:55:00,8.916666666666666,0.7223639620597556,-0.6915130557822693,3,0,0,0
2026-06-11 09:00:00,9.0,0.7071067811865476,-0.7071067811865475,3,0,0,0
2026-06-11 09:05:00,9.083333333333334,0.6915130557822694,-0.7223639620597555,3,0,0,0
2026-06-11 09:10:00,9.166666666666666,0.6755902076156604,-0.737277336810124,3,0,0,0
2026-06-11 09:15:00,9.25,0.659345815100069,-0.7518398074789773,3,0,0,0
2026-06-11 09:20:00,9.333333333333334,0.6427876096865391,-0.7660444431189782,3,0,0,0
2026-06-11 09:25:00,9.416666666666666,0.6259234721840592,-0.7798844830928817,3,0,0,0
2026-06-11 09:30:00,9.5,0.6087614290087209,-0.793353340291235,3,0,0,0
2026-06-11 09:35:00,9.583333333333334,0.5913096483635822,-0.8064446042674827,3,0,0,0
2026-06-11 09:40:00,9.666666666666666,0.5735764363510464,-0.8191520442889916,3,0,0,0
2026-06-11 09:45:00,9.75,0.5555702330196025,-0.831469612302545,3,0,0,0
2026-06-11 09:50:00,9.833333333333334,0.5372996083468238,-0.8433914458128857,3,0,0,0
2026-06-11 09:55:00,9.916666666666666,0.5187732581605218,-0.8549118706729464,3,0,0,0
2026-06-11 10:00:00,10.0,0.49999999999999994,-0.8660254037844387,3,0,0,0
2026-06-11 10:05:00,10.083333333333334,0.48098876891938763,-0.8767267557075077,3,0,0,0
2026-06-11 10:10:00,10.166666666666666,0.4617486132350339,-0.8870108331782217,3,0,0,0
2026-06-11 10:15:00,10.25,0.4422886902190017,-0.8968727415326881,3,0,0,0
2026-06-11 10:20:00,10.333333333333334,0.4226182617406995,-0.9063077870366499,3,0,0,0
2026-06-11 10:25:00,10.416666666666666,0.4027466898587373,-0.9153114791194471,3,0,0,0
2026-06-11 10:30:00,10.5,0.3826834323650899,-0.9238795325112867,3,0,0,0
2026-06-11 10:35:00,10.583333333333334,0.36243803828370136,-0.9320078692827987,3,0,0,0
2026-06-11 10:40:00,10.666666666666666,0.3420201433256689,-0.9396926207859083,3,0,0,0
2026-06-11 10:45:00,10.75,0.32143946530316175,-0.9469301294951056,3,0,0,0
2026-06-11 10:50:00,10.833333333333334,0.30070579950427334,-0.9537169507482268,3,0,0,0
2026-06-11 10:55:00,10.916666666666666,0.2798290140309927,-0.9600498543859285,3,0,0,0
2026-06-11 11:00:00,11.0,0.258819045102521,-0.9659258262890682,3,0,0,0
2026-06-11 11:05:00,11.083333333333334,0.23768589232617293,-0.9713420698132614,3,0,0,0
2026-06-11 11:10:00,11.166666666666666,0.21643961393810318,-0.9762960071199333,3,0,0,0
2026-06-11 11:15:00,11.25,0.19509032201612816,-0.9807852804032304,3,0,0,0
2026-06-11 11:20:00,11.333333333333334,0.17364817766693028,-0.984807753012208,3,0,0,0
2026-06-11 11:25:00,11.416666666666666,0.15212338618991708,-0.9883615104677607,3,0,0,0
2026-06-11 11:30:00,11.5,0.130526192220052,-0.9914448613738104,3,0,0,0
2026-06-11 11:35:00,11.583333333333334,0.10886687485196457,-0.9940563382223196,3,0,0,0
2026-06-11 11:40:00,11.666666666666666,0.0871557427476582,-0.9961946980917455,3,0,0,0
2026-06-11 11:45:00,11.75,0.06540312923014312,-0.9978589232386035,3,0,0,0
2026-06-11 11:50:00,11.833333333333334,0.043619387365335625,-0.9990482215818578,3,0,0,0
2026-06-11 11:55:00,11.916666666666666,0.021814885034561218,-0.9997620270799091,3,0,0,0
2026-06-11 12:00:00,12.0,1.2246467991473532e-16,-1.0,3,0,0,0
2026-06-11 12:05:00,12.083333333333334,-0.021814885034560975,-0.9997620270799091,3,0,0,0
2026-06-11 12:10:00,12.166666666666666,-0.04361938736533538,-0.9990482215818578,3,0,0,0
2026-06-11 12:15:00,12.25,-0.06540312923014287,-0.9978589232386035,3,0,0,0
2026-06-11 12:20:00,12.333333333333334,-0.08715574274765794,-0.9961946980917455,3,0,0,0
2026-06-11 12:25:00,12.416666666666666,-0.10886687485196432,-0.9940563382223196,3,0,0,0
2026-06-11 12:30:00,12.5,-0.13052619222005177,-0.9914448613738104,3,0,0,0
2026-06-11 12:35:00,12.583333333333334,-0.15212338618991683,-0.9883615104677607,3,0,0,0
2026-06-11 12:40:00,12.666666666666666,-0.17364817766693003,-0.9848077530122081,3,0,0,0
2026-06-11 12:45:00,12.75,-0.19509032201612792,-0.9807852804032305,3,0,0,0
2026-06-11 12:50:00,12.833333333333334,-0.21643961393810293,-0.9762960071199334,3,0,0,0
2026-06-11 12:55:00,12.916666666666666,-0.2376858923261727,-0.9713420698132615,3,0,0,0
2026-06-11 13:00:00,13.0,-0.2588190451025208,-0.9659258262890683,3,0,0,0
2026-06-11 13:05:00,13.083333333333334,-0.2798290140309925,-0.9600498543859286,3,0,0,0
2026-06-11 13:10:00,13.166666666666666,-0.30070579950427306,-0.9537169507482269,3,0,0,0
2026-06-11 13:15:00,13.25,-0.32143946530316153,-0.9469301294951057,3,0,0,0
2026-06-11 13:20:00,13.333333333333334,-0.34202014332566866,-0.9396926207859084,3,0,0,0
2026-06-11 13:25:00,13.416666666666666,-0.36243803828370114,-0.9320078692827987,3,0,0,0
2026-06-11 13:30:00,13.5,-0.38268343236508967,-0.9238795325112868,3,0,0,0
2026-06-11 13:35:00,13.583333333333334,-0.4027466898587371,-0.9153114791194472,3,0,0,0
2026-06-11 13:40:00,13.666666666666666,-0.4226182617406993,-0.90630778703665,3,0,0,0
2026-06-11 13:45:00,13.75,-0.44228869021900147,-0.8968727415326883,3,0,0,0
2026-06-11 13:50:00,13.833333333333334,-0.46174861323503413,-0.8870108331782216,3,0,0,0
2026-06-11 13:55:00,13.916666666666666,-0.4809887689193874,-0.8767267557075078,3,0,0,0
2026-06-11 14:00:00,14.0,-0.4999999999999997,-0.8660254037844388,3,0,0,0
2026-06-11 14:05:00,14.083333333333334,-0.5187732581605216,-0.8549118706729465,3,0,0,0
2026-06-11 14:10:00,14.166666666666666,-0.5372996083468236,-0.8433914458128858,3,0,0,0
2026-06-11 14:15:00,14.25,-0.555570233019602,-0.8314696123025455,3,0,0,0
2026-06-11 14:20:00,14.333333333333334,-0.5735764363510458,-0.819152044288992,3,0,0,0
2026-06-11 14:25:00,14.416666666666666,-0.5913096483635824,-0.8064446042674825,3,0,0,0
2026-06-11 14:30:00,14.5,-0.6087614290087207,-0.7933533402912352,3,0,0,0
2026-06-11 14:35:00,14.583333333333334,-0.6259234721840591,-0.7798844830928818,3,0,0,0
2026-06-11 14:40:00,14.666666666666666,-0.6427876096865389,-0.7660444431189783,3,0,0,0
2026-06-11 14:45:00,14.75,-0.6593458151000688,-0.7518398074789774,3,0,0,0
2026-06-11 14:50:00,14.833333333333334,-0.6755902076156601,-0.7372773368101241,3,0,0,0
2026-06-11 14:55:00,14.916666666666666,-0.691513055782269,-0.722363962059756,3,0,0,0
2026-06-11 15:00:00,15.0,-0.7071067811865471,-0.7071067811865479,3,0,0,0
2026-06-11 15:05:00,15.083333333333334,-0.7223639620597557,-0.6915130557822692,3,0,0,0
2026-06-11 15:10:00,15.166666666666666,-0.7372773368101239,-0.6755902076156604,3,0,0,0
2026-06-11 15:15:00,15.25,-0.7518398074789773,-0.6593458151000691,3,0,0,0
2026-06-11 15:20:00,15.333333333333334,-0.7660444431189779,-0.6427876096865395,3,0,0,0
2026-06-11 15:25:00,15.416666666666666,-0.7798844830928814,-0.6259234721840596,3,0,0,0
2026-06-11 15:30:00,15.5,-0.7933533402912349,-0.6087614290087209,3,0,0,0
2026-06-11 15:35:00,15.583333333333334,-0.8064446042674827,-0.5913096483635822,3,0,0,0
2026-06-11 15:40:00,15.666666666666666,-0.8191520442889916,-0.5735764363510464,3,0,0,0
2026-06-11 15:45:00,15.75,-0.8314696123025452,-0.5555702330196022,3,0,0,0
2026-06-11 15:50:00,15.833333333333334,-0.8433914458128859,-0.5372996083468234,3,0,0,0
2026-06-11 15:55:00,15.916666666666666,-0.8549118706729466,-0.5187732581605214,3,0,0,0
2026-06-11 16:00:00,16.0,-0.8660254037844385,-0.5000000000000004,3,0,0,0
2026-06-11 16:05:00,16.083333333333332,-0.8767267557075072,-0.48098876891938847,3,0,0,0
2026-06-11 16:10:00,16.166666666666668,-0.8870108331782218,-0.4617486132350336,3,0,0,0
2026-06-11 16:15:00,16.25,-0.8968727415326883,-0.44228869021900136,3,0,0,0
2026-06-11 16:20:00,16.333333333333332,-0.9063077870366497,-0.42261826174069994,3,0,0,0
2026-06-11 16:25:00,16.416666666666668,-0.9153114791194471,-0.40274668985873735,3,0,0,0
2026-06-11 16:30:00,16.5,-0.9238795325112868,-0.3826834323650895,3,0,0,0
2026-06-11 16:35:00,16.583333333333332,-0.9320078692827984,-0.3624380382837018,3,0,0,0
2026-06-11 16:40:00,16.666666666666668,-0.9396926207859084,-0.34202014332566855,3,0,0,0
2026-06-11 16:45:00,16.75,-0.9469301294951056,-0.3214394653031618,3,0,0,0
2026-06-11 16:50:00,16.833333333333332,-0.9537169507482267,-0.3007057995042738,3,0,0,0
2026-06-11 16:55:00,16.916666666666668,-0.9600498543859286,-0.27982901403099236,3,0,0,0
2026-06-11 17:00:00,17.0,-0.9659258262890683,-0.25881904510252063,3,0,0,0
2026-06-11 17:05:00,17.083333333333332,-0.9713420698132613,-0.23768589232617343,3,0,0,0
2026-06-11 17:10:00,17.166666666666668,-0.9762960071199334,-0.21643961393810282,3,0,0,0
2026-06-11 17:15:00,17.25,-0.9807852804032303,-0.19509032201612866,3,0,0,0
2026-06-11 17:20:00,17.333333333333332,-0.9848077530122079,-0.1736481776669312,3,0,0,0
2026-06-11 17:25:00,17.416666666666668,-0.9883615104677608,-0.15212338618991628,3,0,0,0
2026-06-11 17:30:00,17.5,-0.9914448613738104,-0.13052619222005163,3,0,0,0
2026-06-11 17:35:00,17.583333333333332,-0.9940563382223195,-0.10886687485196507,3,0,0,0
2026-06-11 17:40:00,17.666666666666668,-0.9961946980917455,-0.08715574274765825,3,0,0,0
2026-06-11 17:45:00,17.75,-0.9978589232386035,-0.06540312923014273,3,0,0,0
2026-06-11 17:50:00,17.833333333333332,-0.9990482215818578,-0.04361938736533613,3,0,0,0
2026-06-11 17:55:00,17.916666666666668,-0.9997620270799091,-0.021814885034560836,3,0,0,0
2026-06-11 18:00:00,18.0,-1.0,-1.8369701987210297e-16,3,0,0,0
2026-06-11 18:05:00,18.083333333333332,-0.9997620270799091,0.021814885034560468,3,0,0,0
2026-06-11 18:10:00,18.166666666666668,-0.9990482215818578,0.043619387365335764,3,0,0,0
2026-06-11 18:15:00,18.25,-0.9978589232386036,0.06540312923014237,3,0,0,0
2026-06-11 18:20:00,18.333333333333332,-0.9961946980917455,0.08715574274765789,3,0,0,0
2026-06-11 18:25:00,18.416666666666668,-0.9940563382223196,0.10886687485196471,3,0,0,0
2026-06-11 18:30:00,18.5,-0.9914448613738105,0.13052619222005127,3,0,0,0
2026-06-11 18:35:00,18.583333333333332,-0.9883615104677609,0.15212338618991592,3,0,0,0
2026-06-11 18:40:00,18.666666666666668,-0.984807753012208,0.17364817766693083,3,0,0,0
2026-06-11 18:45:00,18.75,-0.9807852804032304,0.1950903220161283,3,0,0,0
2026-06-11 18:50:00,18.833333333333332,-0.9762960071199335,0.21643961393810246,3,0,0,0
2026-06-11 18:55:00,18.916666666666668,-0.9713420698132614,0.23768589232617307,3,0,0,0
2026-06-11 19:00:00,19.0,-0.9659258262890684,0.2588190451025203,3,0,0,0
2026-06-11 19:05:00,19.083333333333332,-0.9600498543859287,0.279829014030992,3,0,0,0
2026-06-11 19:10:00,19.166666666666668,-0.9537169507482268,0.30070579950427345,3,0,0,0
2026-06-11 19:15:00,19.25,-0.9469301294951057,0.3214394653031615,3,0,0,0
2026-06-11 19:20:00,19.333333333333332,-0.9396926207859085,0.34202014332566816,3,0,0,0
2026-06-11 19:25:00,19.416666666666668,-0.9320078692827986,0.36243803828370147,3,0,0,0
2026-06-11 19:30:00,19.5,-0.923879532511287,0.38268343236508917,3,0,0,0
2026-06-11 19:35:00,19.583333333333332,-0.9153114791194472,0.402746689858737,3,0,0,0
2026-06-11 19:40:00,19.666666666666668,-0.9063077870366498,0.4226182617406996,3,0,0,0
2026-06-11 19:45:00,19.75,-0.8968727415326884,0.442288690219001,3,0,0,0
2026-06-11 19:50:00,19.833333333333332,-0.887010833178222,0.46174861323503325,3,0,0,0
2026-06-11 19:55:00,19.916666666666668,-0.8767267557075075,0.48098876891938813,3,0,0,0
2026-06-11 20:00:00,20.0,-0.8660254037844386,0.5000000000000001,3,0,0,0
2026-06-11 20:05:00,20.083333333333332,-0.8549118706729468,0.5187732581605211,3,0,0,0
2026-06-11 20:10:00,20.166666666666668,-0.8433914458128857,0.5372996083468239,3,0,0,0
2026-06-11 20:15:00,20.25,-0.8314696123025455,0.5555702330196018,3,0,0,0
2026-06-11 20:20:00,20.333333333333332,-0.8191520442889918,0.573576436351046,3,0,0,0
2026-06-11 20:25:00,20.416666666666668,-0.8064446042674829,0.591309648363582,3,0,0,0
2026-06-11 20:30:00,20.5,-0.7933533402912357,0.6087614290087199,3,0,0,0
2026-06-11 20:35:00,20.583333333333332,-0.7798844830928816,0.6259234721840593,3,0,0,0
2026-06-11 20:40:00,20.666666666666668,-0.7660444431189781,0.6427876096865393,3,0,0,0
2026-06-11 20:45:00,20.75,-0.7518398074789772,0.6593458151000691,3,0,0,0
2026-06-11 20:50:00,20.833333333333332,-0.7372773368101242,0.6755902076156601,3,0,0,0
2026-06-11 20:55:00,20.916666666666668,-0.7223639620597554,0.6915130557822695,3,0,0,0
2026-06-11 21:00:00,21.0,-0.7071067811865477,0.7071067811865474,3,0,0,0
2026-06-11 21:05:00,21.083333333333332,-0.6915130557822698,0.7223639620597551,3,0,0,0
2026-06-11 21:10:00,21.166666666666668,-0.6755902076156598,0.7372773368101244,3,0,0,0
2026-06-11 21:15:00,21.25,-0.6593458151000687,0.7518398074789775,3,0,0,0
2026-06-11 21:20:00,21.333333333333332,-0.6427876096865396,0.7660444431189778,3,0,0,0
2026-06-11 21:25:00,21.416666666666668,-0.625923472184059,0.7798844830928818,3,0,0,0
2026-06-11 21:30:00,21.5,-0.608761429008721,0.7933533402912349,3,0,0,0
2026-06-11 21:35:00,21.583333333333332,-0.591309648363583,0.8064446042674821,3,0,0,0
2026-06-11 21:40:00,21.666666666666668,-0.5735764363510465,0.8191520442889916,3,0,0,0
2026-06-11 21:45:00,21.75,-0.555570233019603,0.8314696123025447,3,0,0,0
2026-06-11 21:50:00,21.833333333333332,-0.537299608346825,0.8433914458128849,3,0,0,0
2026-06-11 21:55:00,21.916666666666668,-0.5187732581605214,0.8549118706729466,3,0,0,0
2026-06-11 22:00:00,22.0,-0.5000000000000004,0.8660254037844384,3,0,0,0
2026-06-11 22:05:00,22.083333333333332,-0.48098876891938774,0.8767267557075077,3,0,0,0
2026-06-11 22:10:00,22.166666666666668,-0.46174861323503363,0.8870108331782218,3,0,0,0
2026-06-11 22:15:00,22.25,-0.4422886902190014,0.8968727415326883,3,0,0,0
2026-06-11 22:20:00,22.333333333333332,-0.4226182617407,0.9063077870366497,3,0,0,0
2026-06-11 22:25:00,22.416666666666668,-0.40274668985873663,0.9153114791194474,3,0,0,0
2026-06-11 22:30:00,22.5,-0.38268343236508956,0.9238795325112868,3,0,0,0
2026-06-11 22:35:00,22.583333333333332,-0.36243803828370186,0.9320078692827984,3,0,0,0
2026-06-11 22:40:00,22.666666666666668,-0.3420201433256686,0.9396926207859084,3,0,0,0
2026-06-11 22:45:00,22.75,-0.32143946530316186,0.9469301294951056,3,0,0,0
2026-06-11 22:50:00,22.833333333333332,-0.30070579950427384,0.9537169507482267,3,0,0,0
2026-06-11 22:55:00,22.916666666666668,-0.2798290140309924,0.9600498543859286,3,0,0,0
2026-06-11 23:00:00,23.0,-0.25881904510252157,0.9659258262890681,3,0,0,0
2026-06-11 23:05:00,23.083333333333332,-0.23768589232617435,0.9713420698132611,3,0,0,0
2026-06-11 23:10:00,23.166666666666668,-0.21643961393810288,0.9762960071199334,3,0,0,0
2026-06-11 23:15:00,23.25,-0.19509032201612872,0.9807852804032303,3,0,0,0
2026-06-11 23:20:00,23.333333333333332,-0.1736481776669304,0.984807753012208,3,0,0,0
2026-06-11 23:25:00,23.416666666666668,-0.1521233861899172,0.9883615104677607,3,0,0,0
2026-06-11 23:30:00,23.5,-0.13052619222005168,0.9914448613738104,3,0,0,0
2026-06-11 23:35:00,23.583333333333332,-0.10886687485196514,0.9940563382223195,3,0,0,0
2026-06-11 23:40:00,23.666666666666668,-0.08715574274765743,0.9961946980917455,3,0,0,0
2026-06-11 23:45:00,23.75,-0.0654031292301428,0.9978589232386035,3,0,0,0
2026-06-11 23:50:00,23.833333333333332,-0.043619387365336194,0.9990482215818578,3,0,0,0
2026-06-11 23:55:00,23.916666666666668,-0.0218148850345609,0.9997620270799091,3,0,0,0
2026-06-12 00:00:00,0.0,0.0,1.0,4,0,0,0
2026-06-12 00:05:00,0.08333333333333333,0.02181488503456112,0.9997620270799091,4,0,0,0
2026-06-12 00:10:00,0.16666666666666666,0.043619387365336,0.9990482215818578,4,0,0,0
2026-06-12 00:15:00,0.25,0.06540312923014306,0.9978589232386035,4,0,0,0
2026-06-12 00:20:00,0.3333333333333333,0.08715574274765817,0.9961946980917455,4,0,0,0
2026-06-12 00:25:00,0.4166666666666667,0.10886687485196457,0.9940563382223196,4,0,0,0
2026-06-12 00:30:00,0.5,0.13052619222005157,0.9914448613738104,4,0,0,0
2026-06-12 00:35:00,0.5833333333333334,0.15212338618991672,0.9883615104677607,4,0,0,0
2026-06-12 00:40:00,0.6666666666666666,0.17364817766693033,0.984807753012208,4,0,0,0
2026-06-12 00:45:00,0.75,0.19509032201612825,0.9807852804032304,4,0,0,0
2026-06-12 00:50:00,0.8333333333333334,0.21643961393810288,0.9762960071199334,4,0,0,0
2026-06-12 00:55:00,0.9166666666666666,0.23768589232617307,0.9713420698132614,4,0,0,0
2026-06-12 01:00:00,1.0,0.25881904510252074,0.9659258262890683,4,0,0,0
2026-06-12 01:05:00,1.0833333333333333,0.27982901403099203,0.9600498543859287,4,0,0,0
2026-06-12 01:10:00,1.1666666666666667,0.3007057995042732,0.9537169507482269,4,0,0,0
2026-06-12 01:15:00,1.25,0.3214394653031616,0.9469301294951057,4,0,0,0
2026-06-12 01:20:00,1.3333333333333333,0.3420201433256687,0.9396926207859084,4,0,0,0
2026-06-12 01:25:00,1.4166666666666667,0.36243803828370164,0.9320078692827986,4,0,0,0
2026-06-12 01:30:00,1.5,0.3826834323650898,0.9238795325112867,4,0,0,0
2026-06-12 01:35:00,1.5833333333333335,0.40274668985873724,0.9153114791194471,4,0,0,0
2026-06-12 01:40:00,1.6666666666666665,0.4226182617406994,0.9063077870366499,4,0,0,0
2026-06-12 01:45:00,1.75,0.44228869021900125,0.8968727415326884,4,0,0,0
2026-06-12 01:50:00,1.8333333333333335,0.46174861323503397,0.8870108331782217,4,0,0,0
2026-06-12 01:55:00,1.9166666666666665,0.48098876891938763,0.8767267557075077,4,0,0,0
2026-06-12 02:00:00,2.0,0.49999999999999994,0.8660254037844387,4,0,0,0
2026-06-12 02:05:00,2.0833333333333335,0.5187732581605214,0.8549118706729466,4,0,0,0
2026-06-12 02:10:00,2.1666666666666665,0.5372996083468238,0.8433914458128857,4,0,0,0
2026-06-12 02:15:00,2.25,0.5555702330196022,0.8314696123025452,4,0,0,0
2026-06-12 02:20:00,2.3333333333333335,0.5735764363510462,0.8191520442889918,4,0,0,0
2026-06-12 02:25:00,2.4166666666666665,0.5913096483635824,0.8064446042674827,4,0,0,0
2026-06-12 02:30:00,2.5,0.6087614290087207,0.7933533402912352,4,0,0,0
2026-06-12 02:35:00,2.5833333333333335,0.6259234721840591,0.7798844830928818,4,0,0,0
2026-06-12 02:40:00,2.6666666666666665,0.6427876096865393,0.766044443118978,4,0,0,0
2026-06-12 02:45:00,2.75,0.6593458151000688,0.7518398074789774,4,0,0,0
2026-06-12 02:50:00,2.8333333333333335,0.6755902076156602,0.7372773368101241,4,0,0,0
2026-06-12 02:55:00,2.9166666666666665,0.6915130557822694,0.7223639620597556,4,0,0,0
2026-06-12 03:00:00,3.0,0.7071067811865476,0.7071067811865476,4,0,0,0
2026-06-12 03:05:00,3.0833333333333335,0.7223639620597555,0.6915130557822694,4,0,0,0
2026-06-12 03:10:00,3.1666666666666665,0.737277336810124,0.6755902076156602,4,0,0,0
2026-06-12 03:15:00,3.25,0.7518398074789774,0.6593458151000688,4,0,0,0
2026-06-12 03:20:00,3.3333333333333335,0.766044443118978,0.6427876096865394,4,0,0,0
2026-06-12 03:25:00,3.4166666666666665,0.7798844830928817,0.6259234721840591,4,0,0,0
2026-06-12 03:30:00,3.5,0.7933533402912352,0.6087614290087207,4,0,0,0
2026-06-12 03:35:00,3.5833333333333335,0.8064446042674825,0.5913096483635825,4,0,0,0
2026-06-12 03:40:00,3.6666666666666665,0.8191520442889917,0.5735764363510462,4,0,0,0
2026-06-12 03:45:00,3.75,0.8314696123025451,0.5555702330196024,4,0,0,0
2026-06-12 03:50:00,3.8333333333333335,0.8433914458128856,0.5372996083468239,4,0,0,0
2026-06-12 03:55:00,3.9166666666666665,0.8549118706729466,0.5187732581605216,4,0,0,0
2026-06-12 04:00:00,4.0,0.8660254037844386,0.5000000000000001,4,0,0,0
2026-06-12 04:05:00,4.083333333333333,0.8767267557075077,0.48098876891938774,4,0,0,0
2026-06-12 04:10:00,4.166666666666667,0.8870108331782217,0.46174861323503386,4,0,0,0
2026-06-12 04:15:00,4.25,0.8968727415326884,0.44228869021900125,4,0,0,0
2026-06-12 04:20:00,4.333333333333333,0.9063077870366498,0.4226182617406996,4,0,0,0
2026-06-12 04:25:00,4.416666666666667,0.9153114791194471,0.40274668985873724,4,0,0,0
2026-06-12 04:30:00,4.5,0.9238795325112867,0.38268343236508984,4,0,0,0
2026-06-12 04:35:00,4.583333333333333,0.9320078692827984,0.3624380382837017,4,0,0,0
2026-06-12 04:40:00,4.666666666666667,0.9396926207859084,0.3420201433256686,4,0,0,0
2026-06-12 04:45:00,4.75,0.9469301294951056,0.3214394653031617,4,0,0,0
2026-06-12 04:50:00,4.833333333333333,0.9537169507482268,0.3007057995042733,4,0,0,0
2026-06-12 04:55:00,4.916666666666667,0.9600498543859287,0.27982901403099203,4,0,0,0
2026-06-12 05:00:00,5.0,0.9659258262890683,0.25881904510252074,4,0,0,0
2026-06-12 05:05:00,5.083333333333333,0.9713420698132614,0.2376858923261731,4,0,0,0
2026-06-12 05:10:00,5.166666666666667,0.9762960071199334,0.2164396139381029,4,0,0,0
2026-06-12 05:15:00,5.25,0.9807852804032304,0.19509032201612833,4,0,0,0
2026-06-12 05:20:00,5.333333333333333,0.984807753012208,0.17364817766693041,4,0,0,0
2026-06-12 05:25:00,5.416666666666667,0.9883615104677607,0.1521233861899168,4,0,0,0
2026-06-12 05:30:00,5.5,0.9914448613738104,0.1305261922200517,4,0,0,0
2026-06-12 05:35:00,5.583333333333333,0.9940563382223196,0.10886687485196474,4,0,0,0
2026-06-12 05:40:00,5.666666666666667,0.9961946980917455,0.08715574274765814,4,0,0,0
2026-06-12 05:45:00,5.75,0.9978589232386035,0.06540312923014327,4,0,0,0
2026-06-12 05:50:00,5.833333333333333,0.9990482215818578,0.04361938736533601,4,0,0,0
2026-06-12 05:55:00,5.916666666666667,0.9997620270799091,0.021814885034560937,4,0,0,0
2026-06-12 06:00:00,6.0,1.0,6.123233995736766e-17,4,0,0,0
2026-06-12 06:05:00,6.083333333333333,0.9997620270799091,-0.02181488503456081,4,0,0,0
2026-06-12 06:10:00,6.166666666666667,0.9990482215818578,-0.04361938736533589,4,0,0,0
2026-06-12 06:15:00,6.25,0.9978589232386035,-0.06540312923014314,4,0,0,0
2026-06-12 06:20:00,6.333333333333333,0.9961946980917455,-0.08715574274765801,4,0,0,0
2026-06-12 06:25:00,6.416666666666667,0.9940563382223196,-0.10886687485196461,4,0,0,0
2026-06-12 06:30:00,6.5,0.9914448613738104,-0.1305261922200516,4,0,0,0
2026-06-12 06:35:00,6.583333333333333,0.9883615104677607,-0.1521233861899167,4,0,0,0
2026-06-12 06:40:00,6.666666666666667,0.984807753012208,-0.1736481776669303,4,0,0,0
2026-06-12 06:45:00,6.75,0.9807852804032304,-0.1950903220161282,4,0,0,0
2026-06-12 06:50:00,6.833333333333333,0.9762960071199334,-0.2164396139381028,4,0,0,0
2026-06-12 06:55:00,6.916666666666667,0.9713420698132614,-0.23768589232617318,4,0,0,0
2026-06-12 07:00:00,7.0,0.9659258262890683,-0.25881904510252063,4,0,0,0
2026-06-12 07:05:00,7.083333333333333,0.9600498543859287,-0.2798290140309919,4,0,0,0
2026-06-12 07:10:00,7.166666666666667,0.9537169507482269,-0.30070579950427295,4,0,0,0
2026-06-12 07:15:00,7.25,0.9469301294951057,-0.3214394653031616,4,0,0,0
2026-06-12 07:20:00,7.333333333333333,0.9396926207859084,-0.3420201433256685,4,0,0,0
2026-06-12 07:25:00,7.416666666666667,0.9320078692827986,-0.3624380382837016,4,0,0,0
2026-06-12 07:30:00,7.5,0.9238795325112868,-0.3826834323650895,4,0,0,0
2026-06-12 07:35:00,7.583333333333333,0.9153114791194472,-0.40274668985873713,4,0,0,0
2026-06-12 07:40:00,7.666666666666667,0.90630778703665,-0.42261826174069933,4,0,0,0
2026-06-12 07:45:00,7.75,0.8968727415326884,-0.44228869021900113,4,0,0,0
2026-06-12 07:50:00,7.833333333333333,0.8870108331782218,-0.4617486132350338,4,0,0,0
2026-06-12 07:55:00,7.916666666666667,0.8767267557075076,-0.48098876891938785,4,0,0,0
2026-06-12 08:00:00,8.0,0.8660254037844387,-0.4999999999999998,4,0,0,0
2026-06-12 08:05:00,8.083333333333334,0.8549118706729465,-0.5187732581605216,4,0,0,0
2026-06-12 08:10:00,8.166666666666666,0.8433914458128858,-0.5372996083468236,4,0,0,0
2026-06-12 08:15:00,8.25,0.8314696123025451,-0.5555702330196023,4,0,0,0
2026-06-12 08:20:00,8.333333333333334,0.8191520442889917,-0.5735764363510462,4,0,0,0
2026-06-12 08:25:00,8.416666666666666,0.8064446042674828,-0.5913096483635821,4,0,0,0
2026-06-12 08:30:00,8.5,0.7933533402912352,-0.6087614290087207,4,0,0,0
2026-06-12 08:35:00,8.583333333333334,0.7798844830928817,-0.6259234721840591,4,0,0,0
2026-06-12 08:40:00,8.666666666666666,0.7660444431189783,-0.642787609686539,4,0,0,0
2026-06-12 08:45:00,8.75,0.7518398074789774,-0.6593458151000688,4,0,0,0
2026-06-12 08:50:00,8.833333333333334,0.7372773368101241,-0.6755902076156602,4,0,0,0
2026-06-12 08:55:00,8.916666666666666,0.7223639620597556,-0.6915130557822693,4,0,0,0
2026-06-12 09:00:00,9.0,0.7071067811865476,-0.7071067811865475,4,0,0,0
2026-06-12 09:05:00,9.083333333333334,0.6915130557822694,-0.7223639620597555,4,0,0,0
2026-06-12 09:10:00,9.166666666666666,0.6755902076156604,-0.737277336810124,4,0,0,0
2026-06-12 09:15:00,9.25,0.659345815100069,-0.7518398074789773,4,0,0,0
2026-06-12 09:20:00,9.333333333333334,0.6427876096865391,-0.7660444431189782,4,0,0,0
2026-06-12 09:25:00,9.416666666666666,0.6259234721840592,-0.7798844830928817,4,0,0,0
2026-06-12 09:30:00,9.5,0.6087614290087209,-0.793353340291235,4,0,0,0
2026-06-12 09:35:00,9.583333333333334,0.5913096483635822,-0.8064446042674827,4,0,0,0
2026-06-12 09:40:00,9.666666666666666,0.5735764363510464,-0.8191520442889916,4,0,0,0
2026-06-12 09:45:00,9.75,0.5555702330196025,-0.831469612302545,4,0,0,0
2026-06-12 09:50:00,9.833333333333334,0.5372996083468238,-0.8433914458128857,4,0,0,0
2026-06-12 09:55:00,9.916666666666666,0.5187732581605218,-0.8549118706729464,4,0,0,0
2026-06-12 10:00:00,10.0,0.49999999999999994,-0.8660254037844387,4,0,0,0
2026-06-12 10:05:00,10.083333333333334,0.48098876891938763,-0.8767267557075077,4,0,0,0
2026-06-12 10:10:00,10.166666666666666,0.4617486132350339,-0.8870108331782217,4,0,0,0
2026-06-12 10:15:00,10.25,0.4422886902190017,-0.8968727415326881,4,0,0,0
2026-06-12 10:20:00,10.333333333333334,0.4226182617406995,-0.9063077870366499,4,0,0,0
2026-06-12 10:25:00,10.416666666666666,0.4027466898587373,-0.9153114791194471,4,0,0,0
2026-06-12 10:30:00,10.5,0.3826834323650899,-0.9238795325112867,4,0,0,0
2026-06-12 10:35:00,10.583333333333334,0.36243803828370136,-0.9320078692827987,4,0,0,0
2026-06-12 10:40:00,10.666666666666666,0.3420201433256689,-0.9396926207859083,4,0,0,0
2026-06-12 10:45:00,10.75,0.32143946530316175,-0.9469301294951056,4,0,0,0
2026-06-12 10:50:00,10.833333333333334,0.30070579950427334,-0.9537169507482268,4,0,0,0
2026-06-12 10:55:00,10.916666666666666,0.2798290140309927,-0.9600498543859285,4,0,0,0
2026-06-12 11:00:00,11.0,0.258819045102521,-0.9659258262890682,4,0,0,0
2026-06-12 11:05:00,11.083333333333334,0.23768589232617293,-0.9713420698132614,4,0,0,0
2026-06-12 11:10:00,11.166666666666666,0.21643961393810318,-0.9762960071199333,4,0,0,0
2026-06-12 11:15:00,11.25,0.19509032201612816,-0.9807852804032304,4,0,0,0
2026-06-12 11:20:00,11.333333333333334,0.17364817766693028,-0.984807753012208,4,0,0,0
2026-06-12 11:25:00,11.416666666666666,0.15212338618991708,-0.9883615104677607,4,0,0,0
2026-06-12 11:30:00,11.5,0.130526192220052,-0.9914448613738104,4,0,0,0
2026-06-12 11:35:00,11.583333333333334,0.10886687485196457,-0.9940563382223196,4,0,0,0
2026-06-12 11:40:00,11.666666666666666,0.0871557427476582,-0.9961946980917455,4,0,0,0
2026-06-12 11:45:00,11.75,0.06540312923014312,-0.9978589232386035,4,0,0,0
2026-06-12 11:50:00,11.833333333333334,0.043619387365335625,-0.9990482215818578,4,0,0,0
2026-06-12 11:55:00,11.916666666666666,0.021814885034561218,-0.9997620270799091,4,0,0,0
2026-06-12 12:00:00,12.0,1.2246467991473532e-16,-1.0,4,0,0,0
2026-06-12 12:05:00,12.083333333333334,-0.021814885034560975,-0.9997620270799091,4,0,0,0
2026-06-12 12:10:00,12.166666666666666,-0.04361938736533538,-0.9990482215818578,4,0,0,0
2026-06-12 12:15:00,12.25,-0.06540312923014287,-0.9978589232386035,4,0,0,0
2026-06-12 12:20:00,12.333333333333334,-0.08715574274765794,-0.9961946980917455,4,0,0,0
2026-06-12 12:25:00,12.416666666666666,-0.10886687485196432,-0.9940563382223196,4,0,0,0
2026-06-12 12:30:00,12.5,-0.13052619222005177,-0.9914448613738104,4,0,0,0
2026-06-12 12:35:00,12.583333333333334,-0.15212338618991683,-0.9883615104677607,4,0,0,0
2026-06-12 12:40:00,12.666666666666666,-0.17364817766693003,-0.9848077530122081,4,0,0,0
2026-06-12 12:45:00,12.75,-0.19509032201612792,-0.9807852804032305,4,0,0,0
2026-06-12 12:50:00,12.833333333333334,-0.21643961393810293,-0.9762960071199334,4,0,0,0
2026-06-12 12:55:00,12.916666666666666,-0.2376858923261727,-0.9713420698132615,4,0,0,0
2026-06-12 13:00:00,13.0,-0.2588190451025208,-0.9659258262890683,4,0,0,0
2026-06-12 13:05:00,13.083333333333334,-0.2798290140309925,-0.9600498543859286,4,0,0,0
2026-06-12 13:10:00,13.166666666666666,-0.30070579950427306,-0.9537169507482269,4,0,0,0
2026-06-12 13:15:00,13.25,-0.32143946530316153,-0.9469301294951057,4,0,0,0
2026-06-12 13:20:00,13.333333333333334,-0.34202014332566866,-0.9396926207859084,4,0,0,0
2026-06-12 13:25:00,13.416666666666666,-0.36243803828370114,-0.9320078692827987,4,0,0,0
2026-06-12 13:30:00,13.5,-0.38268343236508967,-0.9238795325112868,4,0,0,0
2026-06-12 13:35:00,13.583333333333334,-0.4027466898587371,-0.9153114791194472,4,0,0,0
2026-06-12 13:40:00,13.666666666666666,-0.4226182617406993,-0.90630778703665,4,0,0,0
2026-06-12 13:45:00,13.75,-0.44228869021900147,-0.8968727415326883,4,0,0,0
2026-06-12 13:50:00,13.833333333333334,-0.46174861323503413,-0.8870108331782216,4,0,0,0
2026-06-12 13:55:00,13.916666666666666,-0.4809887689193874,-0.8767267557075078,4,0,0,0
2026-06-12 14:00:00,14.0,-0.4999999999999997,-0.8660254037844388,4,0,0,0
2026-06-12 14:05:00,14.083333333333334,-0.5187732581605216,-0.8549118706729465,4,0,0,0
2026-06-12 14:10:00,14.166666666666666,-0.5372996083468236,-0.8433914458128858,4,0,0,0
2026-06-12 14:15:00,14.25,-0.555570233019602,-0.8314696123025455,4,0,0,0
2026-06-12 14:20:00,14.333333333333334,-0.5735764363510458,-0.819152044288992,4,0,0,0
2026-06-12 14:25:00,14.416666666666666,-0.5913096483635824,-0.8064446042674825,4,0,0,0
2026-06-12 14:30:00,14.5,-0.6087614290087207,-0.7933533402912352,4,0,0,0
2026-06-12 14:35:00,14.583333333333334,-0.6259234721840591,-0.7798844830928818,4,0,0,0
2026-06-12 14:40:00,14.666666666666666,-0.6427876096865389,-0.7660444431189783,4,0,0,0
2026-06-12 14:45:00,14.75,-0.6593458151000688,-0.7518398074789774,4,0,0,0
2026-06-12 14:50:00,14.833333333333334,-0.6755902076156601,-0.7372773368101241,4,0,0,0
2026-06-12 14:55:00,14.916666666666666,-0.691513055782269,-0.722363962059756,4,0,0,0
2026-06-12 15:00:00,15.0,-0.7071067811865471,-0.7071067811865479,4,0,0,0
2026-06-12 15:05:00,15.083333333333334,-0.7223639620597557,-0.6915130557822692,4,0,0,0
2026-06-12 15:10:00,15.166666666666666,-0.7372773368101239,-0.6755902076156604,4,0,0,0
2026-06-12 15:15:00,15.25,-0.7518398074789773,-0.6593458151000691,4,0,0,0
2026-06-12 15:20:00,15.333333333333334,-0.7660444431189779,-0.6427876096865395,4,0,0,0
2026-06-12 15:25:00,15.416666666666666,-0.7798844830928814,-0.6259234721840596,4,0,0,0
2026-06-12 15:30:00,15.5,-0.7933533402912349,-0.6087614290087209,4,0,0,0
2026-06-12 15:35:00,15.583333333333334,-0.8064446042674827,-0.5913096483635822,4,0,0,0
2026-06-12 15:40:00,15.666666666666666,-0.8191520442889916,-0.5735764363510464,4,0,0,0
2026-06-12 15:45:00,15.75,-0.8314696123025452,-0.5555702330196022,4,0,0,0
2026-06-12 15:50:00,15.833333333333334,-0.8433914458128859,-0.5372996083468234,4,0,0,0
2026-06-12 15:55:00,15.916666666666666,-0.8549118706729466,-0.5187732581605214,4,0,0,0
2026-06-12 16:00:00,16.0,-0.8660254037844385,-0.5000000000000004,4,0,0,0
2026-06-12 16:05:00,16.083333333333332,-0.8767267557075072,-0.48098876891938847,4,0,0,0
2026-06-12 16:10:00,16.166666666666668,-0.8870108331782218,-0.4617486132350336,4,0,0,0
2026-06-12 16:15:00,16.25,-0.8968727415326883,-0.44228869021900136,4,0,0,0
2026-06-12 16:20:00,16.333333333333332,-0.9063077870366497,-0.42261826174069994,4,0,0,0
2026-06-12 16:25:00,16.416666666666668,-0.9153114791194471,-0.40274668985873735,4,0,0,0
2026-06-12 16:30:00,16.5,-0.9238795325112868,-0.3826834323650895,4,0,0,0
2026-06-12 16:35:00,16.583333333333332,-0.9320078692827984,-0.3624380382837018,4,0,0,0
2026-06-12 16:40:00,16.666666666666668,-0.9396926207859084,-0.34202014332566855,4,0,0,0
2026-06-12 16:45:00,16.75,-0.9469301294951056,-0.3214394653031618,4,0,0,0
2026-06-12 16:50:00,16.833333333333332,-0.9537169507482267,-0.3007057995042738,4,0,0,0
2026-06-12 16:55:00,16.916666666666668,-0.9600498543859286,-0.27982901403099236,4,0,0,0
2026-06-12 17:00:00,17.0,-0.9659258262890683,-0.25881904510252063,4,0,0,0
2026-06-12 17:05:00,17.083333333333332,-0.9713420698132613,-0.23768589232617343,4,0,0,0
2026-06-12 17:10:00,17.166666666666668,-0.9762960071199334,-0.21643961393810282,4,0,0,0
2026-06-12 17:15:00,17.25,-0.9807852804032303,-0.19509032201612866,4,0,0,0
2026-06-12 17:20:00,17.333333333333332,-0.9848077530122079,-0.1736481776669312,4,0,0,0
2026-06-12 17:25:00,17.416666666666668,-0.9883615104677608,-0.15212338618991628,4,0,0,0
2026-06-12 17:30:00,17.5,-0.9914448613738104,-0.13052619222005163,4,0,0,0
2026-06-12 17:35:00,17.583333333333332,-0.9940563382223195,-0.10886687485196507,4,0,0,0
2026-06-12 17:40:00,17.666666666666668,-0.9961946980917455,-0.08715574274765825,4,0,0,0
2026-06-12 17:45:00,17.75,-0.9978589232386035,-0.06540312923014273,4,0,0,0
2026-06-12 17:50:00,17.833333333333332,-0.9990482215818578,-0.04361938736533613,4,0,0,0
2026-06-12 17:55:00,17.916666666666668,-0.9997620270799091,-0.021814885034560836,4,0,0,0
2026-06-12 18:00:00,18.0,-1.0,-1.8369701987210297e-16,4,0,0,0
2026-06-12 18:05:00,18.083333333333332,-0.9997620270799091,0.021814885034560468,4,0,0,0
2026-06-12 18:10:00,18.166666666666668,-0.9990482215818578,0.043619387365335764,4,0,0,0
2026-06-12 18:15:00,18.25,-0.9978589232386036,0.06540312923014237,4,0,0,0
2026-06-12 18:20:00,18.333333333333332,-0.9961946980917455,0.08715574274765789,4,0,0,0
2026-06-12 18:25:00,18.416666666666668,-0.9940563382223196,0.10886687485196471,4,0,0,0
2026-06-12 18:30:00,18.5,-0.9914448613738105,0.13052619222005127,4,0,0,0
2026-06-12 18:35:00,18.583333333333332,-0.9883615104677609,0.15212338618991592,4,0,0,0
2026-06-12 18:40:00,18.666666666666668,-0.984807753012208,0.17364817766693083,4,0,0,0
2026-06-12 18:45:00,18.75,-0.9807852804032304,0.1950903220161283,4,0,0,0
2026-06-12 18:50:00,18.833333333333332,-0.9762960071199335,0.21643961393810246,4,0,0,0
2026-06-12 18:55:00,18.916666666666668,-0.9713420698132614,0.23768589232617307,4,0,0,0
2026-06-12 19:00:00,19.0,-0.9659258262890684,0.2588190451025203,4,0,0,0
2026-06-12 19:05:00,19.083333333333332,-0.9600498543859287,0.279829014030992,4,0,0,0
2026-06-12 19:10:00,19.166666666666668,-0.9537169507482268,0.30070579950427345,4,0,0,0
2026-06-12 19:15:00,19.25,-0.9469301294951057,0.3214394653031615,4,0,0,0
2026-06-12 19:20:00,19.333333333333332,-0.9396926207859085,0.34202014332566816,4,0,0,0
2026-06-12 19:25:00,19.416666666666668,-0.9320078692827986,0.36243803828370147,4,0,0,0
2026-06-12 19:30:00,19.5,-0.923879532511287,0.38268343236508917,4,0,0,0
2026-06-12 19:35:00,19.583333333333332,-0.9153114791194472,0.402746689858737,4,0,0,0
2026-06-12 19:40:00,19.666666666666668,-0.9063077870366498,0.4226182617406996,4,0,0,0
2026-06-12 19:45:00,19.75,-0.8968727415326884,0.442288690219001,4,0,0,0
2026-06-12 19:50:00,19.833333333333332,-0.887010833178222,0.46174861323503325,4,0,0,0
2026-06-12 19:55:00,19.916666666666668,-0.8767267557075075,0.48098876891938813,4,0,0,0
2026-06-12 20:00:00,20.0,-0.8660254037844386,0.5000000000000001,4,0,0,0
2026-06-12 20:05:00,20.083333333333332,-0.8549118706729468,0.5187732581605211,4,0,0,0
2026-06-12 20:10:00,20.166666666666668,-0.8433914458128857,0.5372996083468239,4,0,0,0
2026-06-12 20:15:00,20.25,-0.8314696123025455,0.5555702330196018,4,0,0,0
2026-06-12 20:20:00,20.333333333333332,-0.8191520442889918,0.573576436351046,4,0,0,0
2026-06-12 20:25:00,20.416666666666668,-0.8064446042674829,0.591309648363582,4,0,0,0
2026-06-12 20:30:00,20.5,-0.7933533402912357,0.6087614290087199,4,0,0,0
2026-06-12 20:35:00,20.583333333333332,-0.7798844830928816,0.6259234721840593,4,0,0,0
2026-06-12 20:40:00,20.666666666666668,-0.7660444431189781,0.6427876096865393,4,0,0,0
2026-06-12 20:45:00,20.75,-0.7518398074789772,0.6593458151000691,4,0,0,0
2026-06-12 20:50:00,20.833333333333332,-0.7372773368101242,0.6755902076156601,4,0,0,0
2026-06-12 20:55:00,20.916666666666668,-0.7223639620597554,0.6915130557822695,4,0,0,0
2026-06-12 21:00:00,21.0,-0.7071067811865477,0.7071067811865474,4,0,0,0
2026-06-12 21:05:00,21.083333333333332,-0.6915130557822698,0.7223639620597551,4,0,0,0
2026-06-12 21:10:00,21.166666666666668,-0.6755902076156598,0.7372773368101244,4,0,0,0
2026-06-12 21:15:00,21.25,-0.6593458151000687,0.7518398074789775,4,0,0,0
2026-06-12 21:20:00,21.333333333333332,-0.6427876096865396,0.7660444431189778,4,0,0,0
2026-06-12 21:25:00,21.416666666666668,-0.625923472184059,0.7798844830928818,4,0,0,0
2026-06-12 21:30:00,21.5,-0.608761429008721,0.7933533402912349,4,0,0,0
2026-06-12 21:35:00,21.583333333333332,-0.591309648363583,0.8064446042674821,4,0,0,0
2026-06-12 21:40:00,21.666666666666668,-0.5735764363510465,0.8191520442889916,4,0,0,0
2026-06-12 21:45:00,21.75,-0.555570233019603,0.8314696123025447,4,0,0,0
2026-06-12 21:50:00,21.833333333333332,-0.537299608346825,0.8433914458128849,4,0,0,0
2026-06-12 21:55:00,21.916666666666668,-0.5187732581605214,0.8549118706729466,4,0,0,0
2026-06-12 22:00:00,22.0,-0.5000000000000004,0.8660254037844384,4,0,0,0
2026-06-12 22:05:00,22.083333333333332,-0.48098876891938774,0.8767267557075077,4,0,0,0
2026-06-12 22:10:00,22.166666666666668,-0.46174861323503363,0.8870108331782218,4,0,0,0
2026-06-12 22:15:00,22.25,-0.4422886902190014,0.8968727415326883,4,0,0,0
2026-06-12 22:20:00,22.333333333333332,-0.4226182617407,0.9063077870366497,4,0,0,0
2026-06-12 22:25:00,22.416666666666668,-0.40274668985873663,0.9153114791194474,4,0,0,0
2026-06-12 22:30:00,22.5,-0.38268343236508956,0.9238795325112868,4,0,0,0
2026-06-12 22:35:00,22.583333333333332,-0.36243803828370186,0.9320078692827984,4,0,0,0
2026-06-12 22:40:00,22.666666666666668,-0.3420201433256686,0.9396926207859084,4,0,0,0
2026-06-12 22:45:00,22.75,-0.32143946530316186,0.9469301294951056,4,0,0,0
2026-06-12 22:50:00,22.833333333333332,-0.30070579950427384,0.9537169507482267,4,0,0,0
2026-06-12 22:55:00,22.916666666666668,-0.2798290140309924,0.9600498543859286,4,0,0,0
2026-06-12 23:00:00,23.0,-0.25881904510252157,0.9659258262890681,4,0,0,0
2026-06-12 23:05:00,23.083333333333332,-0.23768589232617435,0.9713420698132611,4,0,0,0
2026-06-12 23:10:00,23.166666666666668,-0.21643961393810288,0.9762960071199334,4,0,0,0
2026-06-12 23:15:00,23.25,-0.19509032201612872,0.9807852804032303,4,0,0,0
2026-06-12 23:20:00,23.333333333333332,-0.1736481776669304,0.984807753012208,4,0,0,0
2026-06-12 23:25:00,23.416666666666668,-0.1521233861899172,0.9883615104677607,4,0,0,0
2026-06-12 23:30:00,23.5,-0.13052619222005168,0.9914448613738104,4,0,0,0
2026-06-12 23:35:00,23.583333333333332,-0.10886687485196514,0.9940563382223195,4,0,0,0
2026-06-12 23:40:00,23.666666666666668,-0.08715574274765743,0.9961946980917455,4,0,0,0
2026-06-12 23:45:00,23.75,-0.0654031292301428,0.9978589232386035,4,0,0,0
2026-06-12 23:50:00,23.833333333333332,-0.043619387365336194,0.9990482215818578,4,0,0,0
2026-06-12 23:55:00,23.916666666666668,-0.0218148850345609,0.9997620270799091,4,0,0,0
2026-06-13 00:00:00,0.0,0.0,1.0,5,1,0,0
2026-06-13 00:05:00,0.08333333333333333,0.02181488503456112,0.9997620270799091,5,1,0,1
2026-06-13 00:10:00,0.16666666666666666,0.043619387365336,0.9990482215818578,5,1,0,0
2026-06-13 00:15:00,0.25,0.06540312923014306,0.9978589232386035,5,1,0,0
2026-06-13 00:20:00,0.3333333333333333,0.08715574274765817,0.9961946980917455,5,1,0,0
2026-06-13 00:25:00,0.4166666666666667,0.10886687485196457,0.9940563382223196,5,1,0,1
2026-06-13 00:30:00,0.5,0.13052619222005157,0.9914448613738104,5,1,0,0
2026-06-13 00:35:00,0.5833333333333334,0.15212338618991672,0.9883615104677607,5,1,0,0
2026-06-13 00:40:00,0.6666666666666666,0.17364817766693033,0.984807753012208,5,1,0,0
2026-06-13 00:45:00,0.75,0.19509032201612825,0.9807852804032304,5,1,0,0
2026-06-13 00:50:00,0.8333333333333334,0.21643961393810288,0.9762960071199334,5,1,0,0
2026-06-13 00:55:00,0.9166666666666666,0.23768589232617307,0.9713420698132614,5,1,0,0
2026-06-13 01:00:00,1.0,0.25881904510252074,0.9659258262890683,5,1,0,0
2026-06-13 01:05:00,1.0833333333333333,0.27982901403099203,0.9600498543859287,5,1,0,0
2026-06-13 01:10:00,1.1666666666666667,0.3007057995042732,0.9537169507482269,5,1,0,0
2026-06-13 01:15:00,1.25,0.3214394653031616,0.9469301294951057,5,1,0,0
2026-06-13 01:20:00,1.3333333333333333,0.3420201433256687,0.9396926207859084,5,1,0,0
2026-06-13 01:25:00,1.4166666666666667,0.36243803828370164,0.9320078692827986,5,1,0,0
2026-06-13 01:30:00,1.5,0.3826834323650898,0.9238795325112867,5,1,0,1
2026-06-13 01:35:00,1.5833333333333335,0.40274668985873724,0.9153114791194471,5,1,0,0
2026-06-13 01:40:00,1.6666666666666665,0.4226182617406994,0.9063077870366499,5,1,0,0
2026-06-13 01:45:00,1.75,0.44228869021900125,0.8968727415326884,5,1,0,0
2026-06-13 01:50:00,1.8333333333333335,0.46174861323503397,0.8870108331782217,5,1,0,0
2026-06-13 01:55:00,1.9166666666666665,0.48098876891938763,0.8767267557075077,5,1,0,0
2026-06-13 02:00:00,2.0,0.49999999999999994,0.8660254037844387,5,1,0,0
2026-06-13 02:05:00,2.0833333333333335,0.5187732581605214,0.8549118706729466,5,1,0,0
2026-06-13 02:10:00,2.1666666666666665,0.5372996083468238,0.8433914458128857,5,1,0,0
2026-06-13 02:15:00,2.25,0.5555702330196022,0.8314696123025452,5,1,0,0
2026-06-13 02:20:00,2.3333333333333335,0.5735764363510462,0.8191520442889918,5,1,0,0
2026-06-13 02:25:00,2.4166666666666665,0.5913096483635824,0.8064446042674827,5,1,0,0
2026-06-13 02:30:00,2.5,0.6087614290087207,0.7933533402912352,5,1,0,0
2026-06-13 02:35:00,2.5833333333333335,0.6259234721840591,0.7798844830928818,5,1,0,0
2026-06-13 02:40:00,2.6666666666666665,0.6427876096865393,0.766044443118978,5,1,0,0
2026-06-13 02:45:00,2.75,0.6593458151000688,0.7518398074789774,5,1,0,0
2026-06-13 02:50:00,2.8333333333333335,0.6755902076156602,0.7372773368101241,5,1,0,0
2026-06-13 02:55:00,2.9166666666666665,0.6915130557822694,0.7223639620597556,5,1,0,1
2026-06-13 03:00:00,3.0,0.7071067811865476,0.7071067811865476,5,1,0,0
2026-06-13 03:05:00,3.0833333333333335,0.7223639620597555,0.6915130557822694,5,1,0,0
2026-06-13 03:10:00,3.1666666666666665,0.737277336810124,0.6755902076156602,5,1,0,1
2026-06-13 03:15:00,3.25,0.7518398074789774,0.6593458151000688,5,1,0,1
2026-06-13 03:20:00,3.3333333333333335,0.766044443118978,0.6427876096865394,5,1,0,0
2026-06-13 03:25:00,3.4166666666666665,0.7798844830928817,0.6259234721840591,5,1,0,0
2026-06-13 03:30:00,3.5,0.7933533402912352,0.6087614290087207,5,1,0,1
2026-06-13 03:35:00,3.5833333333333335,0.8064446042674825,0.5913096483635825,5,1,0,1
2026-06-13 03:40:00,3.6666666666666665,0.8191520442889917,0.5735764363510462,5,1,0,0
2026-06-13 03:45:00,3.75,0.8314696123025451,0.5555702330196024,5,1,0,0
2026-06-13 03:50:00,3.8333333333333335,0.8433914458128856,0.5372996083468239,5,1,0,0
2026-06-13 03:55:00,3.9166666666666665,0.8549118706729466,0.5187732581605216,5,1,0,0
2026-06-13 04:00:00,4.0,0.8660254037844386,0.5000000000000001,5,1,0,0
2026-06-13 04:05:00,4.083333333333333,0.8767267557075077,0.48098876891938774,5,1,0,0
2026-06-13 04:10:00,4.166666666666667,0.8870108331782217,0.46174861323503386,5,1,0,0
2026-06-13 04:15:00,4.25,0.8968727415326884,0.44228869021900125,5,1,0,1
2026-06-13 04:20:00,4.333333333333333,0.9063077870366498,0.4226182617406996,5,1,0,0
2026-06-13 04:25:00,4.416666666666667,0.9153114791194471,0.40274668985873724,5,1,0,0
2026-06-13 04:30:00,4.5,0.9238795325112867,0.38268343236508984,5,1,0,1
2026-06-13 04:35:00,4.583333333333333,0.9320078692827984,0.3624380382837017,5,1,0,1
2026-06-13 04:40:00,4.666666666666667,0.9396926207859084,0.3420201433256686,5,1,0,0
2026-06-13 04:45:00,4.75,0.9469301294951056,0.3214394653031617,5,1,0,0
2026-06-13 04:50:00,4.833333333333333,0.9537169507482268,0.3007057995042733,5,1,0,0
2026-06-13 04:55:00,4.916666666666667,0.9600498543859287,0.27982901403099203,5,1,0,0
2026-06-13 05:00:00,5.0,0.9659258262890683,0.25881904510252074,5,1,0,0
2026-06-13 05:05:00,5.083333333333333,0.9713420698132614,0.2376858923261731,5,1,0,0
2026-06-13 05:10:00,5.166666666666667,0.9762960071199334,0.2164396139381029,5,1,0,0
2026-06-13 05:15:00,5.25,0.9807852804032304,0.19509032201612833,5,1,0,0
2026-06-13 05:20:00,5.333333333333333,0.984807753012208,0.17364817766693041,5,1,0,0
2026-06-13 05:25:00,5.416666666666667,0.9883615104677607,0.1521233861899168,5,1,0,0
2026-06-13 05:30:00,5.5,0.9914448613738104,0.1305261922200517,5,1,0,0
2026-06-13 05:35:00,5.583333333333333,0.9940563382223196,0.10886687485196474,5,1,0,0
2026-06-13 05:40:00,5.666666666666667,0.9961946980917455,0.08715574274765814,5,1,0,0
2026-06-13 05:45:00,5.75,0.9978589232386035,0.06540312923014327,5,1,0,1
2026-06-13 05:50:00,5.833333333333333,0.9990482215818578,0.04361938736533601,5,1,0,0
2026-06-13 05:55:00,5.916666666666667,0.9997620270799091,0.021814885034560937,5,1,0,0
2026-06-13 06:00:00,6.0,1.0,6.123233995736766e-17,5,1,0,1
2026-06-13 06:05:00,6.083333333333333,0.9997620270799091,-0.02181488503456081,5,1,0,0
2026-06-13 06:10:00,6.166666666666667,0.9990482215818578,-0.04361938736533589,5,1,0,0
2026-06-13 06:15:00,6.25,0.9978589232386035,-0.06540312923014314,5,1,0,0
2026-06-13 06:20:00,6.333333333333333,0.9961946980917455,-0.08715574274765801,5,1,0,0
2026-06-13 06:25:00,6.416666666666667,0.9940563382223196,-0.10886687485196461,5,1,0,1
2026-06-13 06:30:00,6.5,0.9914448613738104,-0.1305261922200516,5,1,0,0
2026-06-13 06:35:00,6.583333333333333,0.9883615104677607,-0.1521233861899167,5,1,0,0
2026-06-13 06:40:00,6.666666666666667,0.984807753012208,-0.1736481776669303,5,1,0,0
2026-06-13 06:45:00,6.75,0.9807852804032304,-0.1950903220161282,5,1,0,0
2026-06-13 06:50:00,6.833333333333333,0.9762960071199334,-0.2164396139381028,5,1,0,0
2026-06-13 06:55:00,6.916666666666667,0.9713420698132614,-0.23768589232617318,5,1,0,0
2026-06-13 07:00:00,7.0,0.9659258262890683,-0.25881904510252063,5,1,0,0
2026-06-13 07:05:00,7.083333333333333,0.9600498543859287,-0.2798290140309919,5,1,0,1
2026-06-13 07:10:00,7.166666666666667,0.9537169507482269,-0.30070579950427295,5,1,0,0
2026-06-13 07:15:00,7.25,0.9469301294951057,-0.3214394653031616,5,1,0,0
2026-06-13 07:20:00,7.333333333333333,0.9396926207859084,-0.3420201433256685,5,1,0,0
2026-06-13 07:25:00,7.416666666666667,0.9320078692827986,-0.3624380382837016,5,1,0,0
2026-06-13 07:30:00,7.5,0.9238795325112868,-0.3826834323650895,5,1,0,0
2026-06-13 07:35:00,7.583333333333333,0.9153114791194472,-0.40274668985873713,5,1,0,0
2026-06-13 07:40:00,7.666666666666667,0.90630778703665,-0.42261826174069933,5,1,0,0
2026-06-13 07:45:00,7.75,0.8968727415326884,-0.44228869021900113,5,1,0,0
2026-06-13 07:50:00,7.833333333333333,0.8870108331782218,-0.4617486132350338,5,1,0,0
2026-06-13 07:55:00,7.916666666666667,0.8767267557075076,-0.48098876891938785,5,1,0,1
2026-06-13 08:00:00,8.0,0.8660254037844387,-0.4999999999999998,5,1,0,0
2026-06-13 08:05:00,8.083333333333334,0.8549118706729465,-0.5187732581605216,5,1,0,0
2026-06-13 08:10:00,8.166666666666666,0.8433914458128858,-0.5372996083468236,5,1,0,0
2026-06-13 08:15:00,8.25,0.8314696123025451,-0.5555702330196023,5,1,0,1
2026-06-13 08:20:00,8.333333333333334,0.8191520442889917,-0.5735764363510462,5,1,0,0
2026-06-13 08:25:00,8.416666666666666,0.8064446042674828,-0.5913096483635821,5,1,0,0
2026-06-13 08:30:00,8.5,0.7933533402912352,-0.6087614290087207,5,1,0,1
2026-06-13 08:35:00,8.583333333333334,0.7798844830928817,-0.6259234721840591,5,1,0,1
2026-06-13 08:40:00,8.666666666666666,0.7660444431189783,-0.642787609686539,5,1,0,1
2026-06-13 08:45:00,8.75,0.7518398074789774,-0.6593458151000688,5,1,0,0
2026-06-13 08:50:00,8.833333333333334,0.7372773368101241,-0.6755902076156602,5,1,0,0
2026-06-13 08:55:00,8.916666666666666,0.7223639620597556,-0.6915130557822693,5,1,0,0
2026-06-13 09:00:00,9.0,0.7071067811865476,-0.7071067811865475,5,1,0,1
2026-06-13 09:05:00,9.083333333333334,0.6915130557822694,-0.7223639620597555,5,1,0,0
2026-06-13 09:10:00,9.166666666666666,0.6755902076156604,-0.737277336810124,5,1,0,0
2026-06-13 09:15:00,9.25,0.659345815100069,-0.7518398074789773,5,1,0,0
2026-06-13 09:20:00,9.333333333333334,0.6427876096865391,-0.7660444431189782,5,1,0,1
2026-06-13 09:25:00,9.416666666666666,0.6259234721840592,-0.7798844830928817,5,1,0,0
2026-06-13 09:30:00,9.5,0.6087614290087209,-0.793353340291235,5,1,0,0
2026-06-13 09:35:00,9.583333333333334,0.5913096483635822,-0.8064446042674827,5,1,0,0
2026-06-13 09:40:00,9.666666666666666,0.5735764363510464,-0.8191520442889916,5,1,0,0
2026-06-13 09:45:00,9.75,0.5555702330196025,-0.831469612302545,5,1,0,0
2026-06-13 09:50:00,9.833333333333334,0.5372996083468238,-0.8433914458128857,5,1,0,0
2026-06-13 09:55:00,9.916666666666666,0.5187732581605218,-0.8549118706729464,5,1,0,0
2026-06-13 10:00:00,10.0,0.49999999999999994,-0.8660254037844387,5,1,0,0
2026-06-13 10:05:00,10.083333333333334,0.48098876891938763,-0.8767267557075077,5,1,0,0
2026-06-13 10:10:00,10.166666666666666,0.4617486132350339,-0.8870108331782217,5,1,0,0
2026-06-13 10:15:00,10.25,0.4422886902190017,-0.8968727415326881,5,1,0,0
2026-06-13 10:20:00,10.333333333333334,0.4226182617406995,-0.9063077870366499,5,1,0,0
2026-06-13 10:25:00,10.416666666666666,0.4027466898587373,-0.9153114791194471,5,1,0,0
2026-06-13 10:30:00,10.5,0.3826834323650899,-0.9238795325112867,5,1,0,0
2026-06-13 10:35:00,10.583333333333334,0.36243803828370136,-0.9320078692827987,5,1,0,0
2026-06-13 10:40:00,10.666666666666666,0.3420201433256689,-0.9396926207859083,5,1,0,0
2026-06-13 10:45:00,10.75,0.32143946530316175,-0.9469301294951056,5,1,0,1
2026-06-13 10:50:00,10.833333333333334,0.30070579950427334,-0.9537169507482268,5,1,0,0
2026-06-13 10:55:00,10.916666666666666,0.2798290140309927,-0.9600498543859285,5,1,0,1
2026-06-13 11:00:00,11.0,0.258819045102521,-0.9659258262890682,5,1,0,0
2026-06-13 11:05:00,11.083333333333334,0.23768589232617293,-0.9713420698132614,5,1,0,0
2026-06-13 11:10:00,11.166666666666666,0.21643961393810318,-0.9762960071199333,5,1,0,1
2026-06-13 11:15:00,11.25,0.19509032201612816,-0.9807852804032304,5,1,0,0
2026-06-13 11:20:00,11.333333333333334,0.17364817766693028,-0.984807753012208,5,1,0,0
2026-06-13 11:25:00,11.416666666666666,0.15212338618991708,-0.9883615104677607,5,1,0,0
2026-06-13 11:30:00,11.5,0.130526192220052,-0.9914448613738104,5,1,0,0
2026-06-13 11:35:00,11.583333333333334,0.10886687485196457,-0.9940563382223196,5,1,0,1
2026-06-13 11:40:00,11.666666666666666,0.0871557427476582,-0.9961946980917455,5,1,0,1
2026-06-13 11:45:00,11.75,0.06540312923014312,-0.9978589232386035,5,1,0,1
2026-06-13 11:50:00,11.833333333333334,0.043619387365335625,-0.9990482215818578,5,1,0,0
2026-06-13 11:55:00,11.916666666666666,0.021814885034561218,-0.9997620270799091,5,1,0,1
2026-06-13 12:00:00,12.0,1.2246467991473532e-16,-1.0,5,1,0,1
2026-06-13 12:05:00,12.083333333333334,-0.021814885034560975,-0.9997620270799091,5,1,0,0
2026-06-13 12:10:00,12.166666666666666,-0.04361938736533538,-0.9990482215818578,5,1,0,0
2026-06-13 12:15:00,12.25,-0.06540312923014287,-0.9978589232386035,5,1,0,1
2026-06-13 12:20:00,12.333333333333334,-0.08715574274765794,-0.9961946980917455,5,1,0,0
2026-06-13 12:25:00,12.416666666666666,-0.10886687485196432,-0.9940563382223196,5,1,0,1
2026-06-13 12:30:00,12.5,-0.13052619222005177,-0.9914448613738104,5,1,0,0
2026-06-13 12:35:00,12.583333333333334,-0.15212338618991683,-0.9883615104677607,5,1,0,1
2026-06-13 12:40:00,12.666666666666666,-0.17364817766693003,-0.9848077530122081,5,1,0,0
2026-06-13 12:45:00,12.75,-0.19509032201612792,-0.9807852804032305,5,1,0,0
2026-06-13 12:50:00,12.833333333333334,-0.21643961393810293,-0.9762960071199334,5,1,0,0
2026-06-13 12:55:00,12.916666666666666,-0.2376858923261727,-0.9713420698132615,5,1,0,1
2026-06-13 13:00:00,13.0,-0.2588190451025208,-0.9659258262890683,5,1,0,0
2026-06-13 13:05:00,13.083333333333334,-0.2798290140309925,-0.9600498543859286,5,1,0,0
2026-06-13 13:10:00,13.166666666666666,-0.30070579950427306,-0.9537169507482269,5,1,0,0
2026-06-13 13:15:00,13.25,-0.32143946530316153,-0.9469301294951057,5,1,0,1
2026-06-13 13:20:00,13.333333333333334,-0.34202014332566866,-0.9396926207859084,5,1,0,0
2026-06-13 13:25:00,13.416666666666666,-0.36243803828370114,-0.9320078692827987,5,1,0,1
2026-06-13 13:30:00,13.5,-0.38268343236508967,-0.9238795325112868,5,1,0,0
2026-06-13 13:35:00,13.583333333333334,-0.4027466898587371,-0.9153114791194472,5,1,0,0
2026-06-13 13:40:00,13.666666666666666,-0.4226182617406993,-0.90630778703665,5,1,0,0
2026-06-13 13:45:00,13.75,-0.44228869021900147,-0.8968727415326883,5,1,0,0
2026-06-13 13:50:00,13.833333333333334,-0.46174861323503413,-0.8870108331782216,5,1,0,1
2026-06-13 13:55:00,13.916666666666666,-0.4809887689193874,-0.8767267557075078,5,1,0,0
2026-06-13 14:00:00,14.0,-0.4999999999999997,-0.8660254037844388,5,1,0,0
2026-06-13 14:05:00,14.083333333333334,-0.5187732581605216,-0.8549118706729465,5,1,0,1
2026-06-13 14:10:00,14.166666666666666,-0.5372996083468236,-0.8433914458128858,5,1,0,0
2026-06-13 14:15:00,14.25,-0.555570233019602,-0.8314696123025455,5,1,0,0
2026-06-13 14:20:00,14.333333333333334,-0.5735764363510458,-0.819152044288992,5,1,0,1
2026-06-13 14:25:00,14.416666666666666,-0.5913096483635824,-0.8064446042674825,5,1,0,0
2026-06-13 14:30:00,14.5,-0.6087614290087207,-0.7933533402912352,5,1,0,0
2026-06-13 14:35:00,14.583333333333334,-0.6259234721840591,-0.7798844830928818,5,1,0,1
2026-06-13 14:40:00,14.666666666666666,-0.6427876096865389,-0.7660444431189783,5,1,0,0
2026-06-13 14:45:00,14.75,-0.6593458151000688,-0.7518398074789774,5,1,0,0
2026-06-13 14:50:00,14.833333333333334,-0.6755902076156601,-0.7372773368101241,5,1,0,0
2026-06-13 14:55:00,14.916666666666666,-0.691513055782269,-0.722363962059756,5,1,0,1
2026-06-13 15:00:00,15.0,-0.7071067811865471,-0.7071067811865479,5,1,0,0
2026-06-13 15:05:00,15.083333333333334,-0.7223639620597557,-0.6915130557822692,5,1,0,0
2026-06-13 15:10:00,15.166666666666666,-0.7372773368101239,-0.6755902076156604,5,1,0,1
2026-06-13 15:15:00,15.25,-0.7518398074789773,-0.6593458151000691,5,1,0,1
2026-06-13 15:20:00,15.333333333333334,-0.7660444431189779,-0.6427876096865395,5,1,0,0
2026-06-13 15:25:00,15.416666666666666,-0.7798844830928814,-0.6259234721840596,5,1,0,0
2026-06-13 15:30:00,15.5,-0.7933533402912349,-0.6087614290087209,5,1,0,0
2026-06-13 15:35:00,15.583333333333334,-0.8064446042674827,-0.5913096483635822,5,1,0,1
2026-06-13 15:40:00,15.666666666666666,-0.8191520442889916,-0.5735764363510464,5,1,0,0
2026-06-13 15:45:00,15.75,-0.8314696123025452,-0.5555702330196022,5,1,0,0
2026-06-13 15:50:00,15.833333333333334,-0.8433914458128859,-0.5372996083468234,5,1,0,1
2026-06-13 15:55:00,15.916666666666666,-0.8549118706729466,-0.5187732581605214,5,1,0,1
2026-06-13 16:00:00,16.0,-0.8660254037844385,-0.5000000000000004,5,1,0,0
2026-06-13 16:05:00,16.083333333333332,-0.8767267557075072,-0.48098876891938847,5,1,0,1
2026-06-13 16:10:00,16.166666666666668,-0.8870108331782218,-0.4617486132350336,5,1,0,0
2026-06-13 16:15:00,16.25,-0.8968727415326883,-0.44228869021900136,5,1,0,1
2026-06-13 16:20:00,16.333333333333332,-0.9063077870366497,-0.42261826174069994,5,1,0,0
2026-06-13 16:25:00,16.416666666666668,-0.9153114791194471,-0.40274668985873735,5,1,0,0
2026-06-13 16:30:00,16.5,-0.9238795325112868,-0.3826834323650895,5,1,0,1
2026-06-13 16:35:00,16.583333333333332,-0.9320078692827984,-0.3624380382837018,5,1,0,0
2026-06-13 16:40:00,16.666666666666668,-0.9396926207859084,-0.34202014332566855,5,1,0,0
2026-06-13 16:45:00,16.75,-0.9469301294951056,-0.3214394653031618,5,1,0,1
2026-06-13 16:50:00,16.833333333333332,-0.9537169507482267,-0.3007057995042738,5,1,0,1
2026-06-13 16:55:00,16.916666666666668,-0.9600498543859286,-0.27982901403099236,5,1,0,0
2026-06-13 17:00:00,17.0,-0.9659258262890683,-0.25881904510252063,5,1,0,0
2026-06-13 17:05:00,17.083333333333332,-0.9713420698132613,-0.23768589232617343,5,1,0,0
2026-06-13 17:10:00,17.166666666666668,-0.9762960071199334,-0.21643961393810282,5,1,0,0
2026-06-13 17:15:00,17.25,-0.9807852804032303,-0.19509032201612866,5,1,0,0
2026-06-13 17:20:00,17.333333333333332,-0.9848077530122079,-0.1736481776669312,5,1,0,0
2026-06-13 17:25:00,17.416666666666668,-0.9883615104677608,-0.15212338618991628,5,1,0,1
2026-06-13 17:30:00,17.5,-0.9914448613738104,-0.13052619222005163,5,1,0,0
2026-06-13 17:35:00,17.583333333333332,-0.9940563382223195,-0.10886687485196507,5,1,0,0
2026-06-13 17:40:00,17.666666666666668,-0.9961946980917455,-0.08715574274765825,5,1,0,0
2026-06-13 17:45:00,17.75,-0.9978589232386035,-0.06540312923014273,5,1,0,1
2026-06-13 17:50:00,17.833333333333332,-0.9990482215818578,-0.04361938736533613,5,1,0,0
2026-06-13 17:55:00,17.916666666666668,-0.9997620270799091,-0.021814885034560836,5,1,0,0
2026-06-13 18:00:00,18.0,-1.0,-1.8369701987210297e-16,5,1,0,0
2026-06-13 18:05:00,18.083333333333332,-0.9997620270799091,0.021814885034560468,5,1,0,0
2026-06-13 18:10:00,18.166666666666668,-0.9990482215818578,0.043619387365335764,5,1,0,0
2026-06-13 18:15:00,18.25,-0.9978589232386036,0.06540312923014237,5,1,0,1
2026-06-13 18:20:00,18.333333333333332,-0.9961946980917455,0.08715574274765789,5,1,0,1
2026-06-13 18:25:00,18.416666666666668,-0.9940563382223196,0.10886687485196471,5,1,0,0
2026-06-13 18:30:00,18.5,-0.9914448613738105,0.13052619222005127,5,1,0,0
2026-06-13 18:35:00,18.583333333333332,-0.9883615104677609,0.15212338618991592,5,1,0,1
2026-06-13 18:40:00,18.666666666666668,-0.984807753012208,0.17364817766693083,5,1,0,1
2026-06-13 18:45:00,18.75,-0.9807852804032304,0.1950903220161283,5,1,0,0
2026-06-13 18:50:00,18.833333333333332,-0.9762960071199335,0.21643961393810246,5,1,0,0
2026-06-13 18:55:00,18.916666666666668,-0.9713420698132614,0.23768589232617307,5,1,0,0
2026-06-13 19:00:00,19.0,-0.9659258262890684,0.2588190451025203,5,1,0,0
2026-06-13 19:05:00,19.083333333333332,-0.9600498543859287,0.279829014030992,5,1,0,1
2026-06-13 19:10:00,19.166666666666668,-0.9537169507482268,0.30070579950427345,5,1,0,1
2026-06-13 19:15:00,19.25,-0.9469301294951057,0.3214394653031615,5,1,0,1
2026-06-13 19:20:00,19.333333333333332,-0.9396926207859085,0.34202014332566816,5,1,0,0
2026-06-13 19:25:00,19.416666666666668,-0.9320078692827986,0.36243803828370147,5,1,0,0
2026-06-13 19:30:00,19.5,-0.923879532511287,0.38268343236508917,5,1,0,1
2026-06-13 19:35:00,19.583333333333332,-0.9153114791194472,0.402746689858737,5,1,0,1
2026-06-13 19:40:00,19.666666666666668,-0.9063077870366498,0.4226182617406996,5,1,0,0
2026-06-13 19:45:00,19.75,-0.8968727415326884,0.442288690219001,5,1,0,1
2026-06-13 19:50:00,19.833333333333332,-0.887010833178222,0.46174861323503325,5,1,0,1
2026-06-13 19:55:00,19.916666666666668,-0.8767267557075075,0.48098876891938813,5,1,0,0
2026-06-13 20:00:00,20.0,-0.8660254037844386,0.5000000000000001,5,1,0,0
2026-06-13 20:05:00,20.083333333333332,-0.8549118706729468,0.5187732581605211,5,1,0,0
2026-06-13 20:10:00,20.166666666666668,-0.8433914458128857,0.5372996083468239,5,1,0,0
2026-06-13 20:15:00,20.25,-0.8314696123025455,0.5555702330196018,5,1,0,0
2026-06-13 20:20:00,20.333333333333332,-0.8191520442889918,0.573576436351046,5,1,0,1
2026-06-13 20:25:00,20.416666666666668,-0.8064446042674829,0.591309648363582,5,1,0,0
2026-06-13 20:30:00,20.5,-0.7933533402912357,0.6087614290087199,5,1,0,0
2026-06-13 20:35:00,20.583333333333332,-0.7798844830928816,0.6259234721840593,5,1,0,0
2026-06-13 20:40:00,20.666666666666668,-0.7660444431189781,0.6427876096865393,5,1,0,0
2026-06-13 20:45:00,20.75,-0.7518398074789772,0.6593458151000691,5,1,0,1
2026-06-13 20:50:00,20.833333333333332,-0.7372773368101242,0.6755902076156601,5,1,0,0
2026-06-13 20:55:00,20.916666666666668,-0.7223639620597554,0.6915130557822695,5,1,0,0
2026-06-13 21:00:00,21.0,-0.7071067811865477,0.7071067811865474,5,1,0,1
2026-06-13 21:05:00,21.083333333333332,-0.6915130557822698,0.7223639620597551,5,1,0,0
2026-06-13 21:10:00,21.166666666666668,-0.6755902076156598,0.7372773368101244,5,1,0,0
2026-06-13 21:15:00,21.25,-0.6593458151000687,0.7518398074789775,5,1,0,0
2026-06-13 21:20:00,21.333333333333332,-0.6427876096865396,0.7660444431189778,5,1,0,0
2026-06-13 21:25:00,21.416666666666668,-0.625923472184059,0.7798844830928818,5,1,0,0
2026-06-13 21:30:00,21.5,-0.608761429008721,0.7933533402912349,5,1,0,0
2026-06-13 21:35:00,21.583333333333332,-0.591309648363583,0.8064446042674821,5,1,0,0
2026-06-13 21:40:00,21.666666666666668,-0.5735764363510465,0.8191520442889916,5,1,0,1
2026-06-13 21:45:00,21.75,-0.555570233019603,0.8314696123025447,5,1,0,0
2026-06-13 21:50:00,21.833333333333332,-0.537299608346825,0.8433914458128849,5,1,0,0
2026-06-13 21:55:00,21.916666666666668,-0.5187732581605214,0.8549118706729466,5,1,0,0
2026-06-13 22:00:00,22.0,-0.5000000000000004,0.8660254037844384,5,1,0,0
2026-06-13 22:05:00,22.083333333333332,-0.48098876891938774,0.8767267557075077,5,1,0,0
2026-06-13 22:10:00,22.166666666666668,-0.46174861323503363,0.8870108331782218,5,1,0,0
2026-06-13 22:15:00,22.25,-0.4422886902190014,0.8968727415326883,5,1,0,1
2026-06-13 22:20:00,22.333333333333332,-0.4226182617407,0.9063077870366497,5,1,0,0
2026-06-13 22:25:00,22.416666666666668,-0.40274668985873663,0.9153114791194474,5,1,0,0
2026-06-13 22:30:00,22.5,-0.38268343236508956,0.9238795325112868,5,1,0,0
2026-06-13 22:35:00,22.583333333333332,-0.36243803828370186,0.9320078692827984,5,1,0,1
2026-06-13 22:40:00,22.666666666666668,-0.3420201433256686,0.9396926207859084,5,1,0,0
2026-06-13 22:45:00,22.75,-0.32143946530316186,0.9469301294951056,5,1,0,0
2026-06-13 22:50:00,22.833333333333332,-0.30070579950427384,0.9537169507482267,5,1,0,0
2026-06-13 22:55:00,22.916666666666668,-0.2798290140309924,0.9600498543859286,5,1,0,1
2026-06-13 23:00:00,23.0,-0.25881904510252157,0.9659258262890681,5,1,0,0
2026-06-13 23:05:00,23.083333333333332,-0.23768589232617435,0.9713420698132611,5,1,0,1
2026-06-13 23:10:00,23.166666666666668,-0.21643961393810288,0.9762960071199334,5,1,0,0
2026-06-13 23:15:00,23.25,-0.19509032201612872,0.9807852804032303,5,1,0,0
2026-06-13 23:20:00,23.333333333333332,-0.1736481776669304,0.984807753012208,5,1,0,0
2026-06-13 23:25:00,23.416666666666668,-0.1521233861899172,0.9883615104677607,5,1,0,0
2026-06-13 23:30:00,23.5,-0.13052619222005168,0.9914448613738104,5,1,0,0
2026-06-13 23:35:00,23.583333333333332,-0.10886687485196514,0.9940563382223195,5,1,0,0
2026-06-13 23:40:00,23.666666666666668,-0.08715574274765743,0.9961946980917455,5,1,0,1
2026-06-13 23:45:00,23.75,-0.0654031292301428,0.9978589232386035,5,1,0,0
2026-06-13 23:50:00,23.833333333333332,-0.043619387365336194,0.9990482215818578,5,1,0,0
2026-06-13 23:55:00,23.916666666666668,-0.0218148850345609,0.9997620270799091,5,1,0,0
2026-06-14 00:00:00,0.0,0.0,1.0,6,1,0,0
2026-06-14 00:05:00,0.08333333333333333,0.02181488503456112,0.9997620270799091,6,1,0,0
2026-06-14 00:10:00,0.16666666666666666,0.043619387365336,0.9990482215818578,6,1,0,0
2026-06-14 00:15:00,0.25,0.06540312923014306,0.9978589232386035,6,1,0,0
2026-06-14 00:20:00,0.3333333333333333,0.08715574274765817,0.9961946980917455,6,1,0,1
2026-06-14 00:25:00,0.4166666666666667,0.10886687485196457,0.9940563382223196,6,1,0,1
2026-06-14 00:30:00,0.5,0.13052619222005157,0.9914448613738104,6,1,0,0
2026-06-14 00:35:00,0.5833333333333334,0.15212338618991672,0.9883615104677607,6,1,0,0
2026-06-14 00:40:00,0.6666666666666666,0.17364817766693033,0.984807753012208,6,1,0,0
2026-06-14 00:45:00,0.75,0.19509032201612825,0.9807852804032304,6,1,0,0
2026-06-14 00:50:00,0.8333333333333334,0.21643961393810288,0.9762960071199334,6,1,0,0
2026-06-14 00:55:00,0.9166666666666666,0.23768589232617307,0.9713420698132614,6,1,0,0
2026-06-14 01:00:00,1.0,0.25881904510252074,0.9659258262890683,6,1,0,1
2026-06-14 01:05:00,1.0833333333333333,0.27982901403099203,0.9600498543859287,6,1,0,0
2026-06-14 01:10:00,1.1666666666666667,0.3007057995042732,0.9537169507482269,6,1,0,0
2026-06-14 01:15:00,1.25,0.3214394653031616,0.9469301294951057,6,1,0,0
2026-06-14 01:20:00,1.3333333333333333,0.3420201433256687,0.9396926207859084,6,1,0,0
2026-06-14 01:25:00,1.4166666666666667,0.36243803828370164,0.9320078692827986,6,1,0,0
2026-06-14 01:30:00,1.5,0.3826834323650898,0.9238795325112867,6,1,0,0
2026-06-14 01:35:00,1.5833333333333335,0.40274668985873724,0.9153114791194471,6,1,0,0
2026-06-14 01:40:00,1.6666666666666665,0.4226182617406994,0.9063077870366499,6,1,0,1
2026-06-14 01:45:00,1.75,0.44228869021900125,0.8968727415326884,6,1,0,0
2026-06-14 01:50:00,1.8333333333333335,0.46174861323503397,0.8870108331782217,6,1,0,0
2026-06-14 01:55:00,1.9166666666666665,0.48098876891938763,0.8767267557075077,6,1,0,0
2026-06-14 02:00:00,2.0,0.49999999999999994,0.8660254037844387,6,1,0,0
2026-06-14 02:05:00,2.0833333333333335,0.5187732581605214,0.8549118706729466,6,1,0,0
2026-06-14 02:10:00,2.1666666666666665,0.5372996083468238,0.8433914458128857,6,1,0,1
2026-06-14 02:15:00,2.25,0.5555702330196022,0.8314696123025452,6,1,0,1
2026-06-14 02:20:00,2.3333333333333335,0.5735764363510462,0.8191520442889918,6,1,0,1
2026-06-14 02:25:00,2.4166666666666665,0.5913096483635824,0.8064446042674827,6,1,0,0
2026-06-14 02:30:00,2.5,0.6087614290087207,0.7933533402912352,6,1,0,0
2026-06-14 02:35:00,2.5833333333333335,0.6259234721840591,0.7798844830928818,6,1,0,0
2026-06-14 02:40:00,2.6666666666666665,0.6427876096865393,0.766044443118978,6,1,0,0
2026-06-14 02:45:00,2.75,0.6593458151000688,0.7518398074789774,6,1,0,1
2026-06-14 02:50:00,2.8333333333333335,0.6755902076156602,0.7372773368101241,6,1,0,0
2026-06-14 02:55:00,2.9166666666666665,0.6915130557822694,0.7223639620597556,6,1,0,0
2026-06-14 03:00:00,3.0,0.7071067811865476,0.7071067811865476,6,1,0,0
2026-06-14 03:05:00,3.0833333333333335,0.7223639620597555,0.6915130557822694,6,1,0,0
2026-06-14 03:10:00,3.1666666666666665,0.737277336810124,0.6755902076156602,6,1,0,0
2026-06-14 03:15:00,3.25,0.7518398074789774,0.6593458151000688,6,1,0,0
2026-06-14 03:20:00,3.3333333333333335,0.766044443118978,0.6427876096865394,6,1,0,0
2026-06-14 03:25:00,3.4166666666666665,0.7798844830928817,0.6259234721840591,6,1,0,1
2026-06-14 03:30:00,3.5,0.7933533402912352,0.6087614290087207,6,1,0,1
2026-06-14 03:35:00,3.5833333333333335,0.8064446042674825,0.5913096483635825,6,1,0,0
2026-06-14 03:40:00,3.6666666666666665,0.8191520442889917,0.5735764363510462,6,1,0,0
2026-06-14 03:45:00,3.75,0.8314696123025451,0.5555702330196024,6,1,0,0
2026-06-14 03:50:00,3.8333333333333335,0.8433914458128856,0.5372996083468239,6,1,0,0
2026-06-14 03:55:00,3.9166666666666665,0.8549118706729466,0.5187732581605216,6,1,0,0
2026-06-14 04:00:00,4.0,0.8660254037844386,0.5000000000000001,6,1,0,0
2026-06-14 04:05:00,4.083333333333333,0.8767267557075077,0.48098876891938774,6,1,0,0
2026-06-14 04:10:00,4.166666666666667,0.8870108331782217,0.46174861323503386,6,1,0,0
2026-06-14 04:15:00,4.25,0.8968727415326884,0.44228869021900125,6,1,0,0
2026-06-14 04:20:00,4.333333333333333,0.9063077870366498,0.4226182617406996,6,1,0,0
2026-06-14 04:25:00,4.416666666666667,0.9153114791194471,0.40274668985873724,6,1,0,1
2026-06-14 04:30:00,4.5,0.9238795325112867,0.38268343236508984,6,1,0,1
2026-06-14 04:35:00,4.583333333333333,0.9320078692827984,0.3624380382837017,6,1,0,0
2026-06-14 04:40:00,4.666666666666667,0.9396926207859084,0.3420201433256686,6,1,0,1
2026-06-14 04:45:00,4.75,0.9469301294951056,0.3214394653031617,6,1,0,0
2026-06-14 04:50:00,4.833333333333333,0.9537169507482268,0.3007057995042733,6,1,0,1
2026-06-14 04:55:00,4.916666666666667,0.9600498543859287,0.27982901403099203,6,1,0,1
2026-06-14 05:00:00,5.0,0.9659258262890683,0.25881904510252074,6,1,0,0
2026-06-14 05:05:00,5.083333333333333,0.9713420698132614,0.2376858923261731,6,1,0,0
2026-06-14 05:10:00,5.166666666666667,0.9762960071199334,0.2164396139381029,6,1,0,0
2026-06-14 05:15:00,5.25,0.9807852804032304,0.19509032201612833,6,1,0,0
2026-06-14 05:20:00,5.333333333333333,0.984807753012208,0.17364817766693041,6,1,0,0
2026-06-14 05:25:00,5.416666666666667,0.9883615104677607,0.1521233861899168,6,1,0,0
2026-06-14 05:30:00,5.5,0.9914448613738104,0.1305261922200517,6,1,0,0
2026-06-14 05:35:00,5.583333333333333,0.9940563382223196,0.10886687485196474,6,1,0,1
2026-06-14 05:40:00,5.666666666666667,0.9961946980917455,0.08715574274765814,6,1,0,1
2026-06-14 05:45:00,5.75,0.9978589232386035,0.06540312923014327,6,1,0,0
2026-06-14 05:50:00,5.833333333333333,0.9990482215818578,0.04361938736533601,6,1,0,0
2026-06-14 05:55:00,5.916666666666667,0.9997620270799091,0.021814885034560937,6,1,0,0
2026-06-14 06:00:00,6.0,1.0,6.123233995736766e-17,6,1,0,0
2026-06-14 06:05:00,6.083333333333333,0.9997620270799091,-0.02181488503456081,6,1,0,1
2026-06-14 06:10:00,6.166666666666667,0.9990482215818578,-0.04361938736533589,6,1,0,0
2026-06-14 06:15:00,6.25,0.9978589232386035,-0.06540312923014314,6,1,0,0
2026-06-14 06:20:00,6.333333333333333,0.9961946980917455,-0.08715574274765801,6,1,0,0
2026-06-14 06:25:00,6.416666666666667,0.9940563382223196,-0.10886687485196461,6,1,0,0
2026-06-14 06:30:00,6.5,0.9914448613738104,-0.1305261922200516,6,1,0,0
2026-06-14 06:35:00,6.583333333333333,0.9883615104677607,-0.1521233861899167,6,1,0,1
2026-06-14 06:40:00,6.666666666666667,0.984807753012208,-0.1736481776669303,6,1,0,0
2026-06-14 06:45:00,6.75,0.9807852804032304,-0.1950903220161282,6,1,0,0
2026-06-14 06:50:00,6.833333333333333,0.9762960071199334,-0.2164396139381028,6,1,0,0
2026-06-14 06:55:00,6.916666666666667,0.9713420698132614,-0.23768589232617318,6,1,0,1
2026-06-14 07:00:00,7.0,0.9659258262890683,-0.25881904510252063,6,1,0,1
2026-06-14 07:05:00,7.083333333333333,0.9600498543859287,-0.2798290140309919,6,1,0,0
2026-06-14 07:10:00,7.166666666666667,0.9537169507482269,-0.30070579950427295,6,1,0,0
2026-06-14 07:15:00,7.25,0.9469301294951057,-0.3214394653031616,6,1,0,0
2026-06-14 07:20:00,7.333333333333333,0.9396926207859084,-0.3420201433256685,6,1,0,0
2026-06-14 07:25:00,7.416666666666667,0.9320078692827986,-0.3624380382837016,6,1,0,1
2026-06-14 07:30:00,7.5,0.9238795325112868,-0.3826834323650895,6,1,0,0
2026-06-14 07:35:00,7.583333333333333,0.9153114791194472,-0.40274668985873713,6,1,0,0
2026-06-14 07:40:00,7.666666666666667,0.90630778703665,-0.42261826174069933,6,1,0,0
2026-06-14 07:45:00,7.75,0.8968727415326884,-0.44228869021900113,6,1,0,0
2026-06-14 07:50:00,7.833333333333333,0.8870108331782218,-0.4617486132350338,6,1,0,0
2026-06-14 07:55:00,7.916666666666667,0.8767267557075076,-0.48098876891938785,6,1,0,1
2026-06-14 08:00:00,8.0,0.8660254037844387,-0.4999999999999998,6,1,0,0
2026-06-14 08:05:00,8.083333333333334,0.8549118706729465,-0.5187732581605216,6,1,0,0
2026-06-14 08:10:00,8.166666666666666,0.8433914458128858,-0.5372996083468236,6,1,0,0
2026-06-14 08:15:00,8.25,0.8314696123025451,-0.5555702330196023,6,1,0,0
2026-06-14 08:20:00,8.333333333333334,0.8191520442889917,-0.5735764363510462,6,1,0,0
2026-06-14 08:25:00,8.416666666666666,0.8064446042674828,-0.5913096483635821,6,1,0,0
2026-06-14 08:30:00,8.5,0.7933533402912352,-0.6087614290087207,6,1,0,1
2026-06-14 08:35:00,8.583333333333334,0.7798844830928817,-0.6259234721840591,6,1,0,0
2026-06-14 08:40:00,8.666666666666666,0.7660444431189783,-0.642787609686539,6,1,0,0
2026-06-14 08:45:00,8.75,0.7518398074789774,-0.6593458151000688,6,1,0,0
2026-06-14 08:50:00,8.833333333333334,0.7372773368101241,-0.6755902076156602,6,1,0,0
2026-06-14 08:55:00,8.916666666666666,0.7223639620597556,-0.6915130557822693,6,1,0,1
2026-06-14 09:00:00,9.0,0.7071067811865476,-0.7071067811865475,6,1,0,1
2026-06-14 09:05:00,9.083333333333334,0.6915130557822694,-0.7223639620597555,6,1,0,0
2026-06-14 09:10:00,9.166666666666666,0.6755902076156604,-0.737277336810124,6,1,0,0
2026-06-14 09:15:00,9.25,0.659345815100069,-0.7518398074789773,6,1,0,0
2026-06-14 09:20:00,9.333333333333334,0.6427876096865391,-0.7660444431189782,6,1,0,0
2026-06-14 09:25:00,9.416666666666666,0.6259234721840592,-0.7798844830928817,6,1,0,0
2026-06-14 09:30:00,9.5,0.6087614290087209,-0.793353340291235,6,1,0,0
2026-06-14 09:35:00,9.583333333333334,0.5913096483635822,-0.8064446042674827,6,1,0,0
2026-06-14 09:40:00,9.666666666666666,0.5735764363510464,-0.8191520442889916,6,1,0,0
2026-06-14 09:45:00,9.75,0.5555702330196025,-0.831469612302545,6,1,0,1
2026-06-14 09:50:00,9.833333333333334,0.5372996083468238,-0.8433914458128857,6,1,0,0
2026-06-14 09:55:00,9.916666666666666,0.5187732581605218,-0.8549118706729464,6,1,0,0
2026-06-14 10:00:00,10.0,0.49999999999999994,-0.8660254037844387,6,1,0,1
2026-06-14 10:05:00,10.083333333333334,0.48098876891938763,-0.8767267557075077,6,1,0,0
2026-06-14 10:10:00,10.166666666666666,0.4617486132350339,-0.8870108331782217,6,1,0,0
2026-06-14 10:15:00,10.25,0.4422886902190017,-0.8968727415326881,6,1,0,0
2026-06-14 10:20:00,10.333333333333334,0.4226182617406995,-0.9063077870366499,6,1,0,0
2026-06-14 10:25:00,10.416666666666666,0.4027466898587373,-0.9153114791194471,6,1,0,1
2026-06-14 10:30:00,10.5,0.3826834323650899,-0.9238795325112867,6,1,0,1
2026-06-14 10:35:00,10.583333333333334,0.36243803828370136,-0.9320078692827987,6,1,0,0
2026-06-14 10:40:00,10.666666666666666,0.3420201433256689,-0.9396926207859083,6,1,0,0
2026-06-14 10:45:00,10.75,0.32143946530316175,-0.9469301294951056,6,1,0,0
2026-06-14 10:50:00,10.833333333333334,0.30070579950427334,-0.9537169507482268,6,1,0,0
2026-06-14 10:55:00,10.916666666666666,0.2798290140309927,-0.9600498543859285,6,1,0,0
2026-06-14 11:00:00,11.0,0.258819045102521,-0.9659258262890682,6,1,0,1
2026-06-14 11:05:00,11.083333333333334,0.23768589232617293,-0.9713420698132614,6,1,0,0
2026-06-14 11:10:00,11.166666666666666,0.21643961393810318,-0.9762960071199333,6,1,0,1
2026-06-14 11:15:00,11.25,0.19509032201612816,-0.9807852804032304,6,1,0,0
2026-06-14 11:20:00,11.333333333333334,0.17364817766693028,-0.984807753012208,6,1,0,0
2026-06-14 11:25:00,11.416666666666666,0.15212338618991708,-0.9883615104677607,6,1,0,0
2026-06-14 11:30:00,11.5,0.130526192220052,-0.9914448613738104,6,1,0,1
2026-06-14 11:35:00,11.583333333333334,0.10886687485196457,-0.9940563382223196,6,1,0,1
2026-06-14 11:40:00,11.666666666666666,0.0871557427476582,-0.9961946980917455,6,1,0,1
2026-06-14 11:45:00,11.75,0.06540312923014312,-0.9978589232386035,6,1,0,0
2026-06-14 11:50:00,11.833333333333334,0.043619387365335625,-0.9990482215818578,6,1,0,0
2026-06-14 11:55:00,11.916666666666666,0.021814885034561218,-0.9997620270799091,6,1,0,1
2026-06-14 12:00:00,12.0,1.2246467991473532e-16,-1.0,6,1,0,0
2026-06-14 12:05:00,12.083333333333334,-0.021814885034560975,-0.9997620270799091,6,1,0,0
2026-06-14 12:10:00,12.166666666666666,-0.04361938736533538,-0.9990482215818578,6,1,0,0
2026-06-14 12:15:00,12.25,-0.06540312923014287,-0.9978589232386035,6,1,0,1
2026-06-14 12:20:00,12.333333333333334,-0.08715574274765794,-0.9961946980917455,6,1,0,1
2026-06-14 12:25:00,12.416666666666666,-0.10886687485196432,-0.9940563382223196,6,1,0,0
2026-06-14 12:30:00,12.5,-0.13052619222005177,-0.9914448613738104,6,1,0,1
2026-06-14 12:35:00,12.583333333333334,-0.15212338618991683,-0.9883615104677607,6,1,0,1
2026-06-14 12:40:00,12.666666666666666,-0.17364817766693003,-0.9848077530122081,6,1,0,0
2026-06-14 12:45:00,12.75,-0.19509032201612792,-0.9807852804032305,6,1,0,0
2026-06-14 12:50:00,12.833333333333334,-0.21643961393810293,-0.9762960071199334,6,1,0,1
2026-06-14 12:55:00,12.916666666666666,-0.2376858923261727,-0.9713420698132615,6,1,0,0
2026-06-14 13:00:00,13.0,-0.2588190451025208,-0.9659258262890683,6,1,0,0
2026-06-14 13:05:00,13.083333333333334,-0.2798290140309925,-0.9600498543859286,6,1,0,0
2026-06-14 13:10:00,13.166666666666666,-0.30070579950427306,-0.9537169507482269,6,1,0,1
2026-06-14 13:15:00,13.25,-0.32143946530316153,-0.9469301294951057,6,1,0,1
2026-06-14 13:20:00,13.333333333333334,-0.34202014332566866,-0.9396926207859084,6,1,0,1
2026-06-14 13:25:00,13.416666666666666,-0.36243803828370114,-0.9320078692827987,6,1,0,0
2026-06-14 13:30:00,13.5,-0.38268343236508967,-0.9238795325112868,6,1,0,1
2026-06-14 13:35:00,13.583333333333334,-0.4027466898587371,-0.9153114791194472,6,1,0,1
2026-06-14 13:40:00,13.666666666666666,-0.4226182617406993,-0.90630778703665,6,1,0,0
2026-06-14 13:45:00,13.75,-0.44228869021900147,-0.8968727415326883,6,1,0,1
2026-06-14 13:50:00,13.833333333333334,-0.46174861323503413,-0.8870108331782216,6,1,0,0
2026-06-14 13:55:00,13.916666666666666,-0.4809887689193874,-0.8767267557075078,6,1,0,0
2026-06-14 14:00:00,14.0,-0.4999999999999997,-0.8660254037844388,6,1,0,0
2026-06-14 14:05:00,14.083333333333334,-0.5187732581605216,-0.8549118706729465,6,1,0,0
2026-06-14 14:10:00,14.166666666666666,-0.5372996083468236,-0.8433914458128858,6,1,0,0
2026-06-14 14:15:00,14.25,-0.555570233019602,-0.8314696123025455,6,1,0,0
2026-06-14 14:20:00,14.333333333333334,-0.5735764363510458,-0.819152044288992,6,1,0,0
2026-06-14 14:25:00,14.416666666666666,-0.5913096483635824,-0.8064446042674825,6,1,0,1
2026-06-14 14:30:00,14.5,-0.6087614290087207,-0.7933533402912352,6,1,0,0
2026-06-14 14:35:00,14.583333333333334,-0.6259234721840591,-0.7798844830928818,6,1,0,0
2026-06-14 14:40:00,14.666666666666666,-0.6427876096865389,-0.7660444431189783,6,1,0,0
2026-06-14 14:45:00,14.75,-0.6593458151000688,-0.7518398074789774,6,1,0,1
2026-06-14 14:50:00,14.833333333333334,-0.6755902076156601,-0.7372773368101241,6,1,0,0
2026-06-14 14:55:00,14.916666666666666,-0.691513055782269,-0.722363962059756,6,1,0,0
2026-06-14 15:00:00,15.0,-0.7071067811865471,-0.7071067811865479,6,1,0,1
2026-06-14 15:05:00,15.083333333333334,-0.7223639620597557,-0.6915130557822692,6,1,0,0
2026-06-14 15:10:00,15.166666666666666,-0.7372773368101239,-0.6755902076156604,6,1,0,0
2026-06-14 15:15:00,15.25,-0.7518398074789773,-0.6593458151000691,6,1,0,0
2026-06-14 15:20:00,15.333333333333334,-0.7660444431189779,-0.6427876096865395,6,1,0,1
2026-06-14 15:25:00,15.416666666666666,-0.7798844830928814,-0.6259234721840596,6,1,0,0
2026-06-14 15:30:00,15.5,-0.7933533402912349,-0.6087614290087209,6,1,0,1
2026-06-14 15:35:00,15.583333333333334,-0.8064446042674827,-0.5913096483635822,6,1,0,0
2026-06-14 15:40:00,15.666666666666666,-0.8191520442889916,-0.5735764363510464,6,1,0,1
2026-06-14 15:45:00,15.75,-0.8314696123025452,-0.5555702330196022,6,1,0,1
2026-06-14 15:50:00,15.833333333333334,-0.8433914458128859,-0.5372996083468234,6,1,0,1
2026-06-14 15:55:00,15.916666666666666,-0.8549118706729466,-0.5187732581605214,6,1,0,0
2026-06-14 16:00:00,16.0,-0.8660254037844385,-0.5000000000000004,6,1,0,1
2026-06-14 16:05:00,16.083333333333332,-0.8767267557075072,-0.48098876891938847,6,1,0,0
2026-06-14 16:10:00,16.166666666666668,-0.8870108331782218,-0.4617486132350336,6,1,0,0
2026-06-14 16:15:00,16.25,-0.8968727415326883,-0.44228869021900136,6,1,0,0
2026-06-14 16:20:00,16.333333333333332,-0.9063077870366497,-0.42261826174069994,6,1,0,1
2026-06-14 16:25:00,16.416666666666668,-0.9153114791194471,-0.40274668985873735,6,1,0,1
2026-06-14 16:30:00,16.5,-0.9238795325112868,-0.3826834323650895,6,1,0,1
2026-06-14 16:35:00,16.583333333333332,-0.9320078692827984,-0.3624380382837018,6,1,0,0
2026-06-14 16:40:00,16.666666666666668,-0.9396926207859084,-0.34202014332566855,6,1,0,0
2026-06-14 16:45:00,16.75,-0.9469301294951056,-0.3214394653031618,6,1,0,1
2026-06-14 16:50:00,16.833333333333332,-0.9537169507482267,-0.3007057995042738,6,1,0,0
2026-06-14 16:55:00,16.916666666666668,-0.9600498543859286,-0.27982901403099236,6,1,0,0
2026-06-14 17:00:00,17.0,-0.9659258262890683,-0.25881904510252063,6,1,0,0
2026-06-14 17:05:00,17.083333333333332,-0.9713420698132613,-0.23768589232617343,6,1,0,0
2026-06-14 17:10:00,17.166666666666668,-0.9762960071199334,-0.21643961393810282,6,1,0,0
2026-06-14 17:15:00,17.25,-0.9807852804032303,-0.19509032201612866,6,1,0,0
2026-06-14 17:20:00,17.333333333333332,-0.9848077530122079,-0.1736481776669312,6,1,0,0
2026-06-14 17:25:00,17.416666666666668,-0.9883615104677608,-0.15212338618991628,6,1,0,0
2026-06-14 17:30:00,17.5,-0.9914448613738104,-0.13052619222005163,6,1,0,1
2026-06-14 17:35:00,17.583333333333332,-0.9940563382223195,-0.10886687485196507,6,1,0,0
2026-06-14 17:40:00,17.666666666666668,-0.9961946980917455,-0.08715574274765825,6,1,0,0
2026-06-14 17:45:00,17.75,-0.9978589232386035,-0.06540312923014273,6,1,0,0
2026-06-14 17:50:00,17.833333333333332,-0.9990482215818578,-0.04361938736533613,6,1,0,0
2026-06-14 17:55:00,17.916666666666668,-0.9997620270799091,-0.021814885034560836,6,1,0,1
2026-06-14 18:00:00,18.0,-1.0,-1.8369701987210297e-16,6,1,0,1
2026-06-14 18:05:00,18.083333333333332,-0.9997620270799091,0.021814885034560468,6,1,0,0
2026-06-14 18:10:00,18.166666666666668,-0.9990482215818578,0.043619387365335764,6,1,0,0
2026-06-14 18:15:00,18.25,-0.9978589232386036,0.06540312923014237,6,1,0,1
2026-06-14 18:20:00,18.333333333333332,-0.9961946980917455,0.08715574274765789,6,1,0,1
2026-06-14 18:25:00,18.416666666666668,-0.9940563382223196,0.10886687485196471,6,1,0,0
2026-06-14 18:30:00,18.5,-0.9914448613738105,0.13052619222005127,6,1,0,0
2026-06-14 18:35:00,18.583333333333332,-0.9883615104677609,0.15212338618991592,6,1,0,0
2026-06-14 18:40:00,18.666666666666668,-0.984807753012208,0.17364817766693083,6,1,0,1
2026-06-14 18:45:00,18.75,-0.9807852804032304,0.1950903220161283,6,1,0,0
2026-06-14 18:50:00,18.833333333333332,-0.9762960071199335,0.21643961393810246,6,1,0,1
2026-06-14 18:55:00,18.916666666666668,-0.9713420698132614,0.23768589232617307,6,1,0,0
2026-06-14 19:00:00,19.0,-0.9659258262890684,0.2588190451025203,6,1,0,0
2026-06-14 19:05:00,19.083333333333332,-0.9600498543859287,0.279829014030992,6,1,0,0
2026-06-14 19:10:00,19.166666666666668,-0.9537169507482268,0.30070579950427345,6,1,0,0
2026-06-14 19:15:00,19.25,-0.9469301294951057,0.3214394653031615,6,1,0,0
2026-06-14 19:20:00,19.333333333333332,-0.9396926207859085,0.34202014332566816,6,1,0,0
2026-06-14 19:25:00,19.416666666666668,-0.9320078692827986,0.36243803828370147,6,1,0,0
2026-06-14 19:30:00,19.5,-0.923879532511287,0.38268343236508917,6,1,0,1
2026-06-14 19:35:00,19.583333333333332,-0.9153114791194472,0.402746689858737,6,1,0,0
2026-06-14 19:40:00,19.666666666666668,-0.9063077870366498,0.4226182617406996,6,1,0,0
2026-06-14 19:45:00,19.75,-0.8968727415326884,0.442288690219001,6,1,0,1
2026-06-14 19:50:00,19.833333333333332,-0.887010833178222,0.46174861323503325,6,1,0,1
2026-06-14 19:55:00,19.916666666666668,-0.8767267557075075,0.48098876891938813,6,1,0,1
2026-06-14 20:00:00,20.0,-0.8660254037844386,0.5000000000000001,6,1,0,1
2026-06-14 20:05:00,20.083333333333332,-0.8549118706729468,0.5187732581605211,6,1,0,0
2026-06-14 20:10:00,20.166666666666668,-0.8433914458128857,0.5372996083468239,6,1,0,0
2026-06-14 20:15:00,20.25,-0.8314696123025455,0.5555702330196018,6,1,0,1
2026-06-14 20:20:00,20.333333333333332,-0.8191520442889918,0.573576436351046,6,1,0,0
2026-06-14 20:25:00,20.416666666666668,-0.8064446042674829,0.591309648363582,6,1,0,0
2026-06-14 20:30:00,20.5,-0.7933533402912357,0.6087614290087199,6,1,0,1
2026-06-14 20:35:00,20.583333333333332,-0.7798844830928816,0.6259234721840593,6,1,0,0
2026-06-14 20:40:00,20.666666666666668,-0.7660444431189781,0.6427876096865393,6,1,0,0
2026-06-14 20:45:00,20.75,-0.7518398074789772,0.6593458151000691,6,1,0,0
2026-06-14 20:50:00,20.833333333333332,-0.7372773368101242,0.6755902076156601,6,1,0,0
2026-06-14 20:55:00,20.916666666666668,-0.7223639620597554,0.6915130557822695,6,1,0,0
2026-06-14 21:00:00,21.0,-0.7071067811865477,0.7071067811865474,6,1,0,0
2026-06-14 21:05:00,21.083333333333332,-0.6915130557822698,0.7223639620597551,6,1,0,1
2026-06-14 21:10:00,21.166666666666668,-0.6755902076156598,0.7372773368101244,6,1,0,0
2026-06-14 21:15:00,21.25,-0.6593458151000687,0.7518398074789775,6,1,0,0
2026-06-14 21:20:00,21.333333333333332,-0.6427876096865396,0.7660444431189778,6,1,0,1
2026-06-14 21:25:00,21.416666666666668,-0.625923472184059,0.7798844830928818,6,1,0,1
2026-06-14 21:30:00,21.5,-0.608761429008721,0.7933533402912349,6,1,0,1
2026-06-14 21:35:00,21.583333333333332,-0.591309648363583,0.8064446042674821,6,1,0,1
2026-06-14 21:40:00,21.666666666666668,-0.5735764363510465,0.8191520442889916,6,1,0,0
2026-06-14 21:45:00,21.75,-0.555570233019603,0.8314696123025447,6,1,0,0
2026-06-14 21:50:00,21.833333333333332,-0.537299608346825,0.8433914458128849,6,1,0,0
2026-06-14 21:55:00,21.916666666666668,-0.5187732581605214,0.8549118706729466,6,1,0,0
2026-06-14 22:00:00,22.0,-0.5000000000000004,0.8660254037844384,6,1,0,0
2026-06-14 22:05:00,22.083333333333332,-0.48098876891938774,0.8767267557075077,6,1,0,0
2026-06-14 22:10:00,22.166666666666668,-0.46174861323503363,0.8870108331782218,6,1,0,1
2026-06-14 22:15:00,22.25,-0.4422886902190014,0.8968727415326883,6,1,0,0
2026-06-14 22:20:00,22.333333333333332,-0.4226182617407,0.9063077870366497,6,1,0,0
2026-06-14 22:25:00,22.416666666666668,-0.40274668985873663,0.9153114791194474,6,1,0,0
2026-06-14 22:30:00,22.5,-0.38268343236508956,0.9238795325112868,6,1,0,0
2026-06-14 22:35:00,22.583333333333332,-0.36243803828370186,0.9320078692827984,6,1,0,0
2026-06-14 22:40:00,22.666666666666668,-0.3420201433256686,0.9396926207859084,6,1,0,1
2026-06-14 22:45:00,22.75,-0.32143946530316186,0.9469301294951056,6,1,0,0
2026-06-14 22:50:00,22.833333333333332,-0.30070579950427384,0.9537169507482267,6,1,0,0
2026-06-14 22:55:00,22.916666666666668,-0.2798290140309924,0.9600498543859286,6,1,0,0
2026-06-14 23:00:00,23.0,-0.25881904510252157,0.9659258262890681,6,1,0,1
2026-06-14 23:05:00,23.083333333333332,-0.23768589232617435,0.9713420698132611,6,1,0,0
2026-06-14 23:10:00,23.166666666666668,-0.21643961393810288,0.9762960071199334,6,1,0,0
2026-06-14 23:15:00,23.25,-0.19509032201612872,0.9807852804032303,6,1,0,0
2026-06-14 23:20:00,23.333333333333332,-0.1736481776669304,0.984807753012208,6,1,0,0
2026-06-14 23:25:00,23.416666666666668,-0.1521233861899172,0.9883615104677607,6,1,0,1
2026-06-14 23:30:00,23.5,-0.13052619222005168,0.9914448613738104,6,1,0,1
2026-06-14 23:35:00,23.583333333333332,-0.10886687485196514,0.9940563382223195,6,1,0,0
2026-06-14 23:40:00,23.666666666666668,-0.08715574274765743,0.9961946980917455,6,1,0,1
2026-06-14 23:45:00,23.75,-0.0654031292301428,0.9978589232386035,6,1,0,1
2026-06-14 23:50:00,23.833333333333332,-0.043619387365336194,0.9990482215818578,6,1,0,1
2026-06-14 23:55:00,23.916666666666668,-0.0218148850345609,0.9997620270799091,6,1,0,1
2026-06-15 00:00:00,0.0,0.0,1.0,0,0,0,0
2026-06-15 00:05:00,0.08333333333333333,0.02181488503456112,0.9997620270799091,0,0,0,0
2026-06-15 00:10:00,0.16666666666666666,0.043619387365336,0.9990482215818578,0,0,0,0
2026-06-15 00:15:00,0.25,0.06540312923014306,0.9978589232386035,0,0,0,0
2026-06-15 00:20:00,0.3333333333333333,0.08715574274765817,0.9961946980917455,0,0,0,0
2026-06-15 00:25:00,0.4166666666666667,0.10886687485196457,0.9940563382223196,0,0,0,0
2026-06-15 00:30:00,0.5,0.13052619222005157,0.9914448613738104,0,0,0,0
2026-06-15 00:35:00,0.5833333333333334,0.15212338618991672,0.9883615104677607,0,0,0,0
2026-06-15 00:40:00,0.6666666666666666,0.17364817766693033,0.984807753012208,0,0,0,0
2026-06-15 00:45:00,0.75,0.19509032201612825,0.9807852804032304,0,0,0,0
2026-06-15 00:50:00,0.8333333333333334,0.21643961393810288,0.9762960071199334,0,0,0,0
2026-06-15 00:55:00,0.9166666666666666,0.23768589232617307,0.9713420698132614,0,0,0,0
2026-06-15 01:00:00,1.0,0.25881904510252074,0.9659258262890683,0,0,0,0
2026-06-15 01:05:00,1.0833333333333333,0.27982901403099203,0.9600498543859287,0,0,0,0
2026-06-15 01:10:00,1.1666666666666667,0.3007057995042732,0.9537169507482269,0,0,0,0
2026-06-15 01:15:00,1.25,0.3214394653031616,0.9469301294951057,0,0,0,0
2026-06-15 01:20:00,1.3333333333333333,0.3420201433256687,0.9396926207859084,0,0,0,0
2026-06-15 01:25:00,1.4166666666666667,0.36243803828370164,0.9320078692827986,0,0,0,0
2026-06-15 01:30:00,1.5,0.3826834323650898,0.9238795325112867,0,0,0,0
2026-06-15 01:35:00,1.5833333333333335,0.40274668985873724,0.9153114791194471,0,0,0,0
2026-06-15 01:40:00,1.6666666666666665,0.4226182617406994,0.9063077870366499,0,0,0,0
2026-06-15 01:45:00,1.75,0.44228869021900125,0.8968727415326884,0,0,0,0
2026-06-15 01:50:00,1.8333333333333335,0.46174861323503397,0.8870108331782217,0,0,0,0
2026-06-15 01:55:00,1.9166666666666665,0.48098876891938763,0.8767267557075077,0,0,0,0
2026-06-15 02:00:00,2.0,0.49999999999999994,0.8660254037844387,0,0,0,0
2026-06-15 02:05:00,2.0833333333333335,0.5187732581605214,0.8549118706729466,0,0,0,0
2026-06-15 02:10:00,2.1666666666666665,0.5372996083468238,0.8433914458128857,0,0,0,0
2026-06-15 02:15:00,2.25,0.5555702330196022,0.8314696123025452,0,0,0,0
2026-06-15 02:20:00,2.3333333333333335,0.5735764363510462,0.8191520442889918,0,0,0,0
2026-06-15 02:25:00,2.4166666666666665,0.5913096483635824,0.8064446042674827,0,0,0,0
2026-06-15 02:30:00,2.5,0.6087614290087207,0.7933533402912352,0,0,0,0
2026-06-15 02:35:00,2.5833333333333335,0.6259234721840591,0.7798844830928818,0,0,0,0
2026-06-15 02:40:00,2.6666666666666665,0.6427876096865393,0.766044443118978,0,0,0,0
2026-06-15 02:45:00,2.75,0.6593458151000688,0.7518398074789774,0,0,0,0
2026-06-15 02:50:00,2.8333333333333335,0.6755902076156602,0.7372773368101241,0,0,0,0
2026-06-15 02:55:00,2.9166666666666665,0.6915130557822694,0.7223639620597556,0,0,0,0
2026-06-15 03:00:00,3.0,0.7071067811865476,0.7071067811865476,0,0,0,0
2026-06-15 03:05:00,3.0833333333333335,0.7223639620597555,0.6915130557822694,0,0,0,0
2026-06-15 03:10:00,3.1666666666666665,0.737277336810124,0.6755902076156602,0,0,0,0
2026-06-15 03:15:00,3.25,0.7518398074789774,0.6593458151000688,0,0,0,0
2026-06-15 03:20:00,3.3333333333333335,0.766044443118978,0.6427876096865394,0,0,0,0
2026-06-15 03:25:00,3.4166666666666665,0.7798844830928817,0.6259234721840591,0,0,0,0
2026-06-15 03:30:00,3.5,0.7933533402912352,0.6087614290087207,0,0,0,0
2026-06-15 03:35:00,3.5833333333333335,0.8064446042674825,0.5913096483635825,0,0,0,0
2026-06-15 03:40:00,3.6666666666666665,0.8191520442889917,0.5735764363510462,0,0,0,0
2026-06-15 03:45:00,3.75,0.8314696123025451,0.5555702330196024,0,0,0,0
2026-06-15 03:50:00,3.8333333333333335,0.8433914458128856,0.5372996083468239,0,0,0,0
2026-06-15 03:55:00,3.9166666666666665,0.8549118706729466,0.5187732581605216,0,0,0,0
2026-06-15 04:00:00,4.0,0.8660254037844386,0.5000000000000001,0,0,0,0
2026-06-15 04:05:00,4.083333333333333,0.8767267557075077,0.48098876891938774,0,0,0,0
2026-06-15 04:10:00,4.166666666666667,0.8870108331782217,0.46174861323503386,0,0,0,0
2026-06-15 04:15:00,4.25,0.8968727415326884,0.44228869021900125,0,0,0,0
2026-06-15 04:20:00,4.333333333333333,0.9063077870366498,0.4226182617406996,0,0,0,0
2026-06-15 04:25:00,4.416666666666667,0.9153114791194471,0.40274668985873724,0,0,0,0
2026-06-15 04:30:00,4.5,0.9238795325112867,0.38268343236508984,0,0,0,0
2026-06-15 04:35:00,4.583333333333333,0.9320078692827984,0.3624380382837017,0,0,0,0
2026-06-15 04:40:00,4.666666666666667,0.9396926207859084,0.3420201433256686,0,0,0,0
2026-06-15 04:45:00,4.75,0.9469301294951056,0.3214394653031617,0,0,0,0
2026-06-15 04:50:00,4.833333333333333,0.9537169507482268,0.3007057995042733,0,0,0,0
2026-06-15 04:55:00,4.916666666666667,0.9600498543859287,0.27982901403099203,0,0,0,0
2026-06-15 05:00:00,5.0,0.9659258262890683,0.25881904510252074,0,0,0,0
2026-06-15 05:05:00,5.083333333333333,0.9713420698132614,0.2376858923261731,0,0,0,0
2026-06-15 05:10:00,5.166666666666667,0.9762960071199334,0.2164396139381029,0,0,0,0
2026-06-15 05:15:00,5.25,0.9807852804032304,0.19509032201612833,0,0,0,0
2026-06-15 05:20:00,5.333333333333333,0.984807753012208,0.17364817766693041,0,0,0,0
2026-06-15 05:25:00,5.416666666666667,0.9883615104677607,0.1521233861899168,0,0,0,0
2026-06-15 05:30:00,5.5,0.9914448613738104,0.1305261922200517,0,0,0,0
2026-06-15 05:35:00,5.583333333333333,0.9940563382223196,0.10886687485196474,0,0,0,0
2026-06-15 05:40:00,5.666666666666667,0.9961946980917455,0.08715574274765814,0,0,0,0
2026-06-15 05:45:00,5.75,0.9978589232386035,0.06540312923014327,0,0,0,0
2026-06-15 05:50:00,5.833333333333333,0.9990482215818578,0.04361938736533601,0,0,0,0
2026-06-15 05:55:00,5.916666666666667,0.9997620270799091,0.021814885034560937,0,0,0,0
2026-06-15 06:00:00,6.0,1.0,6.123233995736766e-17,0,0,0,0
2026-06-15 06:05:00,6.083333333333333,0.9997620270799091,-0.02181488503456081,0,0,0,0
2026-06-15 06:10:00,6.166666666666667,0.9990482215818578,-0.04361938736533589,0,0,0,0
2026-06-15 06:15:00,6.25,0.9978589232386035,-0.06540312923014314,0,0,0,0
2026-06-15 06:20:00,6.333333333333333,0.9961946980917455,-0.08715574274765801,0,0,0,0
2026-06-15 06:25:00,6.416666666666667,0.9940563382223196,-0.10886687485196461,0,0,0,0
2026-06-15 06:30:00,6.5,0.9914448613738104,-0.1305261922200516,0,0,0,0
2026-06-15 06:35:00,6.583333333333333,0.9883615104677607,-0.1521233861899167,0,0,0,0
2026-06-15 06:40:00,6.666666666666667,0.984807753012208,-0.1736481776669303,0,0,0,0
2026-06-15 06:45:00,6.75,0.9807852804032304,-0.1950903220161282,0,0,0,0
2026-06-15 06:50:00,6.833333333333333,0.9762960071199334,-0.2164396139381028,0,0,0,0
2026-06-15 06:55:00,6.916666666666667,0.9713420698132614,-0.23768589232617318,0,0,0,0
2026-06-15 07:00:00,7.0,0.9659258262890683,-0.25881904510252063,0,0,0,0
2026-06-15 07:05:00,7.083333333333333,0.9600498543859287,-0.2798290140309919,0,0,0,0
2026-06-15 07:10:00,7.166666666666667,0.9537169507482269,-0.30070579950427295,0,0,0,0
2026-06-15 07:15:00,7.25,0.9469301294951057,-0.3214394653031616,0,0,0,0
2026-06-15 07:20:00,7.333333333333333,0.9396926207859084,-0.3420201433256685,0,0,0,0
2026-06-15 07:25:00,7.416666666666667,0.9320078692827986,-0.3624380382837016,0,0,0,0
2026-06-15 07:30:00,7.5,0.9238795325112868,-0.3826834323650895,0,0,0,0
2026-06-15 07:35:00,7.583333333333333,0.9153114791194472,-0.40274668985873713,0,0,0,0
2026-06-15 07:40:00,7.666666666666667,0.90630778703665,-0.42261826174069933,0,0,0,0
2026-06-15 07:45:00,7.75,0.8968727415326884,-0.44228869021900113,0,0,0,0
2026-06-15 07:50:00,7.833333333333333,0.8870108331782218,-0.4617486132350338,0,0,0,0
2026-06-15 07:55:00,7.916666666666667,0.8767267557075076,-0.48098876891938785,0,0,0,0
2026-06-15 08:00:00,8.0,0.8660254037844387,-0.4999999999999998,0,0,0,0
2026-06-15 08:05:00,8.083333333333334,0.8549118706729465,-0.5187732581605216,0,0,0,0
2026-06-15 08:10:00,8.166666666666666,0.8433914458128858,-0.5372996083468236,0,0,0,0
2026-06-15 08:15:00,8.25,0.8314696123025451,-0.5555702330196023,0,0,0,0
2026-06-15 08:20:00,8.333333333333334,0.8191520442889917,-0.5735764363510462,0,0,0,0
2026-06-15 08:25:00,8.416666666666666,0.8064446042674828,-0.5913096483635821,0,0,0,0
2026-06-15 08:30:00,8.5,0.7933533402912352,-0.6087614290087207,0,0,0,0
2026-06-15 08:35:00,8.583333333333334,0.7798844830928817,-0.6259234721840591,0,0,0,0
2026-06-15 08:40:00,8.666666666666666,0.7660444431189783,-0.642787609686539,0,0,0,0
2026-06-15 08:45:00,8.75,0.7518398074789774,-0.6593458151000688,0,0,0,0
2026-06-15 08:50:00,8.833333333333334,0.7372773368101241,-0.6755902076156602,0,0,0,0
2026-06-15 08:55:00,8.916666666666666,0.7223639620597556,-0.6915130557822693,0,0,0,0
2026-06-15 09:00:00,9.0,0.7071067811865476,-0.7071067811865475,0,0,0,0
2026-06-15 09:05:00,9.083333333333334,0.6915130557822694,-0.7223639620597555,0,0,0,0
2026-06-15 09:10:00,9.166666666666666,0.6755902076156604,-0.737277336810124,0,0,0,0
2026-06-15 09:15:00,9.25,0.659345815100069,-0.7518398074789773,0,0,0,0
2026-06-15 09:20:00,9.333333333333334,0.6427876096865391,-0.7660444431189782,0,0,0,0
2026-06-15 09:25:00,9.416666666666666,0.6259234721840592,-0.7798844830928817,0,0,0,0
2026-06-15 09:30:00,9.5,0.6087614290087209,-0.793353340291235,0,0,0,0
2026-06-15 09:35:00,9.583333333333334,0.5913096483635822,-0.8064446042674827,0,0,0,0
2026-06-15 09:40:00,9.666666666666666,0.5735764363510464,-0.8191520442889916,0,0,0,0
2026-06-15 09:45:00,9.75,0.5555702330196025,-0.831469612302545,0,0,0,0
2026-06-15 09:50:00,9.833333333333334,0.5372996083468238,-0.8433914458128857,0,0,0,0
2026-06-15 09:55:00,9.916666666666666,0.5187732581605218,-0.8549118706729464,0,0,0,0
2026-06-15 10:00:00,10.0,0.49999999999999994,-0.8660254037844387,0,0,0,0
2026-06-15 10:05:00,10.083333333333334,0.48098876891938763,-0.8767267557075077,0,0,0,0
2026-06-15 10:10:00,10.166666666666666,0.4617486132350339,-0.8870108331782217,0,0,0,0
2026-06-15 10:15:00,10.25,0.4422886902190017,-0.8968727415326881,0,0,0,0
2026-06-15 10:20:00,10.333333333333334,0.4226182617406995,-0.9063077870366499,0,0,0,0
2026-06-15 10:25:00,10.416666666666666,0.4027466898587373,-0.9153114791194471,0,0,0,0
2026-06-15 10:30:00,10.5,0.3826834323650899,-0.9238795325112867,0,0,0,0
2026-06-15 10:35:00,10.583333333333334,0.36243803828370136,-0.9320078692827987,0,0,0,0
2026-06-15 10:40:00,10.666666666666666,0.3420201433256689,-0.9396926207859083,0,0,0,0
2026-06-15 10:45:00,10.75,0.32143946530316175,-0.9469301294951056,0,0,0,0
2026-06-15 10:50:00,10.833333333333334,0.30070579950427334,-0.9537169507482268,0,0,0,0
2026-06-15 10:55:00,10.916666666666666,0.2798290140309927,-0.9600498543859285,0,0,0,0
2026-06-15 11:00:00,11.0,0.258819045102521,-0.9659258262890682,0,0,0,0
2026-06-15 11:05:00,11.083333333333334,0.23768589232617293,-0.9713420698132614,0,0,0,0
2026-06-15 11:10:00,11.166666666666666,0.21643961393810318,-0.9762960071199333,0,0,0,0
2026-06-15 11:15:00,11.25,0.19509032201612816,-0.9807852804032304,0,0,0,0
2026-06-15 11:20:00,11.333333333333334,0.17364817766693028,-0.984807753012208,0,0,0,0
2026-06-15 11:25:00,11.416666666666666,0.15212338618991708,-0.9883615104677607,0,0,0,0
2026-06-15 11:30:00,11.5,0.130526192220052,-0.9914448613738104,0,0,0,0
2026-06-15 11:35:00,11.583333333333334,0.10886687485196457,-0.9940563382223196,0,0,0,0
2026-06-15 11:40:00,11.666666666666666,0.0871557427476582,-0.9961946980917455,0,0,0,0
2026-06-15 11:45:00,11.75,0.06540312923014312,-0.9978589232386035,0,0,0,0
2026-06-15 11:50:00,11.833333333333334,0.043619387365335625,-0.9990482215818578,0,0,0,0
2026-06-15 11:55:00,11.916666666666666,0.021814885034561218,-0.9997620270799091,0,0,0,0
2026-06-15 12:00:00,12.0,1.2246467991473532e-16,-1.0,0,0,0,0
2026-06-15 12:05:00,12.083333333333334,-0.021814885034560975,-0.9997620270799091,0,0,0,0
2026-06-15 12:10:00,12.166666666666666,-0.04361938736533538,-0.9990482215818578,0,0,0,0
2026-06-15 12:15:00,12.25,-0.06540312923014287,-0.9978589232386035,0,0,0,0
2026-06-15 12:20:00,12.333333333333334,-0.08715574274765794,-0.9961946980917455,0,0,0,0
2026-06-15 12:25:00,12.416666666666666,-0.10886687485196432,-0.9940563382223196,0,0,0,0
2026-06-15 12:30:00,12.5,-0.13052619222005177,-0.9914448613738104,0,0,0,0
2026-06-15 12:35:00,12.583333333333334,-0.15212338618991683,-0.9883615104677607,0,0,0,0
2026-06-15 12:40:00,12.666666666666666,-0.17364817766693003,-0.9848077530122081,0,0,0,0
2026-06-15 12:45:00,12.75,-0.19509032201612792,-0.9807852804032305,0,0,0,0
2026-06-15 12:50:00,12.833333333333334,-0.21643961393810293,-0.9762960071199334,0,0,0,0
2026-06-15 12:55:00,12.916666666666666,-0.2376858923261727,-0.9713420698132615,0,0,0,0
2026-06-15 13:00:00,13.0,-0.2588190451025208,-0.9659258262890683,0,0,0,0
2026-06-15 13:05:00,13.083333333333334,-0.2798290140309925,-0.9600498543859286,0,0,0,0
2026-06-15 13:10:00,13.166666666666666,-0.30070579950427306,-0.9537169507482269,0,0,0,0
2026-06-15 13:15:00,13.25,-0.32143946530316153,-0.9469301294951057,0,0,0,0
2026-06-15 13:20:00,13.333333333333334,-0.34202014332566866,-0.9396926207859084,0,0,0,0
2026-06-15 13:25:00,13.416666666666666,-0.36243803828370114,-0.9320078692827987,0,0,0,0
2026-06-15 13:30:00,13.5,-0.38268343236508967,-0.9238795325112868,0,0,0,0
2026-06-15 13:35:00,13.583333333333334,-0.4027466898587371,-0.9153114791194472,0,0,0,0
2026-06-15 13:40:00,13.666666666666666,-0.4226182617406993,-0.90630778703665,0,0,0,0
2026-06-15 13:45:00,13.75,-0.44228869021900147,-0.8968727415326883,0,0,0,0
2026-06-15 13:50:00,13.833333333333334,-0.46174861323503413,-0.8870108331782216,0,0,0,0
2026-06-15 13:55:00,13.916666666666666,-0.4809887689193874,-0.8767267557075078,0,0,0,0
2026-06-15 14:00:00,14.0,-0.4999999999999997,-0.8660254037844388,0,0,0,0
2026-06-15 14:05:00,14.083333333333334,-0.5187732581605216,-0.8549118706729465,0,0,0,0
2026-06-15 14:10:00,14.166666666666666,-0.5372996083468236,-0.8433914458128858,0,0,0,0
2026-06-15 14:15:00,14.25,-0.555570233019602,-0.8314696123025455,0,0,0,0
2026-06-15 14:20:00,14.333333333333334,-0.5735764363510458,-0.819152044288992,0,0,0,0
2026-06-15 14:25:00,14.416666666666666,-0.5913096483635824,-0.8064446042674825,0,0,0,0
2026-06-15 14:30:00,14.5,-0.6087614290087207,-0.7933533402912352,0,0,0,0
2026-06-15 14:35:00,14.583333333333334,-0.6259234721840591,-0.7798844830928818,0,0,0,0
2026-06-15 14:40:00,14.666666666666666,-0.6427876096865389,-0.7660444431189783,0,0,0,0
2026-06-15 14:45:00,14.75,-0.6593458151000688,-0.7518398074789774,0,0,0,0
2026-06-15 14:50:00,14.833333333333334,-0.6755902076156601,-0.7372773368101241,0,0,0,0
2026-06-15 14:55:00,14.916666666666666,-0.691513055782269,-0.722363962059756,0,0,0,0
2026-06-15 15:00:00,15.0,-0.7071067811865471,-0.7071067811865479,0,0,0,0
2026-06-15 15:05:00,15.083333333333334,-0.7223639620597557,-0.6915130557822692,0,0,0,0
2026-06-15 15:10:00,15.166666666666666,-0.7372773368101239,-0.6755902076156604,0,0,0,0
2026-06-15 15:15:00,15.25,-0.7518398074789773,-0.6593458151000691,0,0,0,0
2026-06-15 15:20:00,15.333333333333334,-0.7660444431189779,-0.6427876096865395,0,0,0,0
2026-06-15 15:25:00,15.416666666666666,-0.7798844830928814,-0.6259234721840596,0,0,0,0
2026-06-15 15:30:00,15.5,-0.7933533402912349,-0.6087614290087209,0,0,0,0
2026-06-15 15:35:00,15.583333333333334,-0.8064446042674827,-0.5913096483635822,0,0,0,0
2026-06-15 15:40:00,15.666666666666666,-0.8191520442889916,-0.5735764363510464,0,0,0,0
2026-06-15 15:45:00,15.75,-0.8314696123025452,-0.5555702330196022,0,0,0,0
2026-06-15 15:50:00,15.833333333333334,-0.8433914458128859,-0.5372996083468234,0,0,0,0
2026-06-15 15:55:00,15.916666666666666,-0.8549118706729466,-0.5187732581605214,0,0,0,0
2026-06-15 16:00:00,16.0,-0.8660254037844385,-0.5000000000000004,0,0,0,0
2026-06-15 16:05:00,16.083333333333332,-0.8767267557075072,-0.48098876891938847,0,0,0,0
2026-06-15 16:10:00,16.166666666666668,-0.8870108331782218,-0.4617486132350336,0,0,0,0
2026-06-15 16:15:00,16.25,-0.8968727415326883,-0.44228869021900136,0,0,0,0
2026-06-15 16:20:00,16.333333333333332,-0.9063077870366497,-0.42261826174069994,0,0,0,0
2026-06-15 16:25:00,16.416666666666668,-0.9153114791194471,-0.40274668985873735,0,0,0,0
2026-06-15 16:30:00,16.5,-0.9238795325112868,-0.3826834323650895,0,0,0,0
2026-06-15 16:35:00,16.583333333333332,-0.9320078692827984,-0.3624380382837018,0,0,0,0
2026-06-15 16:40:00,16.666666666666668,-0.9396926207859084,-0.34202014332566855,0,0,0,0
2026-06-15 16:45:00,16.75,-0.9469301294951056,-0.3214394653031618,0,0,0,0
2026-06-15 16:50:00,16.833333333333332,-0.9537169507482267,-0.3007057995042738,0,0,0,0
2026-06-15 16:55:00,16.916666666666668,-0.9600498543859286,-0.27982901403099236,0,0,0,0
2026-06-15 17:00:00,17.0,-0.9659258262890683,-0.25881904510252063,0,0,0,0
2026-06-15 17:05:00,17.083333333333332,-0.9713420698132613,-0.23768589232617343,0,0,0,0
2026-06-15 17:10:00,17.166666666666668,-0.9762960071199334,-0.21643961393810282,0,0,0,0
2026-06-15 17:15:00,17.25,-0.9807852804032303,-0.19509032201612866,0,0,0,0
2026-06-15 17:20:00,17.333333333333332,-0.9848077530122079,-0.1736481776669312,0,0,0,0
2026-06-15 17:25:00,17.416666666666668,-0.9883615104677608,-0.15212338618991628,0,0,0,0
2026-06-15 17:30:00,17.5,-0.9914448613738104,-0.13052619222005163,0,0,0,0
2026-06-15 17:35:00,17.583333333333332,-0.9940563382223195,-0.10886687485196507,0,0,0,0
2026-06-15 17:40:00,17.666666666666668,-0.9961946980917455,-0.08715574274765825,0,0,0,0
2026-06-15 17:45:00,17.75,-0.9978589232386035,-0.06540312923014273,0,0,0,0
2026-06-15 17:50:00,17.833333333333332,-0.9990482215818578,-0.04361938736533613,0,0,0,0
2026-06-15 17:55:00,17.916666666666668,-0.9997620270799091,-0.021814885034560836,0,0,0,0
2026-06-15 18:00:00,18.0,-1.0,-1.8369701987210297e-16,0,0,0,0
2026-06-15 18:05:00,18.083333333333332,-0.9997620270799091,0.021814885034560468,0,0,0,0
2026-06-15 18:10:00,18.166666666666668,-0.9990482215818578,0.043619387365335764,0,0,0,0
2026-06-15 18:15:00,18.25,-0.9978589232386036,0.06540312923014237,0,0,0,0
2026-06-15 18:20:00,18.333333333333332,-0.9961946980917455,0.08715574274765789,0,0,0,0
2026-06-15 18:25:00,18.416666666666668,-0.9940563382223196,0.10886687485196471,0,0,0,0
2026-06-15 18:30:00,18.5,-0.9914448613738105,0.13052619222005127,0,0,0,0
2026-06-15 18:35:00,18.583333333333332,-0.9883615104677609,0.15212338618991592,0,0,0,0
2026-06-15 18:40:00,18.666666666666668,-0.984807753012208,0.17364817766693083,0,0,0,0
2026-06-15 18:45:00,18.75,-0.9807852804032304,0.1950903220161283,0,0,0,0
2026-06-15 18:50:00,18.833333333333332,-0.9762960071199335,0.21643961393810246,0,0,0,0
2026-06-15 18:55:00,18.916666666666668,-0.9713420698132614,0.23768589232617307,0,0,0,0
2026-06-15 19:00:00,19.0,-0.9659258262890684,0.2588190451025203,0,0,0,0
2026-06-15 19:05:00,19.083333333333332,-0.9600498543859287,0.279829014030992,0,0,0,0
2026-06-15 19:10:00,19.166666666666668,-0.9537169507482268,0.30070579950427345,0,0,0,0
2026-06-15 19:15:00,19.25,-0.9469301294951057,0.3214394653031615,0,0,0,0
2026-06-15 19:20:00,19.333333333333332,-0.9396926207859085,0.34202014332566816,0,0,0,0
2026-06-15 19:25:00,19.416666666666668,-0.9320078692827986,0.36243803828370147,0,0,0,0
2026-06-15 19:30:00,19.5,-0.923879532511287,0.38268343236508917,0,0,0,0
2026-06-15 19:35:00,19.583333333333332,-0.9153114791194472,0.402746689858737,0,0,0,0
2026-06-15 19:40:00,19.666666666666668,-0.9063077870366498,0.4226182617406996,0,0,0,0
2026-06-15 19:45:00,19.75,-0.8968727415326884,0.442288690219001,0,0,0,0
2026-06-15 19:50:00,19.833333333333332,-0.887010833178222,0.46174861323503325,0,0,0,0
2026-06-15 19:55:00,19.916666666666668,-0.8767267557075075,0.48098876891938813,0,0,0,0
2026-06-15 20:00:00,20.0,-0.8660254037844386,0.5000000000000001,0,0,0,0
2026-06-15 20:05:00,20.083333333333332,-0.8549118706729468,0.5187732581605211,0,0,0,0
2026-06-15 20:10:00,20.166666666666668,-0.8433914458128857,0.5372996083468239,0,0,0,0
2026-06-15 20:15:00,20.25,-0.8314696123025455,0.5555702330196018,0,0,0,0
2026-06-15 20:20:00,20.333333333333332,-0.8191520442889918,0.573576436351046,0,0,0,0
2026-06-15 20:25:00,20.416666666666668,-0.8064446042674829,0.591309648363582,0,0,0,0
2026-06-15 20:30:00,20.5,-0.7933533402912357,0.6087614290087199,0,0,0,0
2026-06-15 20:35:00,20.583333333333332,-0.7798844830928816,0.6259234721840593,0,0,0,0
2026-06-15 20:40:00,20.666666666666668,-0.7660444431189781,0.6427876096865393,0,0,0,0
2026-06-15 20:45:00,20.75,-0.7518398074789772,0.6593458151000691,0,0,0,0
2026-06-15 20:50:00,20.833333333333332,-0.7372773368101242,0.6755902076156601,0,0,0,0
2026-06-15 20:55:00,20.916666666666668,-0.7223639620597554,0.6915130557822695,0,0,0,0
2026-06-15 21:00:00,21.0,-0.7071067811865477,0.7071067811865474,0,0,0,0
2026-06-15 21:05:00,21.083333333333332,-0.6915130557822698,0.7223639620597551,0,0,0,0
2026-06-15 21:10:00,21.166666666666668,-0.6755902076156598,0.7372773368101244,0,0,0,0
2026-06-15 21:15:00,21.25,-0.6593458151000687,0.7518398074789775,0,0,0,0
2026-06-15 21:20:00,21.333333333333332,-0.6427876096865396,0.7660444431189778,0,0,0,0
2026-06-15 21:25:00,21.416666666666668,-0.625923472184059,0.7798844830928818,0,0,0,0
2026-06-15 21:30:00,21.5,-0.608761429008721,0.7933533402912349,0,0,0,0
2026-06-15 21:35:00,21.583333333333332,-0.591309648363583,0.8064446042674821,0,0,0,0
2026-06-15 21:40:00,21.666666666666668,-0.5735764363510465,0.8191520442889916,0,0,0,0
2026-06-15 21:45:00,21.75,-0.555570233019603,0.8314696123025447,0,0,0,0
2026-06-15 21:50:00,21.833333333333332,-0.537299608346825,0.8433914458128849,0,0,0,0
2026-06-15 21:55:00,21.916666666666668,-0.5187732581605214,0.8549118706729466,0,0,0,0
2026-06-15 22:00:00,22.0,-0.5000000000000004,0.8660254037844384,0,0,0,0
2026-06-15 22:05:00,22.083333333333332,-0.48098876891938774,0.8767267557075077,0,0,0,0
2026-06-15 22:10:00,22.166666666666668,-0.46174861323503363,0.8870108331782218,0,0,0,0
2026-06-15 22:15:00,22.25,-0.4422886902190014,0.8968727415326883,0,0,0,0
2026-06-15 22:20:00,22.333333333333332,-0.4226182617407,0.9063077870366497,0,0,0,0
2026-06-15 22:25:00,22.416666666666668,-0.40274668985873663,0.9153114791194474,0,0,0,0
2026-06-15 22:30:00,22.5,-0.38268343236508956,0.9238795325112868,0,0,0,0
2026-06-15 22:35:00,22.583333333333332,-0.36243803828370186,0.9320078692827984,0,0,0,0
2026-06-15 22:40:00,22.666666666666668,-0.3420201433256686,0.9396926207859084,0,0,0,0
2026-06-15 22:45:00,22.75,-0.32143946530316186,0.9469301294951056,0,0,0,0
2026-06-15 22:50:00,22.833333333333332,-0.30070579950427384,0.9537169507482267,0,0,0,0
2026-06-15 22:55:00,22.916666666666668,-0.2798290140309924,0.9600498543859286,0,0,0,0
2026-06-15 23:00:00,23.0,-0.25881904510252157,0.9659258262890681,0,0,0,0
2026-06-15 23:05:00,23.083333333333332,-0.23768589232617435,0.9713420698132611,0,0,0,0
2026-06-15 23:10:00,23.166666666666668,-0.21643961393810288,0.9762960071199334,0,0,0,0
2026-06-15 23:15:00,23.25,-0.19509032201612872,0.9807852804032303,0,0,0,0
2026-06-15 23:20:00,23.333333333333332,-0.1736481776669304,0.984807753012208,0,0,0,0
2026-06-15 23:25:00,23.416666666666668,-0.1521233861899172,0.9883615104677607,0,0,0,0
2026-06-15 23:30:00,23.5,-0.13052619222005168,0.9914448613738104,0,0,0,0
2026-06-15 23:35:00,23.583333333333332,-0.10886687485196514,0.9940563382223195,0,0,0,0
2026-06-15 23:40:00,23.666666666666668,-0.08715574274765743,0.9961946980917455,0,0,0,0
2026-06-15 23:45:00,23.75,-0.0654031292301428,0.9978589232386035,0,0,0,0
2026-06-15 23:50:00,23.833333333333332,-0.043619387365336194,0.9990482215818578,0,0,0,0
2026-06-15 23:55:00,23.916666666666668,-0.0218148850345609,0.9997620270799091,0,0,0,0
2026-06-16 00:00:00,0.0,0.0,1.0,1,0,0,0
2026-06-16 00:05:00,0.08333333333333333,0.02181488503456112,0.9997620270799091,1,0,0,0
2026-06-16 00:10:00,0.16666666666666666,0.043619387365336,0.9990482215818578,1,0,0,0
2026-06-16 00:15:00,0.25,0.06540312923014306,0.9978589232386035,1,0,0,0
2026-06-16 00:20:00,0.3333333333333333,0.08715574274765817,0.9961946980917455,1,0,0,0
2026-06-16 00:25:00,0.4166666666666667,0.10886687485196457,0.9940563382223196,1,0,0,0
2026-06-16 00:30:00,0.5,0.13052619222005157,0.9914448613738104,1,0,0,0
2026-06-16 00:35:00,0.5833333333333334,0.15212338618991672,0.9883615104677607,1,0,0,0
2026-06-16 00:40:00,0.6666666666666666,0.17364817766693033,0.984807753012208,1,0,0,0
2026-06-16 00:45:00,0.75,0.19509032201612825,0.9807852804032304,1,0,0,0
2026-06-16 00:50:00,0.8333333333333334,0.21643961393810288,0.9762960071199334,1,0,0,0
2026-06-16 00:55:00,0.9166666666666666,0.23768589232617307,0.9713420698132614,1,0,0,0
2026-06-16 01:00:00,1.0,0.25881904510252074,0.9659258262890683,1,0,0,0
2026-06-16 01:05:00,1.0833333333333333,0.27982901403099203,0.9600498543859287,1,0,0,0
2026-06-16 01:10:00,1.1666666666666667,0.3007057995042732,0.9537169507482269,1,0,0,0
2026-06-16 01:15:00,1.25,0.3214394653031616,0.9469301294951057,1,0,0,0
2026-06-16 01:20:00,1.3333333333333333,0.3420201433256687,0.9396926207859084,1,0,0,0
2026-06-16 01:25:00,1.4166666666666667,0.36243803828370164,0.9320078692827986,1,0,0,0
2026-06-16 01:30:00,1.5,0.3826834323650898,0.9238795325112867,1,0,0,0
2026-06-16 01:35:00,1.5833333333333335,0.40274668985873724,0.9153114791194471,1,0,0,0
2026-06-16 01:40:00,1.6666666666666665,0.4226182617406994,0.9063077870366499,1,0,0,0
2026-06-16 01:45:00,1.75,0.44228869021900125,0.8968727415326884,1,0,0,0
2026-06-16 01:50:00,1.8333333333333335,0.46174861323503397,0.8870108331782217,1,0,0,0
2026-06-16 01:55:00,1.9166666666666665,0.48098876891938763,0.8767267557075077,1,0,0,0
2026-06-16 02:00:00,2.0,0.49999999999999994,0.8660254037844387,1,0,0,0
2026-06-16 02:05:00,2.0833333333333335,0.5187732581605214,0.8549118706729466,1,0,0,0
2026-06-16 02:10:00,2.1666666666666665,0.5372996083468238,0.8433914458128857,1,0,0,0
2026-06-16 02:15:00,2.25,0.5555702330196022,0.8314696123025452,1,0,0,0
2026-06-16 02:20:00,2.3333333333333335,0.5735764363510462,0.8191520442889918,1,0,0,0
2026-06-16 02:25:00,2.4166666666666665,0.5913096483635824,0.8064446042674827,1,0,0,0
2026-06-16 02:30:00,2.5,0.6087614290087207,0.7933533402912352,1,0,0,0
2026-06-16 02:35:00,2.5833333333333335,0.6259234721840591,0.7798844830928818,1,0,0,0
2026-06-16 02:40:00,2.6666666666666665,0.6427876096865393,0.766044443118978,1,0,0,0
2026-06-16 02:45:00,2.75,0.6593458151000688,0.7518398074789774,1,0,0,0
2026-06-16 02:50:00,2.8333333333333335,0.6755902076156602,0.7372773368101241,1,0,0,0
2026-06-16 02:55:00,2.9166666666666665,0.6915130557822694,0.7223639620597556,1,0,0,0
2026-06-16 03:00:00,3.0,0.7071067811865476,0.7071067811865476,1,0,0,0
2026-06-16 03:05:00,3.0833333333333335,0.7223639620597555,0.6915130557822694,1,0,0,0
2026-06-16 03:10:00,3.1666666666666665,0.737277336810124,0.6755902076156602,1,0,0,0
2026-06-16 03:15:00,3.25,0.7518398074789774,0.6593458151000688,1,0,0,0
2026-06-16 03:20:00,3.3333333333333335,0.766044443118978,0.6427876096865394,1,0,0,0
2026-06-16 03:25:00,3.4166666666666665,0.7798844830928817,0.6259234721840591,1,0,0,0
2026-06-16 03:30:00,3.5,0.7933533402912352,0.6087614290087207,1,0,0,0
2026-06-16 03:35:00,3.5833333333333335,0.8064446042674825,0.5913096483635825,1,0,0,0
2026-06-16 03:40:00,3.6666666666666665,0.8191520442889917,0.5735764363510462,1,0,0,0
2026-06-16 03:45:00,3.75,0.8314696123025451,0.5555702330196024,1,0,0,0
2026-06-16 03:50:00,3.8333333333333335,0.8433914458128856,0.5372996083468239,1,0,0,0
2026-06-16 03:55:00,3.9166666666666665,0.8549118706729466,0.5187732581605216,1,0,0,0
2026-06-16 04:00:00,4.0,0.8660254037844386,0.5000000000000001,1,0,0,0
2026-06-16 04:05:00,4.083333333333333,0.8767267557075077,0.48098876891938774,1,0,0,0
2026-06-16 04:10:00,4.166666666666667,0.8870108331782217,0.46174861323503386,1,0,0,0
2026-06-16 04:15:00,4.25,0.8968727415326884,0.44228869021900125,1,0,0,0
2026-06-16 04:20:00,4.333333333333333,0.9063077870366498,0.4226182617406996,1,0,0,0
2026-06-16 04:25:00,4.416666666666667,0.9153114791194471,0.40274668985873724,1,0,0,0
2026-06-16 04:30:00,4.5,0.9238795325112867,0.38268343236508984,1,0,0,0
2026-06-16 04:35:00,4.583333333333333,0.9320078692827984,0.3624380382837017,1,0,0,0
2026-06-16 04:40:00,4.666666666666667,0.9396926207859084,0.3420201433256686,1,0,0,0
2026-06-16 04:45:00,4.75,0.9469301294951056,0.3214394653031617,1,0,0,0
2026-06-16 04:50:00,4.833333333333333,0.9537169507482268,0.3007057995042733,1,0,0,0
2026-06-16 04:55:00,4.916666666666667,0.9600498543859287,0.27982901403099203,1,0,0,0
2026-06-16 05:00:00,5.0,0.9659258262890683,0.25881904510252074,1,0,0,0
2026-06-16 05:05:00,5.083333333333333,0.9713420698132614,0.2376858923261731,1,0,0,0
2026-06-16 05:10:00,5.166666666666667,0.9762960071199334,0.2164396139381029,1,0,0,0
2026-06-16 05:15:00,5.25,0.9807852804032304,0.19509032201612833,1,0,0,0
2026-06-16 05:20:00,5.333333333333333,0.984807753012208,0.17364817766693041,1,0,0,0
2026-06-16 05:25:00,5.416666666666667,0.9883615104677607,0.1521233861899168,1,0,0,0
2026-06-16 05:30:00,5.5,0.9914448613738104,0.1305261922200517,1,0,0,0
2026-06-16 05:35:00,5.583333333333333,0.9940563382223196,0.10886687485196474,1,0,0,0
2026-06-16 05:40:00,5.666666666666667,0.9961946980917455,0.08715574274765814,1,0,0,0
2026-06-16 05:45:00,5.75,0.9978589232386035,0.06540312923014327,1,0,0,0
2026-06-16 05:50:00,5.833333333333333,0.9990482215818578,0.04361938736533601,1,0,0,0
2026-06-16 05:55:00,5.916666666666667,0.9997620270799091,0.021814885034560937,1,0,0,0
2026-06-16 06:00:00,6.0,1.0,6.123233995736766e-17,1,0,0,0
2026-06-16 06:05:00,6.083333333333333,0.9997620270799091,-0.02181488503456081,1,0,0,0
2026-06-16 06:10:00,6.166666666666667,0.9990482215818578,-0.04361938736533589,1,0,0,0
2026-06-16 06:15:00,6.25,0.9978589232386035,-0.06540312923014314,1,0,0,0
2026-06-16 06:20:00,6.333333333333333,0.9961946980917455,-0.08715574274765801,1,0,0,0
2026-06-16 06:25:00,6.416666666666667,0.9940563382223196,-0.10886687485196461,1,0,0,0
2026-06-16 06:30:00,6.5,0.9914448613738104,-0.1305261922200516,1,0,0,0
2026-06-16 06:35:00,6.583333333333333,0.9883615104677607,-0.1521233861899167,1,0,0,0
2026-06-16 06:40:00,6.666666666666667,0.984807753012208,-0.1736481776669303,1,0,0,0
2026-06-16 06:45:00,6.75,0.9807852804032304,-0.1950903220161282,1,0,0,0
2026-06-16 06:50:00,6.833333333333333,0.9762960071199334,-0.2164396139381028,1,0,0,0
2026-06-16 06:55:00,6.916666666666667,0.9713420698132614,-0.23768589232617318,1,0,0,0
2026-06-16 07:00:00,7.0,0.9659258262890683,-0.25881904510252063,1,0,0,0
2026-06-16 07:05:00,7.083333333333333,0.9600498543859287,-0.2798290140309919,1,0,0,0
2026-06-16 07:10:00,7.166666666666667,0.9537169507482269,-0.30070579950427295,1,0,0,0
2026-06-16 07:15:00,7.25,0.9469301294951057,-0.3214394653031616,1,0,0,0
2026-06-16 07:20:00,7.333333333333333,0.9396926207859084,-0.3420201433256685,1,0,0,0
2026-06-16 07:25:00,7.416666666666667,0.9320078692827986,-0.3624380382837016,1,0,0,0
2026-06-16 07:30:00,7.5,0.9238795325112868,-0.3826834323650895,1,0,0,0
2026-06-16 07:35:00,7.583333333333333,0.9153114791194472,-0.40274668985873713,1,0,0,0
2026-06-16 07:40:00,7.666666666666667,0.90630778703665,-0.42261826174069933,1,0,0,0
2026-06-16 07:45:00,7.75,0.8968727415326884,-0.44228869021900113,1,0,0,0
2026-06-16 07:50:00,7.833333333333333,0.8870108331782218,-0.4617486132350338,1,0,0,0
2026-06-16 07:55:00,7.916666666666667,0.8767267557075076,-0.48098876891938785,1,0,0,0
2026-06-16 08:00:00,8.0,0.8660254037844387,-0.4999999999999998,1,0,0,0
2026-06-16 08:05:00,8.083333333333334,0.8549118706729465,-0.5187732581605216,1,0,0,0
2026-06-16 08:10:00,8.166666666666666,0.8433914458128858,-0.5372996083468236,1,0,0,0
2026-06-16 08:15:00,8.25,0.8314696123025451,-0.5555702330196023,1,0,0,0
2026-06-16 08:20:00,8.333333333333334,0.8191520442889917,-0.5735764363510462,1,0,0,0
2026-06-16 08:25:00,8.416666666666666,0.8064446042674828,-0.5913096483635821,1,0,0,0
2026-06-16 08:30:00,8.5,0.7933533402912352,-0.6087614290087207,1,0,0,0
2026-06-16 08:35:00,8.583333333333334,0.7798844830928817,-0.6259234721840591,1,0,0,0
2026-06-16 08:40:00,8.666666666666666,0.7660444431189783,-0.642787609686539,1,0,0,0
2026-06-16 08:45:00,8.75,0.7518398074789774,-0.6593458151000688,1,0,0,0
2026-06-16 08:50:00,8.833333333333334,0.7372773368101241,-0.6755902076156602,1,0,0,0
2026-06-16 08:55:00,8.916666666666666,0.7223639620597556,-0.6915130557822693,1,0,0,0
2026-06-16 09:00:00,9.0,0.7071067811865476,-0.7071067811865475,1,0,0,0
2026-06-16 09:05:00,9.083333333333334,0.6915130557822694,-0.7223639620597555,1,0,0,0
2026-06-16 09:10:00,9.166666666666666,0.6755902076156604,-0.737277336810124,1,0,0,0
2026-06-16 09:15:00,9.25,0.659345815100069,-0.7518398074789773,1,0,0,0
2026-06-16 09:20:00,9.333333333333334,0.6427876096865391,-0.7660444431189782,1,0,0,0
2026-06-16 09:25:00,9.416666666666666,0.6259234721840592,-0.7798844830928817,1,0,0,0
2026-06-16 09:30:00,9.5,0.6087614290087209,-0.793353340291235,1,0,0,0
2026-06-16 09:35:00,9.583333333333334,0.5913096483635822,-0.8064446042674827,1,0,0,0
2026-06-16 09:40:00,9.666666666666666,0.5735764363510464,-0.8191520442889916,1,0,0,0
2026-06-16 09:45:00,9.75,0.5555702330196025,-0.831469612302545,1,0,0,0
2026-06-16 09:50:00,9.833333333333334,0.5372996083468238,-0.8433914458128857,1,0,0,0
2026-06-16 09:55:00,9.916666666666666,0.5187732581605218,-0.8549118706729464,1,0,0,0
2026-06-16 10:00:00,10.0,0.49999999999999994,-0.8660254037844387,1,0,0,0
2026-06-16 10:05:00,10.083333333333334,0.48098876891938763,-0.8767267557075077,1,0,0,0
2026-06-16 10:10:00,10.166666666666666,0.4617486132350339,-0.8870108331782217,1,0,0,0
2026-06-16 10:15:00,10.25,0.4422886902190017,-0.8968727415326881,1,0,0,0
2026-06-16 10:20:00,10.333333333333334,0.4226182617406995,-0.9063077870366499,1,0,0,0
2026-06-16 10:25:00,10.416666666666666,0.4027466898587373,-0.9153114791194471,1,0,0,0
2026-06-16 10:30:00,10.5,0.3826834323650899,-0.9238795325112867,1,0,0,0
2026-06-16 10:35:00,10.583333333333334,0.36243803828370136,-0.9320078692827987,1,0,0,0
2026-06-16 10:40:00,10.666666666666666,0.3420201433256689,-0.9396926207859083,1,0,0,0
2026-06-16 10:45:00,10.75,0.32143946530316175,-0.9469301294951056,1,0,0,0
2026-06-16 10:50:00,10.833333333333334,0.30070579950427334,-0.9537169507482268,1,0,0,0
2026-06-16 10:55:00,10.916666666666666,0.2798290140309927,-0.9600498543859285,1,0,0,0
2026-06-16 11:00:00,11.0,0.258819045102521,-0.9659258262890682,1,0,0,0
2026-06-16 11:05:00,11.083333333333334,0.23768589232617293,-0.9713420698132614,1,0,0,0
2026-06-16 11:10:00,11.166666666666666,0.21643961393810318,-0.9762960071199333,1,0,0,0
2026-06-16 11:15:00,11.25,0.19509032201612816,-0.9807852804032304,1,0,0,0
2026-06-16 11:20:00,11.333333333333334,0.17364817766693028,-0.984807753012208,1,0,0,0
2026-06-16 11:25:00,11.416666666666666,0.15212338618991708,-0.9883615104677607,1,0,0,0
2026-06-16 11:30:00,11.5,0.130526192220052,-0.9914448613738104,1,0,0,0
2026-06-16 11:35:00,11.583333333333334,0.10886687485196457,-0.9940563382223196,1,0,0,0
2026-06-16 11:40:00,11.666666666666666,0.0871557427476582,-0.9961946980917455,1,0,0,0
2026-06-16 11:45:00,11.75,0.06540312923014312,-0.9978589232386035,1,0,0,0
2026-06-16 11:50:00,11.833333333333334,0.043619387365335625,-0.9990482215818578,1,0,0,0
2026-06-16 11:55:00,11.916666666666666,0.021814885034561218,-0.9997620270799091,1,0,0,0
2026-06-16 12:00:00,12.0,1.2246467991473532e-16,-1.0,1,0,0,0
2026-06-16 12:05:00,12.083333333333334,-0.021814885034560975,-0.9997620270799091,1,0,0,0
2026-06-16 12:10:00,12.166666666666666,-0.04361938736533538,-0.9990482215818578,1,0,0,0
2026-06-16 12:15:00,12.25,-0.06540312923014287,-0.9978589232386035,1,0,0,0
2026-06-16 12:20:00,12.333333333333334,-0.08715574274765794,-0.9961946980917455,1,0,0,0
2026-06-16 12:25:00,12.416666666666666,-0.10886687485196432,-0.9940563382223196,1,0,0,0
2026-06-16 12:30:00,12.5,-0.13052619222005177,-0.9914448613738104,1,0,0,0
2026-06-16 12:35:00,12.583333333333334,-0.15212338618991683,-0.9883615104677607,1,0,0,0
2026-06-16 12:40:00,12.666666666666666,-0.17364817766693003,-0.9848077530122081,1,0,0,0
2026-06-16 12:45:00,12.75,-0.19509032201612792,-0.9807852804032305,1,0,0,0
2026-06-16 12:50:00,12.833333333333334,-0.21643961393810293,-0.9762960071199334,1,0,0,0
2026-06-16 12:55:00,12.916666666666666,-0.2376858923261727,-0.9713420698132615,1,0,0,0
2026-06-16 13:00:00,13.0,-0.2588190451025208,-0.9659258262890683,1,0,0,0
2026-06-16 13:05:00,13.083333333333334,-0.2798290140309925,-0.9600498543859286,1,0,0,0
2026-06-16 13:10:00,13.166666666666666,-0.30070579950427306,-0.9537169507482269,1,0,0,0
2026-06-16 13:15:00,13.25,-0.32143946530316153,-0.9469301294951057,1,0,0,0
2026-06-16 13:20:00,13.333333333333334,-0.34202014332566866,-0.9396926207859084,1,0,0,0
2026-06-16 13:25:00,13.416666666666666,-0.36243803828370114,-0.9320078692827987,1,0,0,0
2026-06-16 13:30:00,13.5,-0.38268343236508967,-0.9238795325112868,1,0,0,0
2026-06-16 13:35:00,13.583333333333334,-0.4027466898587371,-0.9153114791194472,1,0,0,0
2026-06-16 13:40:00,13.666666666666666,-0.4226182617406993,-0.90630778703665,1,0,0,0
2026-06-16 13:45:00,13.75,-0.44228869021900147,-0.8968727415326883,1,0,0,0
2026-06-16 13:50:00,13.833333333333334,-0.46174861323503413,-0.8870108331782216,1,0,0,0
2026-06-16 13:55:00,13.916666666666666,-0.4809887689193874,-0.8767267557075078,1,0,0,0
2026-06-16 14:00:00,14.0,-0.4999999999999997,-0.8660254037844388,1,0,0,0
2026-06-16 14:05:00,14.083333333333334,-0.5187732581605216,-0.8549118706729465,1,0,0,0
2026-06-16 14:10:00,14.166666666666666,-0.5372996083468236,-0.8433914458128858,1,0,0,0
2026-06-16 14:15:00,14.25,-0.555570233019602,-0.8314696123025455,1,0,0,0
2026-06-16 14:20:00,14.333333333333334,-0.5735764363510458,-0.819152044288992,1,0,0,0
2026-06-16 14:25:00,14.416666666666666,-0.5913096483635824,-0.8064446042674825,1,0,0,0
2026-06-16 14:30:00,14.5,-0.6087614290087207,-0.7933533402912352,1,0,0,0
2026-06-16 14:35:00,14.583333333333334,-0.6259234721840591,-0.7798844830928818,1,0,0,0
2026-06-16 14:40:00,14.666666666666666,-0.6427876096865389,-0.7660444431189783,1,0,0,0
2026-06-16 14:45:00,14.75,-0.6593458151000688,-0.7518398074789774,1,0,0,0
2026-06-16 14:50:00,14.833333333333334,-0.6755902076156601,-0.7372773368101241,1,0,0,0
2026-06-16 14:55:00,14.916666666666666,-0.691513055782269,-0.722363962059756,1,0,0,0
2026-06-16 15:00:00,15.0,-0.7071067811865471,-0.7071067811865479,1,0,0,0
2026-06-16 15:05:00,15.083333333333334,-0.7223639620597557,-0.6915130557822692,1,0,0,0
2026-06-16 15:10:00,15.166666666666666,-0.7372773368101239,-0.6755902076156604,1,0,0,0
2026-06-16 15:15:00,15.25,-0.7518398074789773,-0.6593458151000691,1,0,0,0
2026-06-16 15:20:00,15.333333333333334,-0.7660444431189779,-0.6427876096865395,1,0,0,0
2026-06-16 15:25:00,15.416666666666666,-0.7798844830928814,-0.6259234721840596,1,0,0,0
2026-06-16 15:30:00,15.5,-0.7933533402912349,-0.6087614290087209,1,0,0,0
2026-06-16 15:35:00,15.583333333333334,-0.8064446042674827,-0.5913096483635822,1,0,0,0
2026-06-16 15:40:00,15.666666666666666,-0.8191520442889916,-0.5735764363510464,1,0,0,0
2026-06-16 15:45:00,15.75,-0.8314696123025452,-0.5555702330196022,1,0,0,0
2026-06-16 15:50:00,15.833333333333334,-0.8433914458128859,-0.5372996083468234,1,0,0,0
2026-06-16 15:55:00,15.916666666666666,-0.8549118706729466,-0.5187732581605214,1,0,0,0
2026-06-16 16:00:00,16.0,-0.8660254037844385,-0.5000000000000004,1,0,0,0
2026-06-16 16:05:00,16.083333333333332,-0.8767267557075072,-0.48098876891938847,1,0,0,0
2026-06-16 16:10:00,16.166666666666668,-0.8870108331782218,-0.4617486132350336,1,0,0,0
2026-06-16 16:15:00,16.25,-0.8968727415326883,-0.44228869021900136,1,0,0,0
2026-06-16 16:20:00,16.333333333333332,-0.9063077870366497,-0.42261826174069994,1,0,0,0
2026-06-16 16:25:00,16.416666666666668,-0.9153114791194471,-0.40274668985873735,1,0,0,0
2026-06-16 16:30:00,16.5,-0.9238795325112868,-0.3826834323650895,1,0,0,0
2026-06-16 16:35:00,16.583333333333332,-0.9320078692827984,-0.3624380382837018,1,0,0,0
2026-06-16 16:40:00,16.666666666666668,-0.9396926207859084,-0.34202014332566855,1,0,0,0
2026-06-16 16:45:00,16.75,-0.9469301294951056,-0.3214394653031618,1,0,0,0
2026-06-16 16:50:00,16.833333333333332,-0.9537169507482267,-0.3007057995042738,1,0,0,0
2026-06-16 16:55:00,16.916666666666668,-0.9600498543859286,-0.27982901403099236,1,0,0,0
2026-06-16 17:00:00,17.0,-0.9659258262890683,-0.25881904510252063,1,0,0,0
2026-06-16 17:05:00,17.083333333333332,-0.9713420698132613,-0.23768589232617343,1,0,0,0
2026-06-16 17:10:00,17.166666666666668,-0.9762960071199334,-0.21643961393810282,1,0,0,0
2026-06-16 17:15:00,17.25,-0.9807852804032303,-0.19509032201612866,1,0,0,0
2026-06-16 17:20:00,17.333333333333332,-0.9848077530122079,-0.1736481776669312,1,0,0,0
2026-06-16 17:25:00,17.416666666666668,-0.9883615104677608,-0.15212338618991628,1,0,0,0
2026-06-16 17:30:00,17.5,-0.9914448613738104,-0.13052619222005163,1,0,0,0
2026-06-16 17:35:00,17.583333333333332,-0.9940563382223195,-0.10886687485196507,1,0,0,0
2026-06-16 17:40:00,17.666666666666668,-0.9961946980917455,-0.08715574274765825,1,0,0,0
2026-06-16 17:45:00,17.75,-0.9978589232386035,-0.06540312923014273,1,0,0,0
2026-06-16 17:50:00,17.833333333333332,-0.9990482215818578,-0.04361938736533613,1,0,0,0
2026-06-16 17:55:00,17.916666666666668,-0.9997620270799091,-0.021814885034560836,1,0,0,0
2026-06-16 18:00:00,18.0,-1.0,-1.8369701987210297e-16,1,0,0,0
2026-06-16 18:05:00,18.083333333333332,-0.9997620270799091,0.021814885034560468,1,0,0,0
2026-06-16 18:10:00,18.166666666666668,-0.9990482215818578,0.043619387365335764,1,0,0,0
2026-06-16 18:15:00,18.25,-0.9978589232386036,0.06540312923014237,1,0,0,0
2026-06-16 18:20:00,18.333333333333332,-0.9961946980917455,0.08715574274765789,1,0,0,0
2026-06-16 18:25:00,18.416666666666668,-0.9940563382223196,0.10886687485196471,1,0,0,0
2026-06-16 18:30:00,18.5,-0.9914448613738105,0.13052619222005127,1,0,0,0
2026-06-16 18:35:00,18.583333333333332,-0.9883615104677609,0.15212338618991592,1,0,0,0
2026-06-16 18:40:00,18.666666666666668,-0.984807753012208,0.17364817766693083,1,0,0,0
2026-06-16 18:45:00,18.75,-0.9807852804032304,0.1950903220161283,1,0,0,0
2026-06-16 18:50:00,18.833333333333332,-0.9762960071199335,0.21643961393810246,1,0,0,0
2026-06-16 18:55:00,18.916666666666668,-0.9713420698132614,0.23768589232617307,1,0,0,0
2026-06-16 19:00:00,19.0,-0.9659258262890684,0.2588190451025203,1,0,0,0
2026-06-16 19:05:00,19.083333333333332,-0.9600498543859287,0.279829014030992,1,0,0,0
2026-06-16 19:10:00,19.166666666666668,-0.9537169507482268,0.30070579950427345,1,0,0,0
2026-06-16 19:15:00,19.25,-0.9469301294951057,0.3214394653031615,1,0,0,0
2026-06-16 19:20:00,19.333333333333332,-0.9396926207859085,0.34202014332566816,1,0,0,0
2026-06-16 19:25:00,19.416666666666668,-0.9320078692827986,0.36243803828370147,1,0,0,0
2026-06-16 19:30:00,19.5,-0.923879532511287,0.38268343236508917,1,0,0,0
2026-06-16 19:35:00,19.583333333333332,-0.9153114791194472,0.402746689858737,1,0,0,0
2026-06-16 19:40:00,19.666666666666668,-0.9063077870366498,0.4226182617406996,1,0,0,0
2026-06-16 19:45:00,19.75,-0.8968727415326884,0.442288690219001,1,0,0,0
2026-06-16 19:50:00,19.833333333333332,-0.887010833178222,0.46174861323503325,1,0,0,0
2026-06-16 19:55:00,19.916666666666668,-0.8767267557075075,0.48098876891938813,1,0,0,0
2026-06-16 20:00:00,20.0,-0.8660254037844386,0.5000000000000001,1,0,0,0
2026-06-16 20:05:00,20.083333333333332,-0.8549118706729468,0.5187732581605211,1,0,0,0
2026-06-16 20:10:00,20.166666666666668,-0.8433914458128857,0.5372996083468239,1,0,0,0
2026-06-16 20:15:00,20.25,-0.8314696123025455,0.5555702330196018,1,0,0,0
2026-06-16 20:20:00,20.333333333333332,-0.8191520442889918,0.573576436351046,1,0,0,0
2026-06-16 20:25:00,20.416666666666668,-0.8064446042674829,0.591309648363582,1,0,0,0
2026-06-16 20:30:00,20.5,-0.7933533402912357,0.6087614290087199,1,0,0,0
2026-06-16 20:35:00,20.583333333333332,-0.7798844830928816,0.6259234721840593,1,0,0,0
2026-06-16 20:40:00,20.666666666666668,-0.7660444431189781,0.6427876096865393,1,0,0,0
2026-06-16 20:45:00,20.75,-0.7518398074789772,0.6593458151000691,1,0,0,0
2026-06-16 20:50:00,20.833333333333332,-0.7372773368101242,0.6755902076156601,1,0,0,0
2026-06-16 20:55:00,20.916666666666668,-0.7223639620597554,0.6915130557822695,1,0,0,0
2026-06-16 21:00:00,21.0,-0.7071067811865477,0.7071067811865474,1,0,0,0
2026-06-16 21:05:00,21.083333333333332,-0.6915130557822698,0.7223639620597551,1,0,0,0
2026-06-16 21:10:00,21.166666666666668,-0.6755902076156598,0.7372773368101244,1,0,0,0
2026-06-16 21:15:00,21.25,-0.6593458151000687,0.7518398074789775,1,0,0,0
2026-06-16 21:20:00,21.333333333333332,-0.6427876096865396,0.7660444431189778,1,0,0,0
2026-06-16 21:25:00,21.416666666666668,-0.625923472184059,0.7798844830928818,1,0,0,0
2026-06-16 21:30:00,21.5,-0.608761429008721,0.7933533402912349,1,0,0,0
2026-06-16 21:35:00,21.583333333333332,-0.591309648363583,0.8064446042674821,1,0,0,0
2026-06-16 21:40:00,21.666666666666668,-0.5735764363510465,0.8191520442889916,1,0,0,0
2026-06-16 21:45:00,21.75,-0.555570233019603,0.8314696123025447,1,0,0,0
2026-06-16 21:50:00,21.833333333333332,-0.537299608346825,0.8433914458128849,1,0,0,0
2026-06-16 21:55:00,21.916666666666668,-0.5187732581605214,0.8549118706729466,1,0,0,0
2026-06-16 22:00:00,22.0,-0.5000000000000004,0.8660254037844384,1,0,0,0
2026-06-16 22:05:00,22.083333333333332,-0.48098876891938774,0.8767267557075077,1,0,0,0
2026-06-16 22:10:00,22.166666666666668,-0.46174861323503363,0.8870108331782218,1,0,0,0
2026-06-16 22:15:00,22.25,-0.4422886902190014,0.8968727415326883,1,0,0,0
2026-06-16 22:20:00,22.333333333333332,-0.4226182617407,0.9063077870366497,1,0,0,0
2026-06-16 22:25:00,22.416666666666668,-0.40274668985873663,0.9153114791194474,1,0,0,0
2026-06-16 22:30:00,22.5,-0.38268343236508956,0.9238795325112868,1,0,0,0
2026-06-16 22:35:00,22.583333333333332,-0.36243803828370186,0.9320078692827984,1,0,0,0
2026-06-16 22:40:00,22.666666666666668,-0.3420201433256686,0.9396926207859084,1,0,0,0
2026-06-16 22:45:00,22.75,-0.32143946530316186,0.9469301294951056,1,0,0,0
2026-06-16 22:50:00,22.833333333333332,-0.30070579950427384,0.9537169507482267,1,0,0,0
2026-06-16 22:55:00,22.916666666666668,-0.2798290140309924,0.9600498543859286,1,0,0,0
2026-06-16 23:00:00,23.0,-0.25881904510252157,0.9659258262890681,1,0,0,0
2026-06-16 23:05:00,23.083333333333332,-0.23768589232617435,0.9713420698132611,1,0,0,0
2026-06-16 23:10:00,23.166666666666668,-0.21643961393810288,0.9762960071199334,1,0,0,0
2026-06-16 23:15:00,23.25,-0.19509032201612872,0.9807852804032303,1,0,0,0
2026-06-16 23:20:00,23.333333333333332,-0.1736481776669304,0.984807753012208,1,0,0,0
2026-06-16 23:25:00,23.416666666666668,-0.1521233861899172,0.9883615104677607,1,0,0,0
2026-06-16 23:30:00,23.5,-0.13052619222005168,0.9914448613738104,1,0,0,0
2026-06-16 23:35:00,23.583333333333332,-0.10886687485196514,0.9940563382223195,1,0,0,0
2026-06-16 23:40:00,23.666666666666668,-0.08715574274765743,0.9961946980917455,1,0,0,0
2026-06-16 23:45:00,23.75,-0.0654031292301428,0.9978589232386035,1,0,0,0
2026-06-16 23:50:00,23.833333333333332,-0.043619387365336194,0.9990482215818578,1,0,0,0
2026-06-16 23:55:00,23.916666666666668,-0.0218148850345609,0.9997620270799091,1,0,0,0
2026-06-17 00:00:00,0.0,0.0,1.0,2,0,0,0
2026-06-17 00:05:00,0.08333333333333333,0.02181488503456112,0.9997620270799091,2,0,0,0
2026-06-17 00:10:00,0.16666666666666666,0.043619387365336,0.9990482215818578,2,0,0,0
2026-06-17 00:15:00,0.25,0.06540312923014306,0.9978589232386035,2,0,0,0
2026-06-17 00:20:00,0.3333333333333333,0.08715574274765817,0.9961946980917455,2,0,0,0
2026-06-17 00:25:00,0.4166666666666667,0.10886687485196457,0.9940563382223196,2,0,0,0
2026-06-17 00:30:00,0.5,0.13052619222005157,0.9914448613738104,2,0,0,0
2026-06-17 00:35:00,0.5833333333333334,0.15212338618991672,0.9883615104677607,2,0,0,0
2026-06-17 00:40:00,0.6666666666666666,0.17364817766693033,0.984807753012208,2,0,0,0
2026-06-17 00:45:00,0.75,0.19509032201612825,0.9807852804032304,2,0,0,0
2026-06-17 00:50:00,0.8333333333333334,0.21643961393810288,0.9762960071199334,2,0,0,0
2026-06-17 00:55:00,0.9166666666666666,0.23768589232617307,0.9713420698132614,2,0,0,0
2026-06-17 01:00:00,1.0,0.25881904510252074,0.9659258262890683,2,0,0,0
2026-06-17 01:05:00,1.0833333333333333,0.27982901403099203,0.9600498543859287,2,0,0,0
2026-06-17 01:10:00,1.1666666666666667,0.3007057995042732,0.9537169507482269,2,0,0,0
2026-06-17 01:15:00,1.25,0.3214394653031616,0.9469301294951057,2,0,0,0
2026-06-17 01:20:00,1.3333333333333333,0.3420201433256687,0.9396926207859084,2,0,0,0
2026-06-17 01:25:00,1.4166666666666667,0.36243803828370164,0.9320078692827986,2,0,0,0
2026-06-17 01:30:00,1.5,0.3826834323650898,0.9238795325112867,2,0,0,0
2026-06-17 01:35:00,1.5833333333333335,0.40274668985873724,0.9153114791194471,2,0,0,0
2026-06-17 01:40:00,1.6666666666666665,0.4226182617406994,0.9063077870366499,2,0,0,0
2026-06-17 01:45:00,1.75,0.44228869021900125,0.8968727415326884,2,0,0,0
2026-06-17 01:50:00,1.8333333333333335,0.46174861323503397,0.8870108331782217,2,0,0,0
2026-06-17 01:55:00,1.9166666666666665,0.48098876891938763,0.8767267557075077,2,0,0,0
2026-06-17 02:00:00,2.0,0.49999999999999994,0.8660254037844387,2,0,0,0
2026-06-17 02:05:00,2.0833333333333335,0.5187732581605214,0.8549118706729466,2,0,0,0
2026-06-17 02:10:00,2.1666666666666665,0.5372996083468238,0.8433914458128857,2,0,0,0
2026-06-17 02:15:00,2.25,0.5555702330196022,0.8314696123025452,2,0,0,0
2026-06-17 02:20:00,2.3333333333333335,0.5735764363510462,0.8191520442889918,2,0,0,0
2026-06-17 02:25:00,2.4166666666666665,0.5913096483635824,0.8064446042674827,2,0,0,0
2026-06-17 02:30:00,2.5,0.6087614290087207,0.7933533402912352,2,0,0,0
2026-06-17 02:35:00,2.5833333333333335,0.6259234721840591,0.7798844830928818,2,0,0,0
2026-06-17 02:40:00,2.6666666666666665,0.6427876096865393,0.766044443118978,2,0,0,0
2026-06-17 02:45:00,2.75,0.6593458151000688,0.7518398074789774,2,0,0,0
2026-06-17 02:50:00,2.8333333333333335,0.6755902076156602,0.7372773368101241,2,0,0,0
2026-06-17 02:55:00,2.9166666666666665,0.6915130557822694,0.7223639620597556,2,0,0,0
2026-06-17 03:00:00,3.0,0.7071067811865476,0.7071067811865476,2,0,0,0
2026-06-17 03:05:00,3.0833333333333335,0.7223639620597555,0.6915130557822694,2,0,0,0
2026-06-17 03:10:00,3.1666666666666665,0.737277336810124,0.6755902076156602,2,0,0,0
2026-06-17 03:15:00,3.25,0.7518398074789774,0.6593458151000688,2,0,0,0
2026-06-17 03:20:00,3.3333333333333335,0.766044443118978,0.6427876096865394,2,0,0,0
2026-06-17 03:25:00,3.4166666666666665,0.7798844830928817,0.6259234721840591,2,0,0,0
2026-06-17 03:30:00,3.5,0.7933533402912352,0.6087614290087207,2,0,0,0
2026-06-17 03:35:00,3.5833333333333335,0.8064446042674825,0.5913096483635825,2,0,0,0
2026-06-17 03:40:00,3.6666666666666665,0.8191520442889917,0.5735764363510462,2,0,0,0
2026-06-17 03:45:00,3.75,0.8314696123025451,0.5555702330196024,2,0,0,0
2026-06-17 03:50:00,3.8333333333333335,0.8433914458128856,0.5372996083468239,2,0,0,0
2026-06-17 03:55:00,3.9166666666666665,0.8549118706729466,0.5187732581605216,2,0,0,0
2026-06-17 04:00:00,4.0,0.8660254037844386,0.5000000000000001,2,0,0,0
2026-06-17 04:05:00,4.083333333333333,0.8767267557075077,0.48098876891938774,2,0,0,0
2026-06-17 04:10:00,4.166666666666667,0.8870108331782217,0.46174861323503386,2,0,0,0
2026-06-17 04:15:00,4.25,0.8968727415326884,0.44228869021900125,2,0,0,0
2026-06-17 04:20:00,4.333333333333333,0.9063077870366498,0.4226182617406996,2,0,0,0
2026-06-17 04:25:00,4.416666666666667,0.9153114791194471,0.40274668985873724,2,0,0,0
2026-06-17 04:30:00,4.5,0.9238795325112867,0.38268343236508984,2,0,0,0
2026-06-17 04:35:00,4.583333333333333,0.9320078692827984,0.3624380382837017,2,0,0,0
2026-06-17 04:40:00,4.666666666666667,0.9396926207859084,0.3420201433256686,2,0,0,0
2026-06-17 04:45:00,4.75,0.9469301294951056,0.3214394653031617,2,0,0,0
2026-06-17 04:50:00,4.833333333333333,0.9537169507482268,0.3007057995042733,2,0,0,0
2026-06-17 04:55:00,4.916666666666667,0.9600498543859287,0.27982901403099203,2,0,0,0
2026-06-17 05:00:00,5.0,0.9659258262890683,0.25881904510252074,2,0,0,0
2026-06-17 05:05:00,5.083333333333333,0.9713420698132614,0.2376858923261731,2,0,0,0
2026-06-17 05:10:00,5.166666666666667,0.9762960071199334,0.2164396139381029,2,0,0,0
2026-06-17 05:15:00,5.25,0.9807852804032304,0.19509032201612833,2,0,0,0
2026-06-17 05:20:00,5.333333333333333,0.984807753012208,0.17364817766693041,2,0,0,0
2026-06-17 05:25:00,5.416666666666667,0.9883615104677607,0.1521233861899168,2,0,0,0
2026-06-17 05:30:00,5.5,0.9914448613738104,0.1305261922200517,2,0,0,0
2026-06-17 05:35:00,5.583333333333333,0.9940563382223196,0.10886687485196474,2,0,0,0
2026-06-17 05:40:00,5.666666666666667,0.9961946980917455,0.08715574274765814,2,0,0,0
2026-06-17 05:45:00,5.75,0.9978589232386035,0.06540312923014327,2,0,0,0
2026-06-17 05:50:00,5.833333333333333,0.9990482215818578,0.04361938736533601,2,0,0,0
2026-06-17 05:55:00,5.916666666666667,0.9997620270799091,0.021814885034560937,2,0,0,0
2026-06-17 06:00:00,6.0,1.0,6.123233995736766e-17,2,0,0,0
2026-06-17 06:05:00,6.083333333333333,0.9997620270799091,-0.02181488503456081,2,0,0,0
2026-06-17 06:10:00,6.166666666666667,0.9990482215818578,-0.04361938736533589,2,0,0,0
2026-06-17 06:15:00,6.25,0.9978589232386035,-0.06540312923014314,2,0,0,0
2026-06-17 06:20:00,6.333333333333333,0.9961946980917455,-0.08715574274765801,2,0,0,0
2026-06-17 06:25:00,6.416666666666667,0.9940563382223196,-0.10886687485196461,2,0,0,0
2026-06-17 06:30:00,6.5,0.9914448613738104,-0.1305261922200516,2,0,0,0
2026-06-17 06:35:00,6.583333333333333,0.9883615104677607,-0.1521233861899167,2,0,0,0
2026-06-17 06:40:00,6.666666666666667,0.984807753012208,-0.1736481776669303,2,0,0,0
2026-06-17 06:45:00,6.75,0.9807852804032304,-0.1950903220161282,2,0,0,0
2026-06-17 06:50:00,6.833333333333333,0.9762960071199334,-0.2164396139381028,2,0,0,0
2026-06-17 06:55:00,6.916666666666667,0.9713420698132614,-0.23768589232617318,2,0,0,0
2026-06-17 07:00:00,7.0,0.9659258262890683,-0.25881904510252063,2,0,0,0
2026-06-17 07:05:00,7.083333333333333,0.9600498543859287,-0.2798290140309919,2,0,0,0
2026-06-17 07:10:00,7.166666666666667,0.9537169507482269,-0.30070579950427295,2,0,0,0
2026-06-17 07:15:00,7.25,0.9469301294951057,-0.3214394653031616,2,0,0,0
2026-06-17 07:20:00,7.333333333333333,0.9396926207859084,-0.3420201433256685,2,0,0,0
2026-06-17 07:25:00,7.416666666666667,0.9320078692827986,-0.3624380382837016,2,0,0,0
2026-06-17 07:30:00,7.5,0.9238795325112868,-0.3826834323650895,2,0,0,0
2026-06-17 07:35:00,7.583333333333333,0.9153114791194472,-0.40274668985873713,2,0,0,0
2026-06-17 07:40:00,7.666666666666667,0.90630778703665,-0.42261826174069933,2,0,0,0
2026-06-17 07:45:00,7.75,0.8968727415326884,-0.44228869021900113,2,0,0,0
2026-06-17 07:50:00,7.833333333333333,0.8870108331782218,-0.4617486132350338,2,0,0,0
2026-06-17 07:55:00,7.916666666666667,0.8767267557075076,-0.48098876891938785,2,0,0,0
2026-06-17 08:00:00,8.0,0.8660254037844387,-0.4999999999999998,2,0,0,0
2026-06-17 08:05:00,8.083333333333334,0.8549118706729465,-0.5187732581605216,2,0,0,0
2026-06-17 08:10:00,8.166666666666666,0.8433914458128858,-0.5372996083468236,2,0,0,0
2026-06-17 08:15:00,8.25,0.8314696123025451,-0.5555702330196023,2,0,0,0
2026-06-17 08:20:00,8.333333333333334,0.8191520442889917,-0.5735764363510462,2,0,0,0
2026-06-17 08:25:00,8.416666666666666,0.8064446042674828,-0.5913096483635821,2,0,0,0
2026-06-17 08:30:00,8.5,0.7933533402912352,-0.6087614290087207,2,0,0,0
2026-06-17 08:35:00,8.583333333333334,0.7798844830928817,-0.6259234721840591,2,0,0,0
2026-06-17 08:40:00,8.666666666666666,0.7660444431189783,-0.642787609686539,2,0,0,0
2026-06-17 08:45:00,8.75,0.7518398074789774,-0.6593458151000688,2,0,0,0
2026-06-17 08:50:00,8.833333333333334,0.7372773368101241,-0.6755902076156602,2,0,0,0
2026-06-17 08:55:00,8.916666666666666,0.7223639620597556,-0.6915130557822693,2,0,0,0
2026-06-17 09:00:00,9.0,0.7071067811865476,-0.7071067811865475,2,0,0,0
2026-06-17 09:05:00,9.083333333333334,0.6915130557822694,-0.7223639620597555,2,0,0,0
2026-06-17 09:10:00,9.166666666666666,0.6755902076156604,-0.737277336810124,2,0,0,0
2026-06-17 09:15:00,9.25,0.659345815100069,-0.7518398074789773,2,0,0,0
2026-06-17 09:20:00,9.333333333333334,0.6427876096865391,-0.7660444431189782,2,0,0,0
2026-06-17 09:25:00,9.416666666666666,0.6259234721840592,-0.7798844830928817,2,0,0,0
2026-06-17 09:30:00,9.5,0.6087614290087209,-0.793353340291235,2,0,0,0
2026-06-17 09:35:00,9.583333333333334,0.5913096483635822,-0.8064446042674827,2,0,0,0
2026-06-17 09:40:00,9.666666666666666,0.5735764363510464,-0.8191520442889916,2,0,0,0
2026-06-17 09:45:00,9.75,0.5555702330196025,-0.831469612302545,2,0,0,0
2026-06-17 09:50:00,9.833333333333334,0.5372996083468238,-0.8433914458128857,2,0,0,0
2026-06-17 09:55:00,9.916666666666666,0.5187732581605218,-0.8549118706729464,2,0,0,0
2026-06-17 10:00:00,10.0,0.49999999999999994,-0.8660254037844387,2,0,0,0
2026-06-17 10:05:00,10.083333333333334,0.48098876891938763,-0.8767267557075077,2,0,0,0
2026-06-17 10:10:00,10.166666666666666,0.4617486132350339,-0.8870108331782217,2,0,0,0
2026-06-17 10:15:00,10.25,0.4422886902190017,-0.8968727415326881,2,0,0,0
2026-06-17 10:20:00,10.333333333333334,0.4226182617406995,-0.9063077870366499,2,0,0,0
2026-06-17 10:25:00,10.416666666666666,0.4027466898587373,-0.9153114791194471,2,0,0,0
2026-06-17 10:30:00,10.5,0.3826834323650899,-0.9238795325112867,2,0,0,0
2026-06-17 10:35:00,10.583333333333334,0.36243803828370136,-0.9320078692827987,2,0,0,0
2026-06-17 10:40:00,10.666666666666666,0.3420201433256689,-0.9396926207859083,2,0,0,0
2026-06-17 10:45:00,10.75,0.32143946530316175,-0.9469301294951056,2,0,0,0
2026-06-17 10:50:00,10.833333333333334,0.30070579950427334,-0.9537169507482268,2,0,0,0
2026-06-17 10:55:00,10.916666666666666,0.2798290140309927,-0.9600498543859285,2,0,0,0
2026-06-17 11:00:00,11.0,0.258819045102521,-0.9659258262890682,2,0,0,0
2026-06-17 11:05:00,11.083333333333334,0.23768589232617293,-0.9713420698132614,2,0,0,0
2026-06-17 11:10:00,11.166666666666666,0.21643961393810318,-0.9762960071199333,2,0,0,0
2026-06-17 11:15:00,11.25,0.19509032201612816,-0.9807852804032304,2,0,0,0
2026-06-17 11:20:00,11.333333333333334,0.17364817766693028,-0.984807753012208,2,0,0,0
2026-06-17 11:25:00,11.416666666666666,0.15212338618991708,-0.9883615104677607,2,0,0,0
2026-06-17 11:30:00,11.5,0.130526192220052,-0.9914448613738104,2,0,0,0
2026-06-17 11:35:00,11.583333333333334,0.10886687485196457,-0.9940563382223196,2,0,0,0
2026-06-17 11:40:00,11.666666666666666,0.0871557427476582,-0.9961946980917455,2,0,0,0
2026-06-17 11:45:00,11.75,0.06540312923014312,-0.9978589232386035,2,0,0,0
2026-06-17 11:50:00,11.833333333333334,0.043619387365335625,-0.9990482215818578,2,0,0,0
2026-06-17 11:55:00,11.916666666666666,0.021814885034561218,-0.9997620270799091,2,0,0,0
2026-06-17 12:00:00,12.0,1.2246467991473532e-16,-1.0,2,0,0,0
2026-06-17 12:05:00,12.083333333333334,-0.021814885034560975,-0.9997620270799091,2,0,0,0
2026-06-17 12:10:00,12.166666666666666,-0.04361938736533538,-0.9990482215818578,2,0,0,0
2026-06-17 12:15:00,12.25,-0.06540312923014287,-0.9978589232386035,2,0,0,0
2026-06-17 12:20:00,12.333333333333334,-0.08715574274765794,-0.9961946980917455,2,0,0,0
2026-06-17 12:25:00,12.416666666666666,-0.10886687485196432,-0.9940563382223196,2,0,0,0
2026-06-17 12:30:00,12.5,-0.13052619222005177,-0.9914448613738104,2,0,0,0
2026-06-17 12:35:00,12.583333333333334,-0.15212338618991683,-0.9883615104677607,2,0,0,0
2026-06-17 12:40:00,12.666666666666666,-0.17364817766693003,-0.9848077530122081,2,0,0,0
2026-06-17 12:45:00,12.75,-0.19509032201612792,-0.9807852804032305,2,0,0,0
2026-06-17 12:50:00,12.833333333333334,-0.21643961393810293,-0.9762960071199334,2,0,0,0
2026-06-17 12:55:00,12.916666666666666,-0.2376858923261727,-0.9713420698132615,2,0,0,0
2026-06-17 13:00:00,13.0,-0.2588190451025208,-0.9659258262890683,2,0,0,0
2026-06-17 13:05:00,13.083333333333334,-0.2798290140309925,-0.9600498543859286,2,0,0,0
2026-06-17 13:10:00,13.166666666666666,-0.30070579950427306,-0.9537169507482269,2,0,0,0
2026-06-17 13:15:00,13.25,-0.32143946530316153,-0.9469301294951057,2,0,0,0
2026-06-17 13:20:00,13.333333333333334,-0.34202014332566866,-0.9396926207859084,2,0,0,0
2026-06-17 13:25:00,13.416666666666666,-0.36243803828370114,-0.9320078692827987,2,0,0,0
2026-06-17 13:30:00,13.5,-0.38268343236508967,-0.9238795325112868,2,0,0,0
2026-06-17 13:35:00,13.583333333333334,-0.4027466898587371,-0.9153114791194472,2,0,0,0
2026-06-17 13:40:00,13.666666666666666,-0.4226182617406993,-0.90630778703665,2,0,0,0
2026-06-17 13:45:00,13.75,-0.44228869021900147,-0.8968727415326883,2,0,0,0
2026-06-17 13:50:00,13.833333333333334,-0.46174861323503413,-0.8870108331782216,2,0,0,0
2026-06-17 13:55:00,13.916666666666666,-0.4809887689193874,-0.8767267557075078,2,0,0,0
2026-06-17 14:00:00,14.0,-0.4999999999999997,-0.8660254037844388,2,0,0,0
2026-06-17 14:05:00,14.083333333333334,-0.5187732581605216,-0.8549118706729465,2,0,0,0
2026-06-17 14:10:00,14.166666666666666,-0.5372996083468236,-0.8433914458128858,2,0,0,0
2026-06-17 14:15:00,14.25,-0.555570233019602,-0.8314696123025455,2,0,0,0
2026-06-17 14:20:00,14.333333333333334,-0.5735764363510458,-0.819152044288992,2,0,0,0
2026-06-17 14:25:00,14.416666666666666,-0.5913096483635824,-0.8064446042674825,2,0,0,0
2026-06-17 14:30:00,14.5,-0.6087614290087207,-0.7933533402912352,2,0,0,0
2026-06-17 14:35:00,14.583333333333334,-0.6259234721840591,-0.7798844830928818,2,0,0,0
2026-06-17 14:40:00,14.666666666666666,-0.6427876096865389,-0.7660444431189783,2,0,0,0
2026-06-17 14:45:00,14.75,-0.6593458151000688,-0.7518398074789774,2,0,0,0
2026-06-17 14:50:00,14.833333333333334,-0.6755902076156601,-0.7372773368101241,2,0,0,0
2026-06-17 14:55:00,14.916666666666666,-0.691513055782269,-0.722363962059756,2,0,0,0
2026-06-17 15:00:00,15.0,-0.7071067811865471,-0.7071067811865479,2,0,0,0
2026-06-17 15:05:00,15.083333333333334,-0.7223639620597557,-0.6915130557822692,2,0,0,0
2026-06-17 15:10:00,15.166666666666666,-0.7372773368101239,-0.6755902076156604,2,0,0,0
2026-06-17 15:15:00,15.25,-0.7518398074789773,-0.6593458151000691,2,0,0,0
2026-06-17 15:20:00,15.333333333333334,-0.7660444431189779,-0.6427876096865395,2,0,0,0
2026-06-17 15:25:00,15.416666666666666,-0.7798844830928814,-0.6259234721840596,2,0,0,0
2026-06-17 15:30:00,15.5,-0.7933533402912349,-0.6087614290087209,2,0,0,0
2026-06-17 15:35:00,15.583333333333334,-0.8064446042674827,-0.5913096483635822,2,0,0,0
2026-06-17 15:40:00,15.666666666666666,-0.8191520442889916,-0.5735764363510464,2,0,0,0
2026-06-17 15:45:00,15.75,-0.8314696123025452,-0.5555702330196022,2,0,0,0
2026-06-17 15:50:00,15.833333333333334,-0.8433914458128859,-0.5372996083468234,2,0,0,0
2026-06-17 15:55:00,15.916666666666666,-0.8549118706729466,-0.5187732581605214,2,0,0,0
2026-06-17 16:00:00,16.0,-0.8660254037844385,-0.5000000000000004,2,0,0,0
2026-06-17 16:05:00,16.083333333333332,-0.8767267557075072,-0.48098876891938847,2,0,0,0
2026-06-17 16:10:00,16.166666666666668,-0.8870108331782218,-0.4617486132350336,2,0,0,0
2026-06-17 16:15:00,16.25,-0.8968727415326883,-0.44228869021900136,2,0,0,0
2026-06-17 16:20:00,16.333333333333332,-0.9063077870366497,-0.42261826174069994,2,0,0,0
2026-06-17 16:25:00,16.416666666666668,-0.9153114791194471,-0.40274668985873735,2,0,0,0
2026-06-17 16:30:00,16.5,-0.9238795325112868,-0.3826834323650895,2,0,0,0
2026-06-17 16:35:00,16.583333333333332,-0.9320078692827984,-0.3624380382837018,2,0,0,0
2026-06-17 16:40:00,16.666666666666668,-0.9396926207859084,-0.34202014332566855,2,0,0,0
2026-06-17 16:45:00,16.75,-0.9469301294951056,-0.3214394653031618,2,0,0,0
2026-06-17 16:50:00,16.833333333333332,-0.9537169507482267,-0.3007057995042738,2,0,0,0
2026-06-17 16:55:00,16.916666666666668,-0.9600498543859286,-0.27982901403099236,2,0,0,0
2026-06-17 17:00:00,17.0,-0.9659258262890683,-0.25881904510252063,2,0,0,0
2026-06-17 17:05:00,17.083333333333332,-0.9713420698132613,-0.23768589232617343,2,0,0,0
2026-06-17 17:10:00,17.166666666666668,-0.9762960071199334,-0.21643961393810282,2,0,0,0
2026-06-17 17:15:00,17.25,-0.9807852804032303,-0.19509032201612866,2,0,0,0
2026-06-17 17:20:00,17.333333333333332,-0.9848077530122079,-0.1736481776669312,2,0,0,0
2026-06-17 17:25:00,17.416666666666668,-0.9883615104677608,-0.15212338618991628,2,0,0,0
2026-06-17 17:30:00,17.5,-0.9914448613738104,-0.13052619222005163,2,0,0,0
2026-06-17 17:35:00,17.583333333333332,-0.9940563382223195,-0.10886687485196507,2,0,0,0
2026-06-17 17:40:00,17.666666666666668,-0.9961946980917455,-0.08715574274765825,2,0,0,0
2026-06-17 17:45:00,17.75,-0.9978589232386035,-0.06540312923014273,2,0,0,0
2026-06-17 17:50:00,17.833333333333332,-0.9990482215818578,-0.04361938736533613,2,0,0,0
2026-06-17 17:55:00,17.916666666666668,-0.9997620270799091,-0.021814885034560836,2,0,0,0
2026-06-17 18:00:00,18.0,-1.0,-1.8369701987210297e-16,2,0,0,0
2026-06-17 18:05:00,18.083333333333332,-0.9997620270799091,0.021814885034560468,2,0,0,0
2026-06-17 18:10:00,18.166666666666668,-0.9990482215818578,0.043619387365335764,2,0,0,0
2026-06-17 18:15:00,18.25,-0.9978589232386036,0.06540312923014237,2,0,0,0
2026-06-17 18:20:00,18.333333333333332,-0.9961946980917455,0.08715574274765789,2,0,0,0
2026-06-17 18:25:00,18.416666666666668,-0.9940563382223196,0.10886687485196471,2,0,0,0
2026-06-17 18:30:00,18.5,-0.9914448613738105,0.13052619222005127,2,0,0,0
2026-06-17 18:35:00,18.583333333333332,-0.9883615104677609,0.15212338618991592,2,0,0,0
2026-06-17 18:40:00,18.666666666666668,-0.984807753012208,0.17364817766693083,2,0,0,0
2026-06-17 18:45:00,18.75,-0.9807852804032304,0.1950903220161283,2,0,0,0
2026-06-17 18:50:00,18.833333333333332,-0.9762960071199335,0.21643961393810246,2,0,0,0
2026-06-17 18:55:00,18.916666666666668,-0.9713420698132614,0.23768589232617307,2,0,0,0
2026-06-17 19:00:00,19.0,-0.9659258262890684,0.2588190451025203,2,0,0,0
2026-06-17 19:05:00,19.083333333333332,-0.9600498543859287,0.279829014030992,2,0,0,0
2026-06-17 19:10:00,19.166666666666668,-0.9537169507482268,0.30070579950427345,2,0,0,0
2026-06-17 19:15:00,19.25,-0.9469301294951057,0.3214394653031615,2,0,0,0
2026-06-17 19:20:00,19.333333333333332,-0.9396926207859085,0.34202014332566816,2,0,0,0
2026-06-17 19:25:00,19.416666666666668,-0.9320078692827986,0.36243803828370147,2,0,0,0
2026-06-17 19:30:00,19.5,-0.923879532511287,0.38268343236508917,2,0,0,0
2026-06-17 19:35:00,19.583333333333332,-0.9153114791194472,0.402746689858737,2,0,0,0
2026-06-17 19:40:00,19.666666666666668,-0.9063077870366498,0.4226182617406996,2,0,0,0
2026-06-17 19:45:00,19.75,-0.8968727415326884,0.442288690219001,2,0,0,0
2026-06-17 19:50:00,19.833333333333332,-0.887010833178222,0.46174861323503325,2,0,0,0
2026-06-17 19:55:00,19.916666666666668,-0.8767267557075075,0.48098876891938813,2,0,0,0
2026-06-17 20:00:00,20.0,-0.8660254037844386,0.5000000000000001,2,0,0,0
2026-06-17 20:05:00,20.083333333333332,-0.8549118706729468,0.5187732581605211,2,0,0,0
2026-06-17 20:10:00,20.166666666666668,-0.8433914458128857,0.5372996083468239,2,0,0,0
2026-06-17 20:15:00,20.25,-0.8314696123025455,0.5555702330196018,2,0,0,0
2026-06-17 20:20:00,20.333333333333332,-0.8191520442889918,0.573576436351046,2,0,0,0
2026-06-17 20:25:00,20.416666666666668,-0.8064446042674829,0.591309648363582,2,0,0,0
2026-06-17 20:30:00,20.5,-0.7933533402912357,0.6087614290087199,2,0,0,0
2026-06-17 20:35:00,20.583333333333332,-0.7798844830928816,0.6259234721840593,2,0,0,0
2026-06-17 20:40:00,20.666666666666668,-0.7660444431189781,0.6427876096865393,2,0,0,0
2026-06-17 20:45:00,20.75,-0.7518398074789772,0.6593458151000691,2,0,0,0
2026-06-17 20:50:00,20.833333333333332,-0.7372773368101242,0.6755902076156601,2,0,0,0
2026-06-17 20:55:00,20.916666666666668,-0.7223639620597554,0.6915130557822695,2,0,0,0
2026-06-17 21:00:00,21.0,-0.7071067811865477,0.7071067811865474,2,0,0,0
2026-06-17 21:05:00,21.083333333333332,-0.6915130557822698,0.7223639620597551,2,0,0,0
2026-06-17 21:10:00,21.166666666666668,-0.6755902076156598,0.7372773368101244,2,0,0,0
2026-06-17 21:15:00,21.25,-0.6593458151000687,0.7518398074789775,2,0,0,0
2026-06-17 21:20:00,21.333333333333332,-0.6427876096865396,0.7660444431189778,2,0,0,0
2026-06-17 21:25:00,21.416666666666668,-0.625923472184059,0.7798844830928818,2,0,0,0
2026-06-17 21:30:00,21.5,-0.608761429008721,0.7933533402912349,2,0,0,0
2026-06-17 21:35:00,21.583333333333332,-0.591309648363583,0.8064446042674821,2,0,0,0
2026-06-17 21:40:00,21.666666666666668,-0.5735764363510465,0.8191520442889916,2,0,0,0
2026-06-17 21:45:00,21.75,-0.555570233019603,0.8314696123025447,2,0,0,0
2026-06-17 21:50:00,21.833333333333332,-0.537299608346825,0.8433914458128849,2,0,0,0
2026-06-17 21:55:00,21.916666666666668,-0.5187732581605214,0.8549118706729466,2,0,0,0
2026-06-17 22:00:00,22.0,-0.5000000000000004,0.8660254037844384,2,0,0,0
2026-06-17 22:05:00,22.083333333333332,-0.48098876891938774,0.8767267557075077,2,0,0,0
2026-06-17 22:10:00,22.166666666666668,-0.46174861323503363,0.8870108331782218,2,0,0,0
2026-06-17 22:15:00,22.25,-0.4422886902190014,0.8968727415326883,2,0,0,0
2026-06-17 22:20:00,22.333333333333332,-0.4226182617407,0.9063077870366497,2,0,0,0
2026-06-17 22:25:00,22.416666666666668,-0.40274668985873663,0.9153114791194474,2,0,0,0
2026-06-17 22:30:00,22.5,-0.38268343236508956,0.9238795325112868,2,0,0,0
2026-06-17 22:35:00,22.583333333333332,-0.36243803828370186,0.9320078692827984,2,0,0,0
2026-06-17 22:40:00,22.666666666666668,-0.3420201433256686,0.9396926207859084,2,0,0,0
2026-06-17 22:45:00,22.75,-0.32143946530316186,0.9469301294951056,2,0,0,0
2026-06-17 22:50:00,22.833333333333332,-0.30070579950427384,0.9537169507482267,2,0,0,0
2026-06-17 22:55:00,22.916666666666668,-0.2798290140309924,0.9600498543859286,2,0,0,0
2026-06-17 23:00:00,23.0,-0.25881904510252157,0.9659258262890681,2,0,0,0
2026-06-17 23:05:00,23.083333333333332,-0.23768589232617435,0.9713420698132611,2,0,0,0
2026-06-17 23:10:00,23.166666666666668,-0.21643961393810288,0.9762960071199334,2,0,0,0
2026-06-17 23:15:00,23.25,-0.19509032201612872,0.9807852804032303,2,0,0,0
2026-06-17 23:20:00,23.333333333333332,-0.1736481776669304,0.984807753012208,2,0,0,0
2026-06-17 23:25:00,23.416666666666668,-0.1521233861899172,0.9883615104677607,2,0,0,0
2026-06-17 23:30:00,23.5,-0.13052619222005168,0.9914448613738104,2,0,0,0
2026-06-17 23:35:00,23.583333333333332,-0.10886687485196514,0.9940563382223195,2,0,0,0
2026-06-17 23:40:00,23.666666666666668,-0.08715574274765743,0.9961946980917455,2,0,0,0
2026-06-17 23:45:00,23.75,-0.0654031292301428,0.9978589232386035,2,0,0,0
2026-06-17 23:50:00,23.833333333333332,-0.043619387365336194,0.9990482215818578,2,0,0,0
2026-06-17 23:55:00,23.916666666666668,-0.0218148850345609,0.9997620270799091,2,0,0,0
2026-06-18 00:00:00,0.0,0.0,1.0,3,0,0,0
2026-06-18 00:05:00,0.08333333333333333,0.02181488503456112,0.9997620270799091,3,0,0,0
2026-06-18 00:10:00,0.16666666666666666,0.043619387365336,0.9990482215818578,3,0,0,0
2026-06-18 00:15:00,0.25,0.06540312923014306,0.9978589232386035,3,0,0,0
2026-06-18 00:20:00,0.3333333333333333,0.08715574274765817,0.9961946980917455,3,0,0,0
2026-06-18 00:25:00,0.4166666666666667,0.10886687485196457,0.9940563382223196,3,0,0,0
2026-06-18 00:30:00,0.5,0.13052619222005157,0.9914448613738104,3,0,0,0
2026-06-18 00:35:00,0.5833333333333334,0.15212338618991672,0.9883615104677607,3,0,0,0
2026-06-18 00:40:00,0.6666666666666666,0.17364817766693033,0.984807753012208,3,0,0,0
2026-06-18 00:45:00,0.75,0.19509032201612825,0.9807852804032304,3,0,0,0
2026-06-18 00:50:00,0.8333333333333334,0.21643961393810288,0.9762960071199334,3,0,0,0
2026-06-18 00:55:00,0.9166666666666666,0.23768589232617307,0.9713420698132614,3,0,0,0
2026-06-18 01:00:00,1.0,0.25881904510252074,0.9659258262890683,3,0,0,0
2026-06-18 01:05:00,1.0833333333333333,0.27982901403099203,0.9600498543859287,3,0,0,0
2026-06-18 01:10:00,1.1666666666666667,0.3007057995042732,0.9537169507482269,3,0,0,0
2026-06-18 01:15:00,1.25,0.3214394653031616,0.9469301294951057,3,0,0,0
2026-06-18 01:20:00,1.3333333333333333,0.3420201433256687,0.9396926207859084,3,0,0,0
2026-06-18 01:25:00,1.4166666666666667,0.36243803828370164,0.9320078692827986,3,0,0,0
2026-06-18 01:30:00,1.5,0.3826834323650898,0.9238795325112867,3,0,0,0
2026-06-18 01:35:00,1.5833333333333335,0.40274668985873724,0.9153114791194471,3,0,0,0
2026-06-18 01:40:00,1.6666666666666665,0.4226182617406994,0.9063077870366499,3,0,0,0
2026-06-18 01:45:00,1.75,0.44228869021900125,0.8968727415326884,3,0,0,0
2026-06-18 01:50:00,1.8333333333333335,0.46174861323503397,0.8870108331782217,3,0,0,0
2026-06-18 01:55:00,1.9166666666666665,0.48098876891938763,0.8767267557075077,3,0,0,0
2026-06-18 02:00:00,2.0,0.49999999999999994,0.8660254037844387,3,0,0,0
2026-06-18 02:05:00,2.0833333333333335,0.5187732581605214,0.8549118706729466,3,0,0,0
2026-06-18 02:10:00,2.1666666666666665,0.5372996083468238,0.8433914458128857,3,0,0,0
2026-06-18 02:15:00,2.25,0.5555702330196022,0.8314696123025452,3,0,0,0
2026-06-18 02:20:00,2.3333333333333335,0.5735764363510462,0.8191520442889918,3,0,0,0
2026-06-18 02:25:00,2.4166666666666665,0.5913096483635824,0.8064446042674827,3,0,0,0
2026-06-18 02:30:00,2.5,0.6087614290087207,0.7933533402912352,3,0,0,0
2026-06-18 02:35:00,2.5833333333333335,0.6259234721840591,0.7798844830928818,3,0,0,0
2026-06-18 02:40:00,2.6666666666666665,0.6427876096865393,0.766044443118978,3,0,0,0
2026-06-18 02:45:00,2.75,0.6593458151000688,0.7518398074789774,3,0,0,0
2026-06-18 02:50:00,2.8333333333333335,0.6755902076156602,0.7372773368101241,3,0,0,0
2026-06-18 02:55:00,2.9166666666666665,0.6915130557822694,0.7223639620597556,3,0,0,0
2026-06-18 03:00:00,3.0,0.7071067811865476,0.7071067811865476,3,0,0,0
2026-06-18 03:05:00,3.0833333333333335,0.7223639620597555,0.6915130557822694,3,0,0,0
2026-06-18 03:10:00,3.1666666666666665,0.737277336810124,0.6755902076156602,3,0,0,0
2026-06-18 03:15:00,3.25,0.7518398074789774,0.6593458151000688,3,0,0,0
2026-06-18 03:20:00,3.3333333333333335,0.766044443118978,0.6427876096865394,3,0,0,0
2026-06-18 03:25:00,3.4166666666666665,0.7798844830928817,0.6259234721840591,3,0,0,0
2026-06-18 03:30:00,3.5,0.7933533402912352,0.6087614290087207,3,0,0,0
2026-06-18 03:35:00,3.5833333333333335,0.8064446042674825,0.5913096483635825,3,0,0,0
2026-06-18 03:40:00,3.6666666666666665,0.8191520442889917,0.5735764363510462,3,0,0,0
2026-06-18 03:45:00,3.75,0.8314696123025451,0.5555702330196024,3,0,0,0
2026-06-18 03:50:00,3.8333333333333335,0.8433914458128856,0.5372996083468239,3,0,0,0
2026-06-18 03:55:00,3.9166666666666665,0.8549118706729466,0.5187732581605216,3,0,0,0
2026-06-18 04:00:00,4.0,0.8660254037844386,0.5000000000000001,3,0,0,0
2026-06-18 04:05:00,4.083333333333333,0.8767267557075077,0.48098876891938774,3,0,0,0
2026-06-18 04:10:00,4.166666666666667,0.8870108331782217,0.46174861323503386,3,0,0,0
2026-06-18 04:15:00,4.25,0.8968727415326884,0.44228869021900125,3,0,0,0
2026-06-18 04:20:00,4.333333333333333,0.9063077870366498,0.4226182617406996,3,0,0,0
2026-06-18 04:25:00,4.416666666666667,0.9153114791194471,0.40274668985873724,3,0,0,0
2026-06-18 04:30:00,4.5,0.9238795325112867,0.38268343236508984,3,0,0,0
2026-06-18 04:35:00,4.583333333333333,0.9320078692827984,0.3624380382837017,3,0,0,0
2026-06-18 04:40:00,4.666666666666667,0.9396926207859084,0.3420201433256686,3,0,0,0
2026-06-18 04:45:00,4.75,0.9469301294951056,0.3214394653031617,3,0,0,0
2026-06-18 04:50:00,4.833333333333333,0.9537169507482268,0.3007057995042733,3,0,0,0
2026-06-18 04:55:00,4.916666666666667,0.9600498543859287,0.27982901403099203,3,0,0,0
2026-06-18 05:00:00,5.0,0.9659258262890683,0.25881904510252074,3,0,0,0
2026-06-18 05:05:00,5.083333333333333,0.9713420698132614,0.2376858923261731,3,0,0,0
2026-06-18 05:10:00,5.166666666666667,0.9762960071199334,0.2164396139381029,3,0,0,0
2026-06-18 05:15:00,5.25,0.9807852804032304,0.19509032201612833,3,0,0,0
2026-06-18 05:20:00,5.333333333333333,0.984807753012208,0.17364817766693041,3,0,0,0
2026-06-18 05:25:00,5.416666666666667,0.9883615104677607,0.1521233861899168,3,0,0,0
2026-06-18 05:30:00,5.5,0.9914448613738104,0.1305261922200517,3,0,0,0
2026-06-18 05:35:00,5.583333333333333,0.9940563382223196,0.10886687485196474,3,0,0,0
2026-06-18 05:40:00,5.666666666666667,0.9961946980917455,0.08715574274765814,3,0,0,0
2026-06-18 05:45:00,5.75,0.9978589232386035,0.06540312923014327,3,0,0,0
2026-06-18 05:50:00,5.833333333333333,0.9990482215818578,0.04361938736533601,3,0,0,0
2026-06-18 05:55:00,5.916666666666667,0.9997620270799091,0.021814885034560937,3,0,0,0
2026-06-18 06:00:00,6.0,1.0,6.123233995736766e-17,3,0,0,0
2026-06-18 06:05:00,6.083333333333333,0.9997620270799091,-0.02181488503456081,3,0,0,0
2026-06-18 06:10:00,6.166666666666667,0.9990482215818578,-0.04361938736533589,3,0,0,0
2026-06-18 06:15:00,6.25,0.9978589232386035,-0.06540312923014314,3,0,0,0
2026-06-18 06:20:00,6.333333333333333,0.9961946980917455,-0.08715574274765801,3,0,0,0
2026-06-18 06:25:00,6.416666666666667,0.9940563382223196,-0.10886687485196461,3,0,0,0
2026-06-18 06:30:00,6.5,0.9914448613738104,-0.1305261922200516,3,0,0,0
2026-06-18 06:35:00,6.583333333333333,0.9883615104677607,-0.1521233861899167,3,0,0,0
2026-06-18 06:40:00,6.666666666666667,0.984807753012208,-0.1736481776669303,3,0,0,0
2026-06-18 06:45:00,6.75,0.9807852804032304,-0.1950903220161282,3,0,0,0
2026-06-18 06:50:00,6.833333333333333,0.9762960071199334,-0.2164396139381028,3,0,0,0
2026-06-18 06:55:00,6.916666666666667,0.9713420698132614,-0.23768589232617318,3,0,0,0
2026-06-18 07:00:00,7.0,0.9659258262890683,-0.25881904510252063,3,0,0,0
2026-06-18 07:05:00,7.083333333333333,0.9600498543859287,-0.2798290140309919,3,0,0,0
2026-06-18 07:10:00,7.166666666666667,0.9537169507482269,-0.30070579950427295,3,0,0,0
2026-06-18 07:15:00,7.25,0.9469301294951057,-0.3214394653031616,3,0,0,0
2026-06-18 07:20:00,7.333333333333333,0.9396926207859084,-0.3420201433256685,3,0,0,0
2026-06-18 07:25:00,7.416666666666667,0.9320078692827986,-0.3624380382837016,3,0,0,0
2026-06-18 07:30:00,7.5,0.9238795325112868,-0.3826834323650895,3,0,0,0
2026-06-18 07:35:00,7.583333333333333,0.9153114791194472,-0.40274668985873713,3,0,0,0
2026-06-18 07:40:00,7.666666666666667,0.90630778703665,-0.42261826174069933,3,0,0,0
2026-06-18 07:45:00,7.75,0.8968727415326884,-0.44228869021900113,3,0,0,0
2026-06-18 07:50:00,7.833333333333333,0.8870108331782218,-0.4617486132350338,3,0,0,0
2026-06-18 07:55:00,7.916666666666667,0.8767267557075076,-0.48098876891938785,3,0,0,0
2026-06-18 08:00:00,8.0,0.8660254037844387,-0.4999999999999998,3,0,0,0
2026-06-18 08:05:00,8.083333333333334,0.8549118706729465,-0.5187732581605216,3,0,0,0
2026-06-18 08:10:00,8.166666666666666,0.8433914458128858,-0.5372996083468236,3,0,0,0
2026-06-18 08:15:00,8.25,0.8314696123025451,-0.5555702330196023,3,0,0,0
2026-06-18 08:20:00,8.333333333333334,0.8191520442889917,-0.5735764363510462,3,0,0,0
2026-06-18 08:25:00,8.416666666666666,0.8064446042674828,-0.5913096483635821,3,0,0,0
2026-06-18 08:30:00,8.5,0.7933533402912352,-0.6087614290087207,3,0,0,0
2026-06-18 08:35:00,8.583333333333334,0.7798844830928817,-0.6259234721840591,3,0,0,0
2026-06-18 08:40:00,8.666666666666666,0.7660444431189783,-0.642787609686539,3,0,0,0
2026-06-18 08:45:00,8.75,0.7518398074789774,-0.6593458151000688,3,0,0,0
2026-06-18 08:50:00,8.833333333333334,0.7372773368101241,-0.6755902076156602,3,0,0,0
2026-06-18 08:55:00,8.916666666666666,0.7223639620597556,-0.6915130557822693,3,0,0,0
2026-06-18 09:00:00,9.0,0.7071067811865476,-0.7071067811865475,3,0,0,0
2026-06-18 09:05:00,9.083333333333334,0.6915130557822694,-0.7223639620597555,3,0,0,0
2026-06-18 09:10:00,9.166666666666666,0.6755902076156604,-0.737277336810124,3,0,0,0
2026-06-18 09:15:00,9.25,0.659345815100069,-0.7518398074789773,3,0,0,0
2026-06-18 09:20:00,9.333333333333334,0.6427876096865391,-0.7660444431189782,3,0,0,0
2026-06-18 09:25:00,9.416666666666666,0.6259234721840592,-0.7798844830928817,3,0,0,0
2026-06-18 09:30:00,9.5,0.6087614290087209,-0.793353340291235,3,0,0,0
2026-06-18 09:35:00,9.583333333333334,0.5913096483635822,-0.8064446042674827,3,0,0,0
2026-06-18 09:40:00,9.666666666666666,0.5735764363510464,-0.8191520442889916,3,0,0,0
2026-06-18 09:45:00,9.75,0.5555702330196025,-0.831469612302545,3,0,0,0
2026-06-18 09:50:00,9.833333333333334,0.5372996083468238,-0.8433914458128857,3,0,0,0
2026-06-18 09:55:00,9.916666666666666,0.5187732581605218,-0.8549118706729464,3,0,0,0
2026-06-18 10:00:00,10.0,0.49999999999999994,-0.8660254037844387,3,0,0,0
2026-06-18 10:05:00,10.083333333333334,0.48098876891938763,-0.8767267557075077,3,0,0,0
2026-06-18 10:10:00,10.166666666666666,0.4617486132350339,-0.8870108331782217,3,0,0,0
2026-06-18 10:15:00,10.25,0.4422886902190017,-0.8968727415326881,3,0,0,0
2026-06-18 10:20:00,10.333333333333334,0.4226182617406995,-0.9063077870366499,3,0,0,0
2026-06-18 10:25:00,10.416666666666666,0.4027466898587373,-0.9153114791194471,3,0,0,0
2026-06-18 10:30:00,10.5,0.3826834323650899,-0.9238795325112867,3,0,0,0
2026-06-18 10:35:00,10.583333333333334,0.36243803828370136,-0.9320078692827987,3,0,0,0
2026-06-18 10:40:00,10.666666666666666,0.3420201433256689,-0.9396926207859083,3,0,0,0
2026-06-18 10:45:00,10.75,0.32143946530316175,-0.9469301294951056,3,0,0,0
2026-06-18 10:50:00,10.833333333333334,0.30070579950427334,-0.9537169507482268,3,0,0,0
2026-06-18 10:55:00,10.916666666666666,0.2798290140309927,-0.9600498543859285,3,0,0,0
2026-06-18 11:00:00,11.0,0.258819045102521,-0.9659258262890682,3,0,0,0
2026-06-18 11:05:00,11.083333333333334,0.23768589232617293,-0.9713420698132614,3,0,0,0
2026-06-18 11:10:00,11.166666666666666,0.21643961393810318,-0.9762960071199333,3,0,0,0
2026-06-18 11:15:00,11.25,0.19509032201612816,-0.9807852804032304,3,0,0,0
2026-06-18 11:20:00,11.333333333333334,0.17364817766693028,-0.984807753012208,3,0,0,0
2026-06-18 11:25:00,11.416666666666666,0.15212338618991708,-0.9883615104677607,3,0,0,0
2026-06-18 11:30:00,11.5,0.130526192220052,-0.9914448613738104,3,0,0,0
2026-06-18 11:35:00,11.583333333333334,0.10886687485196457,-0.9940563382223196,3,0,0,0
2026-06-18 11:40:00,11.666666666666666,0.0871557427476582,-0.9961946980917455,3,0,0,0
2026-06-18 11:45:00,11.75,0.06540312923014312,-0.9978589232386035,3,0,0,0
2026-06-18 11:50:00,11.833333333333334,0.043619387365335625,-0.9990482215818578,3,0,0,0
2026-06-18 11:55:00,11.916666666666666,0.021814885034561218,-0.9997620270799091,3,0,0,0
2026-06-18 12:00:00,12.0,1.2246467991473532e-16,-1.0,3,0,0,0
2026-06-18 12:05:00,12.083333333333334,-0.021814885034560975,-0.9997620270799091,3,0,0,0
2026-06-18 12:10:00,12.166666666666666,-0.04361938736533538,-0.9990482215818578,3,0,0,0
2026-06-18 12:15:00,12.25,-0.06540312923014287,-0.9978589232386035,3,0,0,0
2026-06-18 12:20:00,12.333333333333334,-0.08715574274765794,-0.9961946980917455,3,0,0,0
2026-06-18 12:25:00,12.416666666666666,-0.10886687485196432,-0.9940563382223196,3,0,0,0
2026-06-18 12:30:00,12.5,-0.13052619222005177,-0.9914448613738104,3,0,0,0
2026-06-18 12:35:00,12.583333333333334,-0.15212338618991683,-0.9883615104677607,3,0,0,0
2026-06-18 12:40:00,12.666666666666666,-0.17364817766693003,-0.9848077530122081,3,0,0,0
2026-06-18 12:45:00,12.75,-0.19509032201612792,-0.9807852804032305,3,0,0,0
2026-06-18 12:50:00,12.833333333333334,-0.21643961393810293,-0.9762960071199334,3,0,0,0
2026-06-18 12:55:00,12.916666666666666,-0.2376858923261727,-0.9713420698132615,3,0,0,0
2026-06-18 13:00:00,13.0,-0.2588190451025208,-0.9659258262890683,3,0,0,0
2026-06-18 13:05:00,13.083333333333334,-0.2798290140309925,-0.9600498543859286,3,0,0,0
2026-06-18 13:10:00,13.166666666666666,-0.30070579950427306,-0.9537169507482269,3,0,0,0
2026-06-18 13:15:00,13.25,-0.32143946530316153,-0.9469301294951057,3,0,0,0
2026-06-18 13:20:00,13.333333333333334,-0.34202014332566866,-0.9396926207859084,3,0,0,0
2026-06-18 13:25:00,13.416666666666666,-0.36243803828370114,-0.9320078692827987,3,0,0,0
2026-06-18 13:30:00,13.5,-0.38268343236508967,-0.9238795325112868,3,0,0,0
2026-06-18 13:35:00,13.583333333333334,-0.4027466898587371,-0.9153114791194472,3,0,0,0
2026-06-18 13:40:00,13.666666666666666,-0.4226182617406993,-0.90630778703665,3,0,0,0
2026-06-18 13:45:00,13.75,-0.44228869021900147,-0.8968727415326883,3,0,0,0
2026-06-18 13:50:00,13.833333333333334,-0.46174861323503413,-0.8870108331782216,3,0,0,0
2026-06-18 13:55:00,13.916666666666666,-0.4809887689193874,-0.8767267557075078,3,0,0,0
2026-06-18 14:00:00,14.0,-0.4999999999999997,-0.8660254037844388,3,0,0,0
2026-06-18 14:05:00,14.083333333333334,-0.5187732581605216,-0.8549118706729465,3,0,0,0
2026-06-18 14:10:00,14.166666666666666,-0.5372996083468236,-0.8433914458128858,3,0,0,0
2026-06-18 14:15:00,14.25,-0.555570233019602,-0.8314696123025455,3,0,0,0
2026-06-18 14:20:00,14.333333333333334,-0.5735764363510458,-0.819152044288992,3,0,0,0
2026-06-18 14:25:00,14.416666666666666,-0.5913096483635824,-0.8064446042674825,3,0,0,0
2026-06-18 14:30:00,14.5,-0.6087614290087207,-0.7933533402912352,3,0,0,0
2026-06-18 14:35:00,14.583333333333334,-0.6259234721840591,-0.7798844830928818,3,0,0,0
2026-06-18 14:40:00,14.666666666666666,-0.6427876096865389,-0.7660444431189783,3,0,0,0
2026-06-18 14:45:00,14.75,-0.6593458151000688,-0.7518398074789774,3,0,0,0
2026-06-18 14:50:00,14.833333333333334,-0.6755902076156601,-0.7372773368101241,3,0,0,0
2026-06-18 14:55:00,14.916666666666666,-0.691513055782269,-0.722363962059756,3,0,0,0
2026-06-18 15:00:00,15.0,-0.7071067811865471,-0.7071067811865479,3,0,0,0
2026-06-18 15:05:00,15.083333333333334,-0.7223639620597557,-0.6915130557822692,3,0,0,0
2026-06-18 15:10:00,15.166666666666666,-0.7372773368101239,-0.6755902076156604,3,0,0,0
2026-06-18 15:15:00,15.25,-0.7518398074789773,-0.6593458151000691,3,0,0,0
2026-06-18 15:20:00,15.333333333333334,-0.7660444431189779,-0.6427876096865395,3,0,0,0
2026-06-18 15:25:00,15.416666666666666,-0.7798844830928814,-0.6259234721840596,3,0,0,0
2026-06-18 15:30:00,15.5,-0.7933533402912349,-0.6087614290087209,3,0,0,0
2026-06-18 15:35:00,15.583333333333334,-0.8064446042674827,-0.5913096483635822,3,0,0,0
2026-06-18 15:40:00,15.666666666666666,-0.8191520442889916,-0.5735764363510464,3,0,0,0
2026-06-18 15:45:00,15.75,-0.8314696123025452,-0.5555702330196022,3,0,0,0
2026-06-18 15:50:00,15.833333333333334,-0.8433914458128859,-0.5372996083468234,3,0,0,0
2026-06-18 15:55:00,15.916666666666666,-0.8549118706729466,-0.5187732581605214,3,0,0,0
2026-06-18 16:00:00,16.0,-0.8660254037844385,-0.5000000000000004,3,0,0,0
2026-06-18 16:05:00,16.083333333333332,-0.8767267557075072,-0.48098876891938847,3,0,0,0
2026-06-18 16:10:00,16.166666666666668,-0.8870108331782218,-0.4617486132350336,3,0,0,0
2026-06-18 16:15:00,16.25,-0.8968727415326883,-0.44228869021900136,3,0,0,0
2026-06-18 16:20:00,16.333333333333332,-0.9063077870366497,-0.42261826174069994,3,0,0,0
2026-06-18 16:25:00,16.416666666666668,-0.9153114791194471,-0.40274668985873735,3,0,0,0
2026-06-18 16:30:00,16.5,-0.9238795325112868,-0.3826834323650895,3,0,0,0
2026-06-18 16:35:00,16.583333333333332,-0.9320078692827984,-0.3624380382837018,3,0,0,0
2026-06-18 16:40:00,16.666666666666668,-0.9396926207859084,-0.34202014332566855,3,0,0,0
2026-06-18 16:45:00,16.75,-0.9469301294951056,-0.3214394653031618,3,0,0,0
2026-06-18 16:50:00,16.833333333333332,-0.9537169507482267,-0.3007057995042738,3,0,0,0
2026-06-18 16:55:00,16.916666666666668,-0.9600498543859286,-0.27982901403099236,3,0,0,0
2026-06-18 17:00:00,17.0,-0.9659258262890683,-0.25881904510252063,3,0,0,0
2026-06-18 17:05:00,17.083333333333332,-0.9713420698132613,-0.23768589232617343,3,0,0,0
2026-06-18 17:10:00,17.166666666666668,-0.9762960071199334,-0.21643961393810282,3,0,0,0
2026-06-18 17:15:00,17.25,-0.9807852804032303,-0.19509032201612866,3,0,0,0
2026-06-18 17:20:00,17.333333333333332,-0.9848077530122079,-0.1736481776669312,3,0,0,0
2026-06-18 17:25:00,17.416666666666668,-0.9883615104677608,-0.15212338618991628,3,0,0,0
2026-06-18 17:30:00,17.5,-0.9914448613738104,-0.13052619222005163,3,0,0,0
2026-06-18 17:35:00,17.583333333333332,-0.9940563382223195,-0.10886687485196507,3,0,0,0
2026-06-18 17:40:00,17.666666666666668,-0.9961946980917455,-0.08715574274765825,3,0,0,0
2026-06-18 17:45:00,17.75,-0.9978589232386035,-0.06540312923014273,3,0,0,0
2026-06-18 17:50:00,17.833333333333332,-0.9990482215818578,-0.04361938736533613,3,0,0,0
2026-06-18 17:55:00,17.916666666666668,-0.9997620270799091,-0.021814885034560836,3,0,0,0
2026-06-18 18:00:00,18.0,-1.0,-1.8369701987210297e-16,3,0,0,0
2026-06-18 18:05:00,18.083333333333332,-0.9997620270799091,0.021814885034560468,3,0,0,0
2026-06-18 18:10:00,18.166666666666668,-0.9990482215818578,0.043619387365335764,3,0,0,0
2026-06-18 18:15:00,18.25,-0.9978589232386036,0.06540312923014237,3,0,0,0
2026-06-18 18:20:00,18.333333333333332,-0.9961946980917455,0.08715574274765789,3,0,0,0
2026-06-18 18:25:00,18.416666666666668,-0.9940563382223196,0.10886687485196471,3,0,0,0
2026-06-18 18:30:00,18.5,-0.9914448613738105,0.13052619222005127,3,0,0,0
2026-06-18 18:35:00,18.583333333333332,-0.9883615104677609,0.15212338618991592,3,0,0,0
2026-06-18 18:40:00,18.666666666666668,-0.984807753012208,0.17364817766693083,3,0,0,0
2026-06-18 18:45:00,18.75,-0.9807852804032304,0.1950903220161283,3,0,0,0
2026-06-18 18:50:00,18.833333333333332,-0.9762960071199335,0.21643961393810246,3,0,0,0
2026-06-18 18:55:00,18.916666666666668,-0.9713420698132614,0.23768589232617307,3,0,0,0
2026-06-18 19:00:00,19.0,-0.9659258262890684,0.2588190451025203,3,0,0,0
2026-06-18 19:05:00,19.083333333333332,-0.9600498543859287,0.279829014030992,3,0,0,0
2026-06-18 19:10:00,19.166666666666668,-0.9537169507482268,0.30070579950427345,3,0,0,0
2026-06-18 19:15:00,19.25,-0.9469301294951057,0.3214394653031615,3,0,0,0
2026-06-18 19:20:00,19.333333333333332,-0.9396926207859085,0.34202014332566816,3,0,0,0
2026-06-18 19:25:00,19.416666666666668,-0.9320078692827986,0.36243803828370147,3,0,0,0
2026-06-18 19:30:00,19.5,-0.923879532511287,0.38268343236508917,3,0,0,0
2026-06-18 19:35:00,19.583333333333332,-0.9153114791194472,0.402746689858737,3,0,0,0
2026-06-18 19:40:00,19.666666666666668,-0.9063077870366498,0.4226182617406996,3,0,0,0
2026-06-18 19:45:00,19.75,-0.8968727415326884,0.442288690219001,3,0,0,0
2026-06-18 19:50:00,19.833333333333332,-0.887010833178222,0.46174861323503325,3,0,0,0
2026-06-18 19:55:00,19.916666666666668,-0.8767267557075075,0.48098876891938813,3,0,0,0
2026-06-18 20:00:00,20.0,-0.8660254037844386,0.5000000000000001,3,0,0,0
2026-06-18 20:05:00,20.083333333333332,-0.8549118706729468,0.5187732581605211,3,0,0,0
2026-06-18 20:10:00,20.166666666666668,-0.8433914458128857,0.5372996083468239,3,0,0,0
2026-06-18 20:15:00,20.25,-0.8314696123025455,0.5555702330196018,3,0,0,0
2026-06-18 20:20:00,20.333333333333332,-0.8191520442889918,0.573576436351046,3,0,0,0
2026-06-18 20:25:00,20.416666666666668,-0.8064446042674829,0.591309648363582,3,0,0,0
2026-06-18 20:30:00,20.5,-0.7933533402912357,0.6087614290087199,3,0,0,0
2026-06-18 20:35:00,20.583333333333332,-0.7798844830928816,0.6259234721840593,3,0,0,0
2026-06-18 20:40:00,20.666666666666668,-0.7660444431189781,0.6427876096865393,3,0,0,0
2026-06-18 20:45:00,20.75,-0.7518398074789772,0.6593458151000691,3,0,0,0
2026-06-18 20:50:00,20.833333333333332,-0.7372773368101242,0.6755902076156601,3,0,0,0
2026-06-18 20:55:00,20.916666666666668,-0.7223639620597554,0.6915130557822695,3,0,0,0
2026-06-18 21:00:00,21.0,-0.7071067811865477,0.7071067811865474,3,0,0,0
2026-06-18 21:05:00,21.083333333333332,-0.6915130557822698,0.7223639620597551,3,0,0,0
2026-06-18 21:10:00,21.166666666666668,-0.6755902076156598,0.7372773368101244,3,0,0,0
2026-06-18 21:15:00,21.25,-0.6593458151000687,0.7518398074789775,3,0,0,0
2026-06-18 21:20:00,21.333333333333332,-0.6427876096865396,0.7660444431189778,3,0,0,0
2026-06-18 21:25:00,21.416666666666668,-0.625923472184059,0.7798844830928818,3,0,0,0
2026-06-18 21:30:00,21.5,-0.608761429008721,0.7933533402912349,3,0,0,0
2026-06-18 21:35:00,21.583333333333332,-0.591309648363583,0.8064446042674821,3,0,0,0
2026-06-18 21:40:00,21.666666666666668,-0.5735764363510465,0.8191520442889916,3,0,0,0
2026-06-18 21:45:00,21.75,-0.555570233019603,0.8314696123025447,3,0,0,0
2026-06-18 21:50:00,21.833333333333332,-0.537299608346825,0.8433914458128849,3,0,0,0
2026-06-18 21:55:00,21.916666666666668,-0.5187732581605214,0.8549118706729466,3,0,0,0
2026-06-18 22:00:00,22.0,-0.5000000000000004,0.8660254037844384,3,0,0,0
2026-06-18 22:05:00,22.083333333333332,-0.48098876891938774,0.8767267557075077,3,0,0,0
2026-06-18 22:10:00,22.166666666666668,-0.46174861323503363,0.8870108331782218,3,0,0,0
2026-06-18 22:15:00,22.25,-0.4422886902190014,0.8968727415326883,3,0,0,0
2026-06-18 22:20:00,22.333333333333332,-0.4226182617407,0.9063077870366497,3,0,0,0
2026-06-18 22:25:00,22.416666666666668,-0.40274668985873663,0.9153114791194474,3,0,0,0
2026-06-18 22:30:00,22.5,-0.38268343236508956,0.9238795325112868,3,0,0,0
2026-06-18 22:35:00,22.583333333333332,-0.36243803828370186,0.9320078692827984,3,0,0,0
2026-06-18 22:40:00,22.666666666666668,-0.3420201433256686,0.9396926207859084,3,0,0,0
2026-06-18 22:45:00,22.75,-0.32143946530316186,0.9469301294951056,3,0,0,0
2026-06-18 22:50:00,22.833333333333332,-0.30070579950427384,0.9537169507482267,3,0,0,0
2026-06-18 22:55:00,22.916666666666668,-0.2798290140309924,0.9600498543859286,3,0,0,0
2026-06-18 23:00:00,23.0,-0.25881904510252157,0.9659258262890681,3,0,0,0
2026-06-18 23:05:00,23.083333333333332,-0.23768589232617435,0.9713420698132611,3,0,0,0
2026-06-18 23:10:00,23.166666666666668,-0.21643961393810288,0.9762960071199334,3,0,0,0
2026-06-18 23:15:00,23.25,-0.19509032201612872,0.9807852804032303,3,0,0,0
2026-06-18 23:20:00,23.333333333333332,-0.1736481776669304,0.984807753012208,3,0,0,0
2026-06-18 23:25:00,23.416666666666668,-0.1521233861899172,0.9883615104677607,3,0,0,0
2026-06-18 23:30:00,23.5,-0.13052619222005168,0.9914448613738104,3,0,0,0
2026-06-18 23:35:00,23.583333333333332,-0.10886687485196514,0.9940563382223195,3,0,0,0
2026-06-18 23:40:00,23.666666666666668,-0.08715574274765743,0.9961946980917455,3,0,0,0
2026-06-18 23:45:00,23.75,-0.0654031292301428,0.9978589232386035,3,0,0,0
2026-06-18 23:50:00,23.833333333333332,-0.043619387365336194,0.9990482215818578,3,0,0,0
2026-06-18 23:55:00,23.916666666666668,-0.0218148850345609,0.9997620270799091,3,0,0,0
2026-06-19 00:00:00,0.0,0.0,1.0,4,0,0,0
2026-06-19 00:05:00,0.08333333333333333,0.02181488503456112,0.9997620270799091,4,0,0,0
2026-06-19 00:10:00,0.16666666666666666,0.043619387365336,0.9990482215818578,4,0,0,0
2026-06-19 00:15:00,0.25,0.06540312923014306,0.9978589232386035,4,0,0,0
2026-06-19 00:20:00,0.3333333333333333,0.08715574274765817,0.9961946980917455,4,0,0,0
2026-06-19 00:25:00,0.4166666666666667,0.10886687485196457,0.9940563382223196,4,0,0,0
2026-06-19 00:30:00,0.5,0.13052619222005157,0.9914448613738104,4,0,0,0
2026-06-19 00:35:00,0.5833333333333334,0.15212338618991672,0.9883615104677607,4,0,0,0
2026-06-19 00:40:00,0.6666666666666666,0.17364817766693033,0.984807753012208,4,0,0,0
2026-06-19 00:45:00,0.75,0.19509032201612825,0.9807852804032304,4,0,0,0
2026-06-19 00:50:00,0.8333333333333334,0.21643961393810288,0.9762960071199334,4,0,0,0
2026-06-19 00:55:00,0.9166666666666666,0.23768589232617307,0.9713420698132614,4,0,0,0
2026-06-19 01:00:00,1.0,0.25881904510252074,0.9659258262890683,4,0,0,0
2026-06-19 01:05:00,1.0833333333333333,0.27982901403099203,0.9600498543859287,4,0,0,0
2026-06-19 01:10:00,1.1666666666666667,0.3007057995042732,0.9537169507482269,4,0,0,0
2026-06-19 01:15:00,1.25,0.3214394653031616,0.9469301294951057,4,0,0,0
2026-06-19 01:20:00,1.3333333333333333,0.3420201433256687,0.9396926207859084,4,0,0,0
2026-06-19 01:25:00,1.4166666666666667,0.36243803828370164,0.9320078692827986,4,0,0,0
2026-06-19 01:30:00,1.5,0.3826834323650898,0.9238795325112867,4,0,0,0
2026-06-19 01:35:00,1.5833333333333335,0.40274668985873724,0.9153114791194471,4,0,0,0
2026-06-19 01:40:00,1.6666666666666665,0.4226182617406994,0.9063077870366499,4,0,0,0
2026-06-19 01:45:00,1.75,0.44228869021900125,0.8968727415326884,4,0,0,0
2026-06-19 01:50:00,1.8333333333333335,0.46174861323503397,0.8870108331782217,4,0,0,0
2026-06-19 01:55:00,1.9166666666666665,0.48098876891938763,0.8767267557075077,4,0,0,0
2026-06-19 02:00:00,2.0,0.49999999999999994,0.8660254037844387,4,0,0,0
2026-06-19 02:05:00,2.0833333333333335,0.5187732581605214,0.8549118706729466,4,0,0,0
2026-06-19 02:10:00,2.1666666666666665,0.5372996083468238,0.8433914458128857,4,0,0,0
2026-06-19 02:15:00,2.25,0.5555702330196022,0.8314696123025452,4,0,0,0
2026-06-19 02:20:00,2.3333333333333335,0.5735764363510462,0.8191520442889918,4,0,0,0
2026-06-19 02:25:00,2.4166666666666665,0.5913096483635824,0.8064446042674827,4,0,0,0
2026-06-19 02:30:00,2.5,0.6087614290087207,0.7933533402912352,4,0,0,0
2026-06-19 02:35:00,2.5833333333333335,0.6259234721840591,0.7798844830928818,4,0,0,0
2026-06-19 02:40:00,2.6666666666666665,0.6427876096865393,0.766044443118978,4,0,0,0
2026-06-19 02:45:00,2.75,0.6593458151000688,0.7518398074789774,4,0,0,0
2026-06-19 02:50:00,2.8333333333333335,0.6755902076156602,0.7372773368101241,4,0,0,0
2026-06-19 02:55:00,2.9166666666666665,0.6915130557822694,0.7223639620597556,4,0,0,0
2026-06-19 03:00:00,3.0,0.7071067811865476,0.7071067811865476,4,0,0,0
2026-06-19 03:05:00,3.0833333333333335,0.7223639620597555,0.6915130557822694,4,0,0,0
2026-06-19 03:10:00,3.1666666666666665,0.737277336810124,0.6755902076156602,4,0,0,0
2026-06-19 03:15:00,3.25,0.7518398074789774,0.6593458151000688,4,0,0,0
2026-06-19 03:20:00,3.3333333333333335,0.766044443118978,0.6427876096865394,4,0,0,0
2026-06-19 03:25:00,3.4166666666666665,0.7798844830928817,0.6259234721840591,4,0,0,0
2026-06-19 03:30:00,3.5,0.7933533402912352,0.6087614290087207,4,0,0,0
2026-06-19 03:35:00,3.5833333333333335,0.8064446042674825,0.5913096483635825,4,0,0,0
2026-06-19 03:40:00,3.6666666666666665,0.8191520442889917,0.5735764363510462,4,0,0,0
2026-06-19 03:45:00,3.75,0.8314696123025451,0.5555702330196024,4,0,0,0
2026-06-19 03:50:00,3.8333333333333335,0.8433914458128856,0.5372996083468239,4,0,0,0
2026-06-19 03:55:00,3.9166666666666665,0.8549118706729466,0.5187732581605216,4,0,0,0
2026-06-19 04:00:00,4.0,0.8660254037844386,0.5000000000000001,4,0,0,0
2026-06-19 04:05:00,4.083333333333333,0.8767267557075077,0.48098876891938774,4,0,0,0
2026-06-19 04:10:00,4.166666666666667,0.8870108331782217,0.46174861323503386,4,0,0,0
2026-06-19 04:15:00,4.25,0.8968727415326884,0.44228869021900125,4,0,0,0
2026-06-19 04:20:00,4.333333333333333,0.9063077870366498,0.4226182617406996,4,0,0,0
2026-06-19 04:25:00,4.416666666666667,0.9153114791194471,0.40274668985873724,4,0,0,0
2026-06-19 04:30:00,4.5,0.9238795325112867,0.38268343236508984,4,0,0,0
2026-06-19 04:35:00,4.583333333333333,0.9320078692827984,0.3624380382837017,4,0,0,0
2026-06-19 04:40:00,4.666666666666667,0.9396926207859084,0.3420201433256686,4,0,0,0
2026-06-19 04:45:00,4.75,0.9469301294951056,0.3214394653031617,4,0,0,0
2026-06-19 04:50:00,4.833333333333333,0.9537169507482268,0.3007057995042733,4,0,0,0
2026-06-19 04:55:00,4.916666666666667,0.9600498543859287,0.27982901403099203,4,0,0,0
2026-06-19 05:00:00,5.0,0.9659258262890683,0.25881904510252074,4,0,0,0
2026-06-19 05:05:00,5.083333333333333,0.9713420698132614,0.2376858923261731,4,0,0,0
2026-06-19 05:10:00,5.166666666666667,0.9762960071199334,0.2164396139381029,4,0,0,0
2026-06-19 05:15:00,5.25,0.9807852804032304,0.19509032201612833,4,0,0,0
2026-06-19 05:20:00,5.333333333333333,0.984807753012208,0.17364817766693041,4,0,0,0
2026-06-19 05:25:00,5.416666666666667,0.9883615104677607,0.1521233861899168,4,0,0,0
2026-06-19 05:30:00,5.5,0.9914448613738104,0.1305261922200517,4,0,0,0
2026-06-19 05:35:00,5.583333333333333,0.9940563382223196,0.10886687485196474,4,0,0,0
2026-06-19 05:40:00,5.666666666666667,0.9961946980917455,0.08715574274765814,4,0,0,0
2026-06-19 05:45:00,5.75,0.9978589232386035,0.06540312923014327,4,0,0,0
2026-06-19 05:50:00,5.833333333333333,0.9990482215818578,0.04361938736533601,4,0,0,0
2026-06-19 05:55:00,5.916666666666667,0.9997620270799091,0.021814885034560937,4,0,0,0
2026-06-19 06:00:00,6.0,1.0,6.123233995736766e-17,4,0,0,0
2026-06-19 06:05:00,6.083333333333333,0.9997620270799091,-0.02181488503456081,4,0,0,0
2026-06-19 06:10:00,6.166666666666667,0.9990482215818578,-0.04361938736533589,4,0,0,0
2026-06-19 06:15:00,6.25,0.9978589232386035,-0.06540312923014314,4,0,0,0
2026-06-19 06:20:00,6.333333333333333,0.9961946980917455,-0.08715574274765801,4,0,0,0
2026-06-19 06:25:00,6.416666666666667,0.9940563382223196,-0.10886687485196461,4,0,0,0
2026-06-19 06:30:00,6.5,0.9914448613738104,-0.1305261922200516,4,0,0,0
2026-06-19 06:35:00,6.583333333333333,0.9883615104677607,-0.1521233861899167,4,0,0,0
2026-06-19 06:40:00,6.666666666666667,0.984807753012208,-0.1736481776669303,4,0,0,0
2026-06-19 06:45:00,6.75,0.9807852804032304,-0.1950903220161282,4,0,0,0
2026-06-19 06:50:00,6.833333333333333,0.9762960071199334,-0.2164396139381028,4,0,0,0
2026-06-19 06:55:00,6.916666666666667,0.9713420698132614,-0.23768589232617318,4,0,0,0
2026-06-19 07:00:00,7.0,0.9659258262890683,-0.25881904510252063,4,0,0,0
2026-06-19 07:05:00,7.083333333333333,0.9600498543859287,-0.2798290140309919,4,0,0,0
2026-06-19 07:10:00,7.166666666666667,0.9537169507482269,-0.30070579950427295,4,0,0,0
2026-06-19 07:15:00,7.25,0.9469301294951057,-0.3214394653031616,4,0,0,0
2026-06-19 07:20:00,7.333333333333333,0.9396926207859084,-0.3420201433256685,4,0,0,0
2026-06-19 07:25:00,7.416666666666667,0.9320078692827986,-0.3624380382837016,4,0,0,0
2026-06-19 07:30:00,7.5,0.9238795325112868,-0.3826834323650895,4,0,0,0
2026-06-19 07:35:00,7.583333333333333,0.9153114791194472,-0.40274668985873713,4,0,0,0
2026-06-19 07:40:00,7.666666666666667,0.90630778703665,-0.42261826174069933,4,0,0,0
2026-06-19 07:45:00,7.75,0.8968727415326884,-0.44228869021900113,4,0,0,0
2026-06-19 07:50:00,7.833333333333333,0.8870108331782218,-0.4617486132350338,4,0,0,0
2026-06-19 07:55:00,7.916666666666667,0.8767267557075076,-0.48098876891938785,4,0,0,0
2026-06-19 08:00:00,8.0,0.8660254037844387,-0.4999999999999998,4,0,0,0
2026-06-19 08:05:00,8.083333333333334,0.8549118706729465,-0.5187732581605216,4,0,0,0
2026-06-19 08:10:00,8.166666666666666,0.8433914458128858,-0.5372996083468236,4,0,0,0
2026-06-19 08:15:00,8.25,0.8314696123025451,-0.5555702330196023,4,0,0,0
2026-06-19 08:20:00,8.333333333333334,0.8191520442889917,-0.5735764363510462,4,0,0,0
2026-06-19 08:25:00,8.416666666666666,0.8064446042674828,-0.5913096483635821,4,0,0,0
2026-06-19 08:30:00,8.5,0.7933533402912352,-0.6087614290087207,4,0,0,0
2026-06-19 08:35:00,8.583333333333334,0.7798844830928817,-0.6259234721840591,4,0,0,0
2026-06-19 08:40:00,8.666666666666666,0.7660444431189783,-0.642787609686539,4,0,0,0
2026-06-19 08:45:00,8.75,0.7518398074789774,-0.6593458151000688,4,0,0,0
2026-06-19 08:50:00,8.833333333333334,0.7372773368101241,-0.6755902076156602,4,0,0,0
2026-06-19 08:55:00,8.916666666666666,0.7223639620597556,-0.6915130557822693,4,0,0,0
2026-06-19 09:00:00,9.0,0.7071067811865476,-0.7071067811865475,4,0,0,0
2026-06-19 09:05:00,9.083333333333334,0.6915130557822694,-0.7223639620597555,4,0,0,0
2026-06-19 09:10:00,9.166666666666666,0.6755902076156604,-0.737277336810124,4,0,0,0
2026-06-19 09:15:00,9.25,0.659345815100069,-0.7518398074789773,4,0,0,0
2026-06-19 09:20:00,9.333333333333334,0.6427876096865391,-0.7660444431189782,4,0,0,0
2026-06-19 09:25:00,9.416666666666666,0.6259234721840592,-0.7798844830928817,4,0,0,0
2026-06-19 09:30:00,9.5,0.6087614290087209,-0.793353340291235,4,0,0,0
2026-06-19 09:35:00,9.583333333333334,0.5913096483635822,-0.8064446042674827,4,0,0,0
2026-06-19 09:40:00,9.666666666666666,0.5735764363510464,-0.8191520442889916,4,0,0,0
2026-06-19 09:45:00,9.75,0.5555702330196025,-0.831469612302545,4,0,0,0
2026-06-19 09:50:00,9.833333333333334,0.5372996083468238,-0.8433914458128857,4,0,0,0
2026-06-19 09:55:00,9.916666666666666,0.5187732581605218,-0.8549118706729464,4,0,0,0
2026-06-19 10:00:00,10.0,0.49999999999999994,-0.8660254037844387,4,0,0,0
2026-06-19 10:05:00,10.083333333333334,0.48098876891938763,-0.8767267557075077,4,0,0,0
2026-06-19 10:10:00,10.166666666666666,0.4617486132350339,-0.8870108331782217,4,0,0,0
2026-06-19 10:15:00,10.25,0.4422886902190017,-0.8968727415326881,4,0,0,0
2026-06-19 10:20:00,10.333333333333334,0.4226182617406995,-0.9063077870366499,4,0,0,0
2026-06-19 10:25:00,10.416666666666666,0.4027466898587373,-0.9153114791194471,4,0,0,0
2026-06-19 10:30:00,10.5,0.3826834323650899,-0.9238795325112867,4,0,0,0
2026-06-19 10:35:00,10.583333333333334,0.36243803828370136,-0.9320078692827987,4,0,0,0
2026-06-19 10:40:00,10.666666666666666,0.3420201433256689,-0.9396926207859083,4,0,0,0
2026-06-19 10:45:00,10.75,0.32143946530316175,-0.9469301294951056,4,0,0,0
2026-06-19 10:50:00,10.833333333333334,0.30070579950427334,-0.9537169507482268,4,0,0,0
2026-06-19 10:55:00,10.916666666666666,0.2798290140309927,-0.9600498543859285,4,0,0,0
2026-06-19 11:00:00,11.0,0.258819045102521,-0.9659258262890682,4,0,0,0
2026-06-19 11:05:00,11.083333333333334,0.23768589232617293,-0.9713420698132614,4,0,0,0
2026-06-19 11:10:00,11.166666666666666,0.21643961393810318,-0.9762960071199333,4,0,0,0
2026-06-19 11:15:00,11.25,0.19509032201612816,-0.9807852804032304,4,0,0,0
2026-06-19 11:20:00,11.333333333333334,0.17364817766693028,-0.984807753012208,4,0,0,0
2026-06-19 11:25:00,11.416666666666666,0.15212338618991708,-0.9883615104677607,4,0,0,0
2026-06-19 11:30:00,11.5,0.130526192220052,-0.9914448613738104,4,0,0,0
2026-06-19 11:35:00,11.583333333333334,0.10886687485196457,-0.9940563382223196,4,0,0,0
2026-06-19 11:40:00,11.666666666666666,0.0871557427476582,-0.9961946980917455,4,0,0,0
2026-06-19 11:45:00,11.75,0.06540312923014312,-0.9978589232386035,4,0,0,0
2026-06-19 11:50:00,11.833333333333334,0.043619387365335625,-0.9990482215818578,4,0,0,0
2026-06-19 11:55:00,11.916666666666666,0.021814885034561218,-0.9997620270799091,4,0,0,0
2026-06-19 12:00:00,12.0,1.2246467991473532e-16,-1.0,4,0,0,0
2026-06-19 12:05:00,12.083333333333334,-0.021814885034560975,-0.9997620270799091,4,0,0,0
2026-06-19 12:10:00,12.166666666666666,-0.04361938736533538,-0.9990482215818578,4,0,0,0
2026-06-19 12:15:00,12.25,-0.06540312923014287,-0.9978589232386035,4,0,0,0
2026-06-19 12:20:00,12.333333333333334,-0.08715574274765794,-0.9961946980917455,4,0,0,0
2026-06-19 12:25:00,12.416666666666666,-0.10886687485196432,-0.9940563382223196,4,0,0,0
2026-06-19 12:30:00,12.5,-0.13052619222005177,-0.9914448613738104,4,0,0,0
2026-06-19 12:35:00,12.583333333333334,-0.15212338618991683,-0.9883615104677607,4,0,0,0
2026-06-19 12:40:00,12.666666666666666,-0.17364817766693003,-0.9848077530122081,4,0,0,0
2026-06-19 12:45:00,12.75,-0.19509032201612792,-0.9807852804032305,4,0,0,0
2026-06-19 12:50:00,12.833333333333334,-0.21643961393810293,-0.9762960071199334,4,0,0,0
2026-06-19 12:55:00,12.916666666666666,-0.2376858923261727,-0.9713420698132615,4,0,0,0
2026-06-19 13:00:00,13.0,-0.2588190451025208,-0.9659258262890683,4,0,0,0
2026-06-19 13:05:00,13.083333333333334,-0.2798290140309925,-0.9600498543859286,4,0,0,0
2026-06-19 13:10:00,13.166666666666666,-0.30070579950427306,-0.9537169507482269,4,0,0,0
2026-06-19 13:15:00,13.25,-0.32143946530316153,-0.9469301294951057,4,0,0,0
2026-06-19 13:20:00,13.333333333333334,-0.34202014332566866,-0.9396926207859084,4,0,0,0
2026-06-19 13:25:00,13.416666666666666,-0.36243803828370114,-0.9320078692827987,4,0,0,0
2026-06-19 13:30:00,13.5,-0.38268343236508967,-0.9238795325112868,4,0,0,0
2026-06-19 13:35:00,13.583333333333334,-0.4027466898587371,-0.9153114791194472,4,0,0,0
2026-06-19 13:40:00,13.666666666666666,-0.4226182617406993,-0.90630778703665,4,0,0,0
2026-06-19 13:45:00,13.75,-0.44228869021900147,-0.8968727415326883,4,0,0,0
2026-06-19 13:50:00,13.833333333333334,-0.46174861323503413,-0.8870108331782216,4,0,0,0
2026-06-19 13:55:00,13.916666666666666,-0.4809887689193874,-0.8767267557075078,4,0,0,0
2026-06-19 14:00:00,14.0,-0.4999999999999997,-0.8660254037844388,4,0,0,0
2026-06-19 14:05:00,14.083333333333334,-0.5187732581605216,-0.8549118706729465,4,0,0,0
2026-06-19 14:10:00,14.166666666666666,-0.5372996083468236,-0.8433914458128858,4,0,0,0
2026-06-19 14:15:00,14.25,-0.555570233019602,-0.8314696123025455,4,0,0,0
2026-06-19 14:20:00,14.333333333333334,-0.5735764363510458,-0.819152044288992,4,0,0,0
2026-06-19 14:25:00,14.416666666666666,-0.5913096483635824,-0.8064446042674825,4,0,0,0
2026-06-19 14:30:00,14.5,-0.6087614290087207,-0.7933533402912352,4,0,0,0
2026-06-19 14:35:00,14.583333333333334,-0.6259234721840591,-0.7798844830928818,4,0,0,0
2026-06-19 14:40:00,14.666666666666666,-0.6427876096865389,-0.7660444431189783,4,0,0,0
2026-06-19 14:45:00,14.75,-0.6593458151000688,-0.7518398074789774,4,0,0,0
2026-06-19 14:50:00,14.833333333333334,-0.6755902076156601,-0.7372773368101241,4,0,0,0
2026-06-19 14:55:00,14.916666666666666,-0.691513055782269,-0.722363962059756,4,0,0,0
2026-06-19 15:00:00,15.0,-0.7071067811865471,-0.7071067811865479,4,0,0,0
2026-06-19 15:05:00,15.083333333333334,-0.7223639620597557,-0.6915130557822692,4,0,0,0
2026-06-19 15:10:00,15.166666666666666,-0.7372773368101239,-0.6755902076156604,4,0,0,0
2026-06-19 15:15:00,15.25,-0.7518398074789773,-0.6593458151000691,4,0,0,0
2026-06-19 15:20:00,15.333333333333334,-0.7660444431189779,-0.6427876096865395,4,0,0,0
2026-06-19 15:25:00,15.416666666666666,-0.7798844830928814,-0.6259234721840596,4,0,0,0
2026-06-19 15:30:00,15.5,-0.7933533402912349,-0.6087614290087209,4,0,0,0
2026-06-19 15:35:00,15.583333333333334,-0.8064446042674827,-0.5913096483635822,4,0,0,0
2026-06-19 15:40:00,15.666666666666666,-0.8191520442889916,-0.5735764363510464,4,0,0,0
2026-06-19 15:45:00,15.75,-0.8314696123025452,-0.5555702330196022,4,0,0,0
2026-06-19 15:50:00,15.833333333333334,-0.8433914458128859,-0.5372996083468234,4,0,0,0
2026-06-19 15:55:00,15.916666666666666,-0.8549118706729466,-0.5187732581605214,4,0,0,0
2026-06-19 16:00:00,16.0,-0.8660254037844385,-0.5000000000000004,4,0,0,0
2026-06-19 16:05:00,16.083333333333332,-0.8767267557075072,-0.48098876891938847,4,0,0,0
2026-06-19 16:10:00,16.166666666666668,-0.8870108331782218,-0.4617486132350336,4,0,0,0
2026-06-19 16:15:00,16.25,-0.8968727415326883,-0.44228869021900136,4,0,0,0
2026-06-19 16:20:00,16.333333333333332,-0.9063077870366497,-0.42261826174069994,4,0,0,0
2026-06-19 16:25:00,16.416666666666668,-0.9153114791194471,-0.40274668985873735,4,0,0,0
2026-06-19 16:30:00,16.5,-0.9238795325112868,-0.3826834323650895,4,0,0,0
2026-06-19 16:35:00,16.583333333333332,-0.9320078692827984,-0.3624380382837018,4,0,0,0
2026-06-19 16:40:00,16.666666666666668,-0.9396926207859084,-0.34202014332566855,4,0,0,0
2026-06-19 16:45:00,16.75,-0.9469301294951056,-0.3214394653031618,4,0,0,0
2026-06-19 16:50:00,16.833333333333332,-0.9537169507482267,-0.3007057995042738,4,0,0,0
2026-06-19 16:55:00,16.916666666666668,-0.9600498543859286,-0.27982901403099236,4,0,0,0
2026-06-19 17:00:00,17.0,-0.9659258262890683,-0.25881904510252063,4,0,0,0
2026-06-19 17:05:00,17.083333333333332,-0.9713420698132613,-0.23768589232617343,4,0,0,0
2026-06-19 17:10:00,17.166666666666668,-0.9762960071199334,-0.21643961393810282,4,0,0,0
2026-06-19 17:15:00,17.25,-0.9807852804032303,-0.19509032201612866,4,0,0,0
2026-06-19 17:20:00,17.333333333333332,-0.9848077530122079,-0.1736481776669312,4,0,0,0
2026-06-19 17:25:00,17.416666666666668,-0.9883615104677608,-0.15212338618991628,4,0,0,0
2026-06-19 17:30:00,17.5,-0.9914448613738104,-0.13052619222005163,4,0,0,0
2026-06-19 17:35:00,17.583333333333332,-0.9940563382223195,-0.10886687485196507,4,0,0,0
2026-06-19 17:40:00,17.666666666666668,-0.9961946980917455,-0.08715574274765825,4,0,0,0
2026-06-19 17:45:00,17.75,-0.9978589232386035,-0.06540312923014273,4,0,0,0
2026-06-19 17:50:00,17.833333333333332,-0.9990482215818578,-0.04361938736533613,4,0,0,0
2026-06-19 17:55:00,17.916666666666668,-0.9997620270799091,-0.021814885034560836,4,0,0,0
2026-06-19 18:00:00,18.0,-1.0,-1.8369701987210297e-16,4,0,0,0
2026-06-19 18:05:00,18.083333333333332,-0.9997620270799091,0.021814885034560468,4,0,0,0
2026-06-19 18:10:00,18.166666666666668,-0.9990482215818578,0.043619387365335764,4,0,0,0
2026-06-19 18:15:00,18.25,-0.9978589232386036,0.06540312923014237,4,0,0,0
2026-06-19 18:20:00,18.333333333333332,-0.9961946980917455,0.08715574274765789,4,0,0,0
2026-06-19 18:25:00,18.416666666666668,-0.9940563382223196,0.10886687485196471,4,0,0,0
2026-06-19 18:30:00,18.5,-0.9914448613738105,0.13052619222005127,4,0,0,0
2026-06-19 18:35:00,18.583333333333332,-0.9883615104677609,0.15212338618991592,4,0,0,0
2026-06-19 18:40:00,18.666666666666668,-0.984807753012208,0.17364817766693083,4,0,0,0
2026-06-19 18:45:00,18.75,-0.9807852804032304,0.1950903220161283,4,0,0,0
2026-06-19 18:50:00,18.833333333333332,-0.9762960071199335,0.21643961393810246,4,0,0,0
2026-06-19 18:55:00,18.916666666666668,-0.9713420698132614,0.23768589232617307,4,0,0,0
2026-06-19 19:00:00,19.0,-0.9659258262890684,0.2588190451025203,4,0,0,0
2026-06-19 19:05:00,19.083333333333332,-0.9600498543859287,0.279829014030992,4,0,0,0
2026-06-19 19:10:00,19.166666666666668,-0.9537169507482268,0.30070579950427345,4,0,0,0
2026-06-19 19:15:00,19.25,-0.9469301294951057,0.3214394653031615,4,0,0,0
2026-06-19 19:20:00,19.333333333333332,-0.9396926207859085,0.34202014332566816,4,0,0,0
2026-06-19 19:25:00,19.416666666666668,-0.9320078692827986,0.36243803828370147,4,0,0,0
2026-06-19 19:30:00,19.5,-0.923879532511287,0.38268343236508917,4,0,0,0
2026-06-19 19:35:00,19.583333333333332,-0.9153114791194472,0.402746689858737,4,0,0,0
2026-06-19 19:40:00,19.666666666666668,-0.9063077870366498,0.4226182617406996,4,0,0,0
2026-06-19 19:45:00,19.75,-0.8968727415326884,0.442288690219001,4,0,0,0
2026-06-19 19:50:00,19.833333333333332,-0.887010833178222,0.46174861323503325,4,0,0,0
2026-06-19 19:55:00,19.916666666666668,-0.8767267557075075,0.48098876891938813,4,0,0,0
2026-06-19 20:00:00,20.0,-0.8660254037844386,0.5000000000000001,4,0,0,0
2026-06-19 20:05:00,20.083333333333332,-0.8549118706729468,0.5187732581605211,4,0,0,0
2026-06-19 20:10:00,20.166666666666668,-0.8433914458128857,0.5372996083468239,4,0,0,0
2026-06-19 20:15:00,20.25,-0.8314696123025455,0.5555702330196018,4,0,0,0
2026-06-19 20:20:00,20.333333333333332,-0.8191520442889918,0.573576436351046,4,0,0,0
2026-06-19 20:25:00,20.416666666666668,-0.8064446042674829,0.591309648363582,4,0,0,0
2026-06-19 20:30:00,20.5,-0.7933533402912357,0.6087614290087199,4,0,0,0
2026-06-19 20:35:00,20.583333333333332,-0.7798844830928816,0.6259234721840593,4,0,0,0
2026-06-19 20:40:00,20.666666666666668,-0.7660444431189781,0.6427876096865393,4,0,0,0
2026-06-19 20:45:00,20.75,-0.7518398074789772,0.6593458151000691,4,0,0,0
2026-06-19 20:50:00,20.833333333333332,-0.7372773368101242,0.6755902076156601,4,0,0,0
2026-06-19 20:55:00,20.916666666666668,-0.7223639620597554,0.6915130557822695,4,0,0,0
2026-06-19 21:00:00,21.0,-0.7071067811865477,0.7071067811865474,4,0,0,0
2026-06-19 21:05:00,21.083333333333332,-0.6915130557822698,0.7223639620597551,4,0,0,0
2026-06-19 21:10:00,21.166666666666668,-0.6755902076156598,0.7372773368101244,4,0,0,0
2026-06-19 21:15:00,21.25,-0.6593458151000687,0.7518398074789775,4,0,0,0
2026-06-19 21:20:00,21.333333333333332,-0.6427876096865396,0.7660444431189778,4,0,0,0
2026-06-19 21:25:00,21.416666666666668,-0.625923472184059,0.7798844830928818,4,0,0,0
2026-06-19 21:30:00,21.5,-0.608761429008721,0.7933533402912349,4,0,0,0
2026-06-19 21:35:00,21.583333333333332,-0.591309648363583,0.8064446042674821,4,0,0,0
2026-06-19 21:40:00,21.666666666666668,-0.5735764363510465,0.8191520442889916,4,0,0,0
2026-06-19 21:45:00,21.75,-0.555570233019603,0.8314696123025447,4,0,0,0
2026-06-19 21:50:00,21.833333333333332,-0.537299608346825,0.8433914458128849,4,0,0,0
2026-06-19 21:55:00,21.916666666666668,-0.5187732581605214,0.8549118706729466,4,0,0,0
2026-06-19 22:00:00,22.0,-0.5000000000000004,0.8660254037844384,4,0,0,0
2026-06-19 22:05:00,22.083333333333332,-0.48098876891938774,0.8767267557075077,4,0,0,0
2026-06-19 22:10:00,22.166666666666668,-0.46174861323503363,0.8870108331782218,4,0,0,0
2026-06-19 22:15:00,22.25,-0.4422886902190014,0.8968727415326883,4,0,0,0
2026-06-19 22:20:00,22.333333333333332,-0.4226182617407,0.9063077870366497,4,0,0,0
2026-06-19 22:25:00,22.416666666666668,-0.40274668985873663,0.9153114791194474,4,0,0,0
2026-06-19 22:30:00,22.5,-0.38268343236508956,0.9238795325112868,4,0,0,0
2026-06-19 22:35:00,22.583333333333332,-0.36243803828370186,0.9320078692827984,4,0,0,0
2026-06-19 22:40:00,22.666666666666668,-0.3420201433256686,0.9396926207859084,4,0,0,0
2026-06-19 22:45:00,22.75,-0.32143946530316186,0.9469301294951056,4,0,0,0
2026-06-19 22:50:00,22.833333333333332,-0.30070579950427384,0.9537169507482267,4,0,0,0
2026-06-19 22:55:00,22.916666666666668,-0.2798290140309924,0.9600498543859286,4,0,0,0
2026-06-19 23:00:00,23.0,-0.25881904510252157,0.9659258262890681,4,0,0,0
2026-06-19 23:05:00,23.083333333333332,-0.23768589232617435,0.9713420698132611,4,0,0,0
2026-06-19 23:10:00,23.166666666666668,-0.21643961393810288,0.9762960071199334,4,0,0,0
2026-06-19 23:15:00,23.25,-0.19509032201612872,0.9807852804032303,4,0,0,0
2026-06-19 23:20:00,23.333333333333332,-0.1736481776669304,0.984807753012208,4,0,0,0
2026-06-19 23:25:00,23.416666666666668,-0.1521233861899172,0.9883615104677607,4,0,0,0
2026-06-19 23:30:00,23.5,-0.13052619222005168,0.9914448613738104,4,0,0,0
2026-06-19 23:35:00,23.583333333333332,-0.10886687485196514,0.9940563382223195,4,0,0,0
2026-06-19 23:40:00,23.666666666666668,-0.08715574274765743,0.9961946980917455,4,0,0,0
2026-06-19 23:45:00,23.75,-0.0654031292301428,0.9978589232386035,4,0,0,0
2026-06-19 23:50:00,23.833333333333332,-0.043619387365336194,0.9990482215818578,4,0,0,0
2026-06-19 23:55:00,23.916666666666668,-0.0218148850345609,0.9997620270799091,4,0,0,0
2026-06-20 00:00:00,0.0,0.0,1.0,5,1,0,0
2026-06-20 00:05:00,0.08333333333333333,0.02181488503456112,0.9997620270799091,5,1,0,0
2026-06-20 00:10:00,0.16666666666666666,0.043619387365336,0.9990482215818578,5,1,0,0
2026-06-20 00:15:00,0.25,0.06540312923014306,0.9978589232386035,5,1,0,1
2026-06-20 00:20:00,0.3333333333333333,0.08715574274765817,0.9961946980917455,5,1,0,0
2026-06-20 00:25:00,0.4166666666666667,0.10886687485196457,0.9940563382223196,5,1,0,1
2026-06-20 00:30:00,0.5,0.13052619222005157,0.9914448613738104,5,1,0,1
2026-06-20 00:35:00,0.5833333333333334,0.15212338618991672,0.9883615104677607,5,1,0,0
2026-06-20 00:40:00,0.6666666666666666,0.17364817766693033,0.984807753012208,5,1,0,1
2026-06-20 00:45:00,0.75,0.19509032201612825,0.9807852804032304,5,1,0,0
2026-06-20 00:50:00,0.8333333333333334,0.21643961393810288,0.9762960071199334,5,1,0,0
2026-06-20 00:55:00,0.9166666666666666,0.23768589232617307,0.9713420698132614,5,1,0,1
2026-06-20 01:00:00,1.0,0.25881904510252074,0.9659258262890683,5,1,0,0
2026-06-20 01:05:00,1.0833333333333333,0.27982901403099203,0.9600498543859287,5,1,0,1
2026-06-20 01:10:00,1.1666666666666667,0.3007057995042732,0.9537169507482269,5,1,0,1
2026-06-20 01:15:00,1.25,0.3214394653031616,0.9469301294951057,5,1,0,0
2026-06-20 01:20:00,1.3333333333333333,0.3420201433256687,0.9396926207859084,5,1,0,0
2026-06-20 01:25:00,1.4166666666666667,0.36243803828370164,0.9320078692827986,5,1,0,0
2026-06-20 01:30:00,1.5,0.3826834323650898,0.9238795325112867,5,1,0,0
2026-06-20 01:35:00,1.5833333333333335,0.40274668985873724,0.9153114791194471,5,1,0,1
2026-06-20 01:40:00,1.6666666666666665,0.4226182617406994,0.9063077870366499,5,1,0,0
2026-06-20 01:45:00,1.75,0.44228869021900125,0.8968727415326884,5,1,0,0
2026-06-20 01:50:00,1.8333333333333335,0.46174861323503397,0.8870108331782217,5,1,0,0
2026-06-20 01:55:00,1.9166666666666665,0.48098876891938763,0.8767267557075077,5,1,0,0
2026-06-20 02:00:00,2.0,0.49999999999999994,0.8660254037844387,5,1,0,1
2026-06-20 02:05:00,2.0833333333333335,0.5187732581605214,0.8549118706729466,5,1,0,0
2026-06-20 02:10:00,2.1666666666666665,0.5372996083468238,0.8433914458128857,5,1,0,1
2026-06-20 02:15:00,2.25,0.5555702330196022,0.8314696123025452,5,1,0,0
2026-06-20 02:20:00,2.3333333333333335,0.5735764363510462,0.8191520442889918,5,1,0,1
2026-06-20 02:25:00,2.4166666666666665,0.5913096483635824,0.8064446042674827,5,1,0,0
2026-06-20 02:30:00,2.5,0.6087614290087207,0.7933533402912352,5,1,0,0
2026-06-20 02:35:00,2.5833333333333335,0.6259234721840591,0.7798844830928818,5,1,0,1
2026-06-20 02:40:00,2.6666666666666665,0.6427876096865393,0.766044443118978,5,1,0,0
2026-06-20 02:45:00,2.75,0.6593458151000688,0.7518398074789774,5,1,0,1
2026-06-20 02:50:00,2.8333333333333335,0.6755902076156602,0.7372773368101241,5,1,0,0
2026-06-20 02:55:00,2.9166666666666665,0.6915130557822694,0.7223639620597556,5,1,0,0
2026-06-20 03:00:00,3.0,0.7071067811865476,0.7071067811865476,5,1,0,0
2026-06-20 03:05:00,3.0833333333333335,0.7223639620597555,0.6915130557822694,5,1,0,1
2026-06-20 03:10:00,3.1666666666666665,0.737277336810124,0.6755902076156602,5,1,0,0
2026-06-20 03:15:00,3.25,0.7518398074789774,0.6593458151000688,5,1,0,0
2026-06-20 03:20:00,3.3333333333333335,0.766044443118978,0.6427876096865394,5,1,0,0
2026-06-20 03:25:00,3.4166666666666665,0.7798844830928817,0.6259234721840591,5,1,0,0
2026-06-20 03:30:00,3.5,0.7933533402912352,0.6087614290087207,5,1,0,0
2026-06-20 03:35:00,3.5833333333333335,0.8064446042674825,0.5913096483635825,5,1,0,1
2026-06-20 03:40:00,3.6666666666666665,0.8191520442889917,0.5735764363510462,5,1,0,1
2026-06-20 03:45:00,3.75,0.8314696123025451,0.5555702330196024,5,1,0,1
2026-06-20 03:50:00,3.8333333333333335,0.8433914458128856,0.5372996083468239,5,1,0,1
2026-06-20 03:55:00,3.9166666666666665,0.8549118706729466,0.5187732581605216,5,1,0,0
2026-06-20 04:00:00,4.0,0.8660254037844386,0.5000000000000001,5,1,0,1
2026-06-20 04:05:00,4.083333333333333,0.8767267557075077,0.48098876891938774,5,1,0,0
2026-06-20 04:10:00,4.166666666666667,0.8870108331782217,0.46174861323503386,5,1,0,0
2026-06-20 04:15:00,4.25,0.8968727415326884,0.44228869021900125,5,1,0,0
2026-06-20 04:20:00,4.333333333333333,0.9063077870366498,0.4226182617406996,5,1,0,0
2026-06-20 04:25:00,4.416666666666667,0.9153114791194471,0.40274668985873724,5,1,0,1
2026-06-20 04:30:00,4.5,0.9238795325112867,0.38268343236508984,5,1,0,0
2026-06-20 04:35:00,4.583333333333333,0.9320078692827984,0.3624380382837017,5,1,0,0
2026-06-20 04:40:00,4.666666666666667,0.9396926207859084,0.3420201433256686,5,1,0,0
2026-06-20 04:45:00,4.75,0.9469301294951056,0.3214394653031617,5,1,0,1
2026-06-20 04:50:00,4.833333333333333,0.9537169507482268,0.3007057995042733,5,1,0,0
2026-06-20 04:55:00,4.916666666666667,0.9600498543859287,0.27982901403099203,5,1,0,0
2026-06-20 05:00:00,5.0,0.9659258262890683,0.25881904510252074,5,1,0,0
2026-06-20 05:05:00,5.083333333333333,0.9713420698132614,0.2376858923261731,5,1,0,1
2026-06-20 05:10:00,5.166666666666667,0.9762960071199334,0.2164396139381029,5,1,0,0
2026-06-20 05:15:00,5.25,0.9807852804032304,0.19509032201612833,5,1,0,0
2026-06-20 05:20:00,5.333333333333333,0.984807753012208,0.17364817766693041,5,1,0,0
2026-06-20 05:25:00,5.416666666666667,0.9883615104677607,0.1521233861899168,5,1,0,0
2026-06-20 05:30:00,5.5,0.9914448613738104,0.1305261922200517,5,1,0,0
2026-06-20 05:35:00,5.583333333333333,0.9940563382223196,0.10886687485196474,5,1,0,0
2026-06-20 05:40:00,5.666666666666667,0.9961946980917455,0.08715574274765814,5,1,0,1
2026-06-20 05:45:00,5.75,0.9978589232386035,0.06540312923014327,5,1,0,0
2026-06-20 05:50:00,5.833333333333333,0.9990482215818578,0.04361938736533601,5,1,0,0
2026-06-20 05:55:00,5.916666666666667,0.9997620270799091,0.021814885034560937,5,1,0,1
2026-06-20 06:00:00,6.0,1.0,6.123233995736766e-17,5,1,0,0
2026-06-20 06:05:00,6.083333333333333,0.9997620270799091,-0.02181488503456081,5,1,0,0
2026-06-20 06:10:00,6.166666666666667,0.9990482215818578,-0.04361938736533589,5,1,0,0
2026-06-20 06:15:00,6.25,0.9978589232386035,-0.06540312923014314,5,1,0,0
2026-06-20 06:20:00,6.333333333333333,0.9961946980917455,-0.08715574274765801,5,1,0,1
2026-06-20 06:25:00,6.416666666666667,0.9940563382223196,-0.10886687485196461,5,1,0,0
2026-06-20 06:30:00,6.5,0.9914448613738104,-0.1305261922200516,5,1,0,1
2026-06-20 06:35:00,6.583333333333333,0.9883615104677607,-0.1521233861899167,5,1,0,0
2026-06-20 06:40:00,6.666666666666667,0.984807753012208,-0.1736481776669303,5,1,0,0
2026-06-20 06:45:00,6.75,0.9807852804032304,-0.1950903220161282,5,1,0,0
2026-06-20 06:50:00,6.833333333333333,0.9762960071199334,-0.2164396139381028,5,1,0,0
2026-06-20 06:55:00,6.916666666666667,0.9713420698132614,-0.23768589232617318,5,1,0,0
2026-06-20 07:00:00,7.0,0.9659258262890683,-0.25881904510252063,5,1,0,1
2026-06-20 07:05:00,7.083333333333333,0.9600498543859287,-0.2798290140309919,5,1,0,0
2026-06-20 07:10:00,7.166666666666667,0.9537169507482269,-0.30070579950427295,5,1,0,1
2026-06-20 07:15:00,7.25,0.9469301294951057,-0.3214394653031616,5,1,0,0
2026-06-20 07:20:00,7.333333333333333,0.9396926207859084,-0.3420201433256685,5,1,0,1
2026-06-20 07:25:00,7.416666666666667,0.9320078692827986,-0.3624380382837016,5,1,0,1
2026-06-20 07:30:00,7.5,0.9238795325112868,-0.3826834323650895,5,1,0,1
2026-06-20 07:35:00,7.583333333333333,0.9153114791194472,-0.40274668985873713,5,1,0,1
2026-06-20 07:40:00,7.666666666666667,0.90630778703665,-0.42261826174069933,5,1,0,1
2026-06-20 07:45:00,7.75,0.8968727415326884,-0.44228869021900113,5,1,0,0
2026-06-20 07:50:00,7.833333333333333,0.8870108331782218,-0.4617486132350338,5,1,0,0
2026-06-20 07:55:00,7.916666666666667,0.8767267557075076,-0.48098876891938785,5,1,0,0
2026-06-20 08:00:00,8.0,0.8660254037844387,-0.4999999999999998,5,1,0,1
2026-06-20 08:05:00,8.083333333333334,0.8549118706729465,-0.5187732581605216,5,1,0,0
2026-06-20 08:10:00,8.166666666666666,0.8433914458128858,-0.5372996083468236,5,1,0,1
2026-06-20 08:15:00,8.25,0.8314696123025451,-0.5555702330196023,5,1,0,0
2026-06-20 08:20:00,8.333333333333334,0.8191520442889917,-0.5735764363510462,5,1,0,0
2026-06-20 08:25:00,8.416666666666666,0.8064446042674828,-0.5913096483635821,5,1,0,0
2026-06-20 08:30:00,8.5,0.7933533402912352,-0.6087614290087207,5,1,0,0
2026-06-20 08:35:00,8.583333333333334,0.7798844830928817,-0.6259234721840591,5,1,0,0
2026-06-20 08:40:00,8.666666666666666,0.7660444431189783,-0.642787609686539,5,1,0,0
2026-06-20 08:45:00,8.75,0.7518398074789774,-0.6593458151000688,5,1,0,0
2026-06-20 08:50:00,8.833333333333334,0.7372773368101241,-0.6755902076156602,5,1,0,0
2026-06-20 08:55:00,8.916666666666666,0.7223639620597556,-0.6915130557822693,5,1,0,0
2026-06-20 09:00:00,9.0,0.7071067811865476,-0.7071067811865475,5,1,0,0
2026-06-20 09:05:00,9.083333333333334,0.6915130557822694,-0.7223639620597555,5,1,0,1
2026-06-20 09:10:00,9.166666666666666,0.6755902076156604,-0.737277336810124,5,1,0,0
2026-06-20 09:15:00,9.25,0.659345815100069,-0.7518398074789773,5,1,0,0
2026-06-20 09:20:00,9.333333333333334,0.6427876096865391,-0.7660444431189782,5,1,0,0
2026-06-20 09:25:00,9.416666666666666,0.6259234721840592,-0.7798844830928817,5,1,0,0
2026-06-20 09:30:00,9.5,0.6087614290087209,-0.793353340291235,5,1,0,0
2026-06-20 09:35:00,9.583333333333334,0.5913096483635822,-0.8064446042674827,5,1,0,0
2026-06-20 09:40:00,9.666666666666666,0.5735764363510464,-0.8191520442889916,5,1,0,0
2026-06-20 09:45:00,9.75,0.5555702330196025,-0.831469612302545,5,1,0,0
2026-06-20 09:50:00,9.833333333333334,0.5372996083468238,-0.8433914458128857,5,1,0,0
2026-06-20 09:55:00,9.916666666666666,0.5187732581605218,-0.8549118706729464,5,1,0,1
2026-06-20 10:00:00,10.0,0.49999999999999994,-0.8660254037844387,5,1,0,1
2026-06-20 10:05:00,10.083333333333334,0.48098876891938763,-0.8767267557075077,5,1,0,0
2026-06-20 10:10:00,10.166666666666666,0.4617486132350339,-0.8870108331782217,5,1,0,0
2026-06-20 10:15:00,10.25,0.4422886902190017,-0.8968727415326881,5,1,0,0
2026-06-20 10:20:00,10.333333333333334,0.4226182617406995,-0.9063077870366499,5,1,0,0
2026-06-20 10:25:00,10.416666666666666,0.4027466898587373,-0.9153114791194471,5,1,0,1
2026-06-20 10:30:00,10.5,0.3826834323650899,-0.9238795325112867,5,1,0,0
2026-06-20 10:35:00,10.583333333333334,0.36243803828370136,-0.9320078692827987,5,1,0,0
2026-06-20 10:40:00,10.666666666666666,0.3420201433256689,-0.9396926207859083,5,1,0,0
2026-06-20 10:45:00,10.75,0.32143946530316175,-0.9469301294951056,5,1,0,1
2026-06-20 10:50:00,10.833333333333334,0.30070579950427334,-0.9537169507482268,5,1,0,0
2026-06-20 10:55:00,10.916666666666666,0.2798290140309927,-0.9600498543859285,5,1,0,0
2026-06-20 11:00:00,11.0,0.258819045102521,-0.9659258262890682,5,1,0,0
2026-06-20 11:05:00,11.083333333333334,0.23768589232617293,-0.9713420698132614,5,1,0,0
2026-06-20 11:10:00,11.166666666666666,0.21643961393810318,-0.9762960071199333,5,1,0,0
2026-06-20 11:15:00,11.25,0.19509032201612816,-0.9807852804032304,5,1,0,0
2026-06-20 11:20:00,11.333333333333334,0.17364817766693028,-0.984807753012208,5,1,0,0
2026-06-20 11:25:00,11.416666666666666,0.15212338618991708,-0.9883615104677607,5,1,0,0
2026-06-20 11:30:00,11.5,0.130526192220052,-0.9914448613738104,5,1,0,0
2026-06-20 11:35:00,11.583333333333334,0.10886687485196457,-0.9940563382223196,5,1,0,0
2026-06-20 11:40:00,11.666666666666666,0.0871557427476582,-0.9961946980917455,5,1,0,0
2026-06-20 11:45:00,11.75,0.06540312923014312,-0.9978589232386035,5,1,0,0
2026-06-20 11:50:00,11.833333333333334,0.043619387365335625,-0.9990482215818578,5,1,0,1
2026-06-20 11:55:00,11.916666666666666,0.021814885034561218,-0.9997620270799091,5,1,0,0
2026-06-20 12:00:00,12.0,1.2246467991473532e-16,-1.0,5,1,0,0
2026-06-20 12:05:00,12.083333333333334,-0.021814885034560975,-0.9997620270799091,5,1,0,0
2026-06-20 12:10:00,12.166666666666666,-0.04361938736533538,-0.9990482215818578,5,1,0,0
2026-06-20 12:15:00,12.25,-0.06540312923014287,-0.9978589232386035,5,1,0,1
2026-06-20 12:20:00,12.333333333333334,-0.08715574274765794,-0.9961946980917455,5,1,0,0
2026-06-20 12:25:00,12.416666666666666,-0.10886687485196432,-0.9940563382223196,5,1,0,1
2026-06-20 12:30:00,12.5,-0.13052619222005177,-0.9914448613738104,5,1,0,0
2026-06-20 12:35:00,12.583333333333334,-0.15212338618991683,-0.9883615104677607,5,1,0,0
2026-06-20 12:40:00,12.666666666666666,-0.17364817766693003,-0.9848077530122081,5,1,0,1
2026-06-20 12:45:00,12.75,-0.19509032201612792,-0.9807852804032305,5,1,0,1
2026-06-20 12:50:00,12.833333333333334,-0.21643961393810293,-0.9762960071199334,5,1,0,1
2026-06-20 12:55:00,12.916666666666666,-0.2376858923261727,-0.9713420698132615,5,1,0,1
2026-06-20 13:00:00,13.0,-0.2588190451025208,-0.9659258262890683,5,1,0,0
2026-06-20 13:05:00,13.083333333333334,-0.2798290140309925,-0.9600498543859286,5,1,0,1
2026-06-20 13:10:00,13.166666666666666,-0.30070579950427306,-0.9537169507482269,5,1,0,0
2026-06-20 13:15:00,13.25,-0.32143946530316153,-0.9469301294951057,5,1,0,1
2026-06-20 13:20:00,13.333333333333334,-0.34202014332566866,-0.9396926207859084,5,1,0,0
2026-06-20 13:25:00,13.416666666666666,-0.36243803828370114,-0.9320078692827987,5,1,0,1
2026-06-20 13:30:00,13.5,-0.38268343236508967,-0.9238795325112868,5,1,0,0
2026-06-20 13:35:00,13.583333333333334,-0.4027466898587371,-0.9153114791194472,5,1,0,0
2026-06-20 13:40:00,13.666666666666666,-0.4226182617406993,-0.90630778703665,5,1,0,0
2026-06-20 13:45:00,13.75,-0.44228869021900147,-0.8968727415326883,5,1,0,1
2026-06-20 13:50:00,13.833333333333334,-0.46174861323503413,-0.8870108331782216,5,1,0,0
2026-06-20 13:55:00,13.916666666666666,-0.4809887689193874,-0.8767267557075078,5,1,0,0
2026-06-20 14:00:00,14.0,-0.4999999999999997,-0.8660254037844388,5,1,0,0
2026-06-20 14:05:00,14.083333333333334,-0.5187732581605216,-0.8549118706729465,5,1,0,0
2026-06-20 14:10:00,14.166666666666666,-0.5372996083468236,-0.8433914458128858,5,1,0,1
2026-06-20 14:15:00,14.25,-0.555570233019602,-0.8314696123025455,5,1,0,0
2026-06-20 14:20:00,14.333333333333334,-0.5735764363510458,-0.819152044288992,5,1,0,1
2026-06-20 14:25:00,14.416666666666666,-0.5913096483635824,-0.8064446042674825,5,1,0,0
2026-06-20 14:30:00,14.5,-0.6087614290087207,-0.7933533402912352,5,1,0,0
2026-06-20 14:35:00,14.583333333333334,-0.6259234721840591,-0.7798844830928818,5,1,0,1
2026-06-20 14:40:00,14.666666666666666,-0.6427876096865389,-0.7660444431189783,5,1,0,0
2026-06-20 14:45:00,14.75,-0.6593458151000688,-0.7518398074789774,5,1,0,0
2026-06-20 14:50:00,14.833333333333334,-0.6755902076156601,-0.7372773368101241,5,1,0,0
2026-06-20 14:55:00,14.916666666666666,-0.691513055782269,-0.722363962059756,5,1,0,1
2026-06-20 15:00:00,15.0,-0.7071067811865471,-0.7071067811865479,5,1,0,0
2026-06-20 15:05:00,15.083333333333334,-0.7223639620597557,-0.6915130557822692,5,1,0,1
2026-06-20 15:10:00,15.166666666666666,-0.7372773368101239,-0.6755902076156604,5,1,0,1
2026-06-20 15:15:00,15.25,-0.7518398074789773,-0.6593458151000691,5,1,0,0
2026-06-20 15:20:00,15.333333333333334,-0.7660444431189779,-0.6427876096865395,5,1,0,0
2026-06-20 15:25:00,15.416666666666666,-0.7798844830928814,-0.6259234721840596,5,1,0,0
2026-06-20 15:30:00,15.5,-0.7933533402912349,-0.6087614290087209,5,1,0,0
2026-06-20 15:35:00,15.583333333333334,-0.8064446042674827,-0.5913096483635822,5,1,0,0
2026-06-20 15:40:00,15.666666666666666,-0.8191520442889916,-0.5735764363510464,5,1,0,0
2026-06-20 15:45:00,15.75,-0.8314696123025452,-0.5555702330196022,5,1,0,0
2026-06-20 15:50:00,15.833333333333334,-0.8433914458128859,-0.5372996083468234,5,1,0,1
2026-06-20 15:55:00,15.916666666666666,-0.8549118706729466,-0.5187732581605214,5,1,0,1
2026-06-20 16:00:00,16.0,-0.8660254037844385,-0.5000000000000004,5,1,0,1
2026-06-20 16:05:00,16.083333333333332,-0.8767267557075072,-0.48098876891938847,5,1,0,0
2026-06-20 16:10:00,16.166666666666668,-0.8870108331782218,-0.4617486132350336,5,1,0,0
2026-06-20 16:15:00,16.25,-0.8968727415326883,-0.44228869021900136,5,1,0,0
2026-06-20 16:20:00,16.333333333333332,-0.9063077870366497,-0.42261826174069994,5,1,0,1
2026-06-20 16:25:00,16.416666666666668,-0.9153114791194471,-0.40274668985873735,5,1,0,0
2026-06-20 16:30:00,16.5,-0.9238795325112868,-0.3826834323650895,5,1,0,1
2026-06-20 16:35:00,16.583333333333332,-0.9320078692827984,-0.3624380382837018,5,1,0,0
2026-06-20 16:40:00,16.666666666666668,-0.9396926207859084,-0.34202014332566855,5,1,0,0
2026-06-20 16:45:00,16.75,-0.9469301294951056,-0.3214394653031618,5,1,0,1
2026-06-20 16:50:00,16.833333333333332,-0.9537169507482267,-0.3007057995042738,5,1,0,0
2026-06-20 16:55:00,16.916666666666668,-0.9600498543859286,-0.27982901403099236,5,1,0,1
2026-06-20 17:00:00,17.0,-0.9659258262890683,-0.25881904510252063,5,1,0,1
2026-06-20 17:05:00,17.083333333333332,-0.9713420698132613,-0.23768589232617343,5,1,0,0
2026-06-20 17:10:00,17.166666666666668,-0.9762960071199334,-0.21643961393810282,5,1,0,0
2026-06-20 17:15:00,17.25,-0.9807852804032303,-0.19509032201612866,5,1,0,0
2026-06-20 17:20:00,17.333333333333332,-0.9848077530122079,-0.1736481776669312,5,1,0,1
2026-06-20 17:25:00,17.416666666666668,-0.9883615104677608,-0.15212338618991628,5,1,0,0
2026-06-20 17:30:00,17.5,-0.9914448613738104,-0.13052619222005163,5,1,0,0
2026-06-20 17:35:00,17.583333333333332,-0.9940563382223195,-0.10886687485196507,5,1,0,0
2026-06-20 17:40:00,17.666666666666668,-0.9961946980917455,-0.08715574274765825,5,1,0,1
2026-06-20 17:45:00,17.75,-0.9978589232386035,-0.06540312923014273,5,1,0,0
2026-06-20 17:50:00,17.833333333333332,-0.9990482215818578,-0.04361938736533613,5,1,0,1
2026-06-20 17:55:00,17.916666666666668,-0.9997620270799091,-0.021814885034560836,5,1,0,1
2026-06-20 18:00:00,18.0,-1.0,-1.8369701987210297e-16,5,1,0,0
2026-06-20 18:05:00,18.083333333333332,-0.9997620270799091,0.021814885034560468,5,1,0,0
2026-06-20 18:10:00,18.166666666666668,-0.9990482215818578,0.043619387365335764,5,1,0,1
2026-06-20 18:15:00,18.25,-0.9978589232386036,0.06540312923014237,5,1,0,0
2026-06-20 18:20:00,18.333333333333332,-0.9961946980917455,0.08715574274765789,5,1,0,1
2026-06-20 18:25:00,18.416666666666668,-0.9940563382223196,0.10886687485196471,5,1,0,0
2026-06-20 18:30:00,18.5,-0.9914448613738105,0.13052619222005127,5,1,0,0
2026-06-20 18:35:00,18.583333333333332,-0.9883615104677609,0.15212338618991592,5,1,0,1
2026-06-20 18:40:00,18.666666666666668,-0.984807753012208,0.17364817766693083,5,1,0,0
2026-06-20 18:45:00,18.75,-0.9807852804032304,0.1950903220161283,5,1,0,0
2026-06-20 18:50:00,18.833333333333332,-0.9762960071199335,0.21643961393810246,5,1,0,0
2026-06-20 18:55:00,18.916666666666668,-0.9713420698132614,0.23768589232617307,5,1,0,0
2026-06-20 19:00:00,19.0,-0.9659258262890684,0.2588190451025203,5,1,0,0
2026-06-20 19:05:00,19.083333333333332,-0.9600498543859287,0.279829014030992,5,1,0,0
2026-06-20 19:10:00,19.166666666666668,-0.9537169507482268,0.30070579950427345,5,1,0,1
2026-06-20 19:15:00,19.25,-0.9469301294951057,0.3214394653031615,5,1,0,0
2026-06-20 19:20:00,19.333333333333332,-0.9396926207859085,0.34202014332566816,5,1,0,0
2026-06-20 19:25:00,19.416666666666668,-0.9320078692827986,0.36243803828370147,5,1,0,0
2026-06-20 19:30:00,19.5,-0.923879532511287,0.38268343236508917,5,1,0,1
2026-06-20 19:35:00,19.583333333333332,-0.9153114791194472,0.402746689858737,5,1,0,0
2026-06-20 19:40:00,19.666666666666668,-0.9063077870366498,0.4226182617406996,5,1,0,1
2026-06-20 19:45:00,19.75,-0.8968727415326884,0.442288690219001,5,1,0,0
2026-06-20 19:50:00,19.833333333333332,-0.887010833178222,0.46174861323503325,5,1,0,0
2026-06-20 19:55:00,19.916666666666668,-0.8767267557075075,0.48098876891938813,5,1,0,0
2026-06-20 20:00:00,20.0,-0.8660254037844386,0.5000000000000001,5,1,0,0
2026-06-20 20:05:00,20.083333333333332,-0.8549118706729468,0.5187732581605211,5,1,0,0
2026-06-20 20:10:00,20.166666666666668,-0.8433914458128857,0.5372996083468239,5,1,0,0
2026-06-20 20:15:00,20.25,-0.8314696123025455,0.5555702330196018,5,1,0,1
2026-06-20 20:20:00,20.333333333333332,-0.8191520442889918,0.573576436351046,5,1,0,0
2026-06-20 20:25:00,20.416666666666668,-0.8064446042674829,0.591309648363582,5,1,0,0
2026-06-20 20:30:00,20.5,-0.7933533402912357,0.6087614290087199,5,1,0,0
2026-06-20 20:35:00,20.583333333333332,-0.7798844830928816,0.6259234721840593,5,1,0,1
2026-06-20 20:40:00,20.666666666666668,-0.7660444431189781,0.6427876096865393,5,1,0,0
2026-06-20 20:45:00,20.75,-0.7518398074789772,0.6593458151000691,5,1,0,0
2026-06-20 20:50:00,20.833333333333332,-0.7372773368101242,0.6755902076156601,5,1,0,0
2026-06-20 20:55:00,20.916666666666668,-0.7223639620597554,0.6915130557822695,5,1,0,1
2026-06-20 21:00:00,21.0,-0.7071067811865477,0.7071067811865474,5,1,0,0
2026-06-20 21:05:00,21.083333333333332,-0.6915130557822698,0.7223639620597551,5,1,0,0
2026-06-20 21:10:00,21.166666666666668,-0.6755902076156598,0.7372773368101244,5,1,0,1
2026-06-20 21:15:00,21.25,-0.6593458151000687,0.7518398074789775,5,1,0,1
2026-06-20 21:20:00,21.333333333333332,-0.6427876096865396,0.7660444431189778,5,1,0,0
2026-06-20 21:25:00,21.416666666666668,-0.625923472184059,0.7798844830928818,5,1,0,1
2026-06-20 21:30:00,21.5,-0.608761429008721,0.7933533402912349,5,1,0,0
2026-06-20 21:35:00,21.583333333333332,-0.591309648363583,0.8064446042674821,5,1,0,0
2026-06-20 21:40:00,21.666666666666668,-0.5735764363510465,0.8191520442889916,5,1,0,0
2026-06-20 21:45:00,21.75,-0.555570233019603,0.8314696123025447,5,1,0,0
2026-06-20 21:50:00,21.833333333333332,-0.537299608346825,0.8433914458128849,5,1,0,0
2026-06-20 21:55:00,21.916666666666668,-0.5187732581605214,0.8549118706729466,5,1,0,1
2026-06-20 22:00:00,22.0,-0.5000000000000004,0.8660254037844384,5,1,0,0
2026-06-20 22:05:00,22.083333333333332,-0.48098876891938774,0.8767267557075077,5,1,0,0
2026-06-20 22:10:00,22.166666666666668,-0.46174861323503363,0.8870108331782218,5,1,0,0
2026-06-20 22:15:00,22.25,-0.4422886902190014,0.8968727415326883,5,1,0,1
2026-06-20 22:20:00,22.333333333333332,-0.4226182617407,0.9063077870366497,5,1,0,0
2026-06-20 22:25:00,22.416666666666668,-0.40274668985873663,0.9153114791194474,5,1,0,0
2026-06-20 22:30:00,22.5,-0.38268343236508956,0.9238795325112868,5,1,0,0
2026-06-20 22:35:00,22.583333333333332,-0.36243803828370186,0.9320078692827984,5,1,0,0
2026-06-20 22:40:00,22.666666666666668,-0.3420201433256686,0.9396926207859084,5,1,0,1
2026-06-20 22:45:00,22.75,-0.32143946530316186,0.9469301294951056,5,1,0,1
2026-06-20 22:50:00,22.833333333333332,-0.30070579950427384,0.9537169507482267,5,1,0,0
2026-06-20 22:55:00,22.916666666666668,-0.2798290140309924,0.9600498543859286,5,1,0,1
2026-06-20 23:00:00,23.0,-0.25881904510252157,0.9659258262890681,5,1,0,0
2026-06-20 23:05:00,23.083333333333332,-0.23768589232617435,0.9713420698132611,5,1,0,1
2026-06-20 23:10:00,23.166666666666668,-0.21643961393810288,0.9762960071199334,5,1,0,0
2026-06-20 23:15:00,23.25,-0.19509032201612872,0.9807852804032303,5,1,0,0
2026-06-20 23:20:00,23.333333333333332,-0.1736481776669304,0.984807753012208,5,1,0,0
2026-06-20 23:25:00,23.416666666666668,-0.1521233861899172,0.9883615104677607,5,1,0,0
2026-06-20 23:30:00,23.5,-0.13052619222005168,0.9914448613738104,5,1,0,0
2026-06-20 23:35:00,23.583333333333332,-0.10886687485196514,0.9940563382223195,5,1,0,0
2026-06-20 23:40:00,23.666666666666668,-0.08715574274765743,0.9961946980917455,5,1,0,0
2026-06-20 23:45:00,23.75,-0.0654031292301428,0.9978589232386035,5,1,0,1
2026-06-20 23:50:00,23.833333333333332,-0.043619387365336194,0.9990482215818578,5,1,0,0
2026-06-20 23:55:00,23.916666666666668,-0.0218148850345609,0.9997620270799091,5,1,0,0
2026-06-21 00:00:00,0.0,0.0,1.0,6,1,0,1
2026-06-21 00:05:00,0.08333333333333333,0.02181488503456112,0.9997620270799091,6,1,0,0
2026-06-21 00:10:00,0.16666666666666666,0.043619387365336,0.9990482215818578,6,1,0,0
2026-06-21 00:15:00,0.25,0.06540312923014306,0.9978589232386035,6,1,0,0
2026-06-21 00:20:00,0.3333333333333333,0.08715574274765817,0.9961946980917455,6,1,0,1
2026-06-21 00:25:00,0.4166666666666667,0.10886687485196457,0.9940563382223196,6,1,0,0
2026-06-21 00:30:00,0.5,0.13052619222005157,0.9914448613738104,6,1,0,0
2026-06-21 00:35:00,0.5833333333333334,0.15212338618991672,0.9883615104677607,6,1,0,1
2026-06-21 00:40:00,0.6666666666666666,0.17364817766693033,0.984807753012208,6,1,0,1
2026-06-21 00:45:00,0.75,0.19509032201612825,0.9807852804032304,6,1,0,0
2026-06-21 00:50:00,0.8333333333333334,0.21643961393810288,0.9762960071199334,6,1,0,0
2026-06-21 00:55:00,0.9166666666666666,0.23768589232617307,0.9713420698132614,6,1,0,0
2026-06-21 01:00:00,1.0,0.25881904510252074,0.9659258262890683,6,1,0,1
2026-06-21 01:05:00,1.0833333333333333,0.27982901403099203,0.9600498543859287,6,1,0,0
2026-06-21 01:10:00,1.1666666666666667,0.3007057995042732,0.9537169507482269,6,1,0,0
2026-06-21 01:15:00,1.25,0.3214394653031616,0.9469301294951057,6,1,0,1
2026-06-21 01:20:00,1.3333333333333333,0.3420201433256687,0.9396926207859084,6,1,0,0
2026-06-21 01:25:00,1.4166666666666667,0.36243803828370164,0.9320078692827986,6,1,0,0
2026-06-21 01:30:00,1.5,0.3826834323650898,0.9238795325112867,6,1,0,0
2026-06-21 01:35:00,1.5833333333333335,0.40274668985873724,0.9153114791194471,6,1,0,0
2026-06-21 01:40:00,1.6666666666666665,0.4226182617406994,0.9063077870366499,6,1,0,0
2026-06-21 01:45:00,1.75,0.44228869021900125,0.8968727415326884,6,1,0,0
2026-06-21 01:50:00,1.8333333333333335,0.46174861323503397,0.8870108331782217,6,1,0,0
2026-06-21 01:55:00,1.9166666666666665,0.48098876891938763,0.8767267557075077,6,1,0,0
2026-06-21 02:00:00,2.0,0.49999999999999994,0.8660254037844387,6,1,0,1
2026-06-21 02:05:00,2.0833333333333335,0.5187732581605214,0.8549118706729466,6,1,0,0
2026-06-21 02:10:00,2.1666666666666665,0.5372996083468238,0.8433914458128857,6,1,0,1
2026-06-21 02:15:00,2.25,0.5555702330196022,0.8314696123025452,6,1,0,0
2026-06-21 02:20:00,2.3333333333333335,0.5735764363510462,0.8191520442889918,6,1,0,1
2026-06-21 02:25:00,2.4166666666666665,0.5913096483635824,0.8064446042674827,6,1,0,1
2026-06-21 02:30:00,2.5,0.6087614290087207,0.7933533402912352,6,1,0,0
2026-06-21 02:35:00,2.5833333333333335,0.6259234721840591,0.7798844830928818,6,1,0,1
2026-06-21 02:40:00,2.6666666666666665,0.6427876096865393,0.766044443118978,6,1,0,1
2026-06-21 02:45:00,2.75,0.6593458151000688,0.7518398074789774,6,1,0,0
2026-06-21 02:50:00,2.8333333333333335,0.6755902076156602,0.7372773368101241,6,1,0,0
2026-06-21 02:55:00,2.9166666666666665,0.6915130557822694,0.7223639620597556,6,1,0,0
2026-06-21 03:00:00,3.0,0.7071067811865476,0.7071067811865476,6,1,0,1
2026-06-21 03:05:00,3.0833333333333335,0.7223639620597555,0.6915130557822694,6,1,0,1
2026-06-21 03:10:00,3.1666666666666665,0.737277336810124,0.6755902076156602,6,1,0,1
2026-06-21 03:15:00,3.25,0.7518398074789774,0.6593458151000688,6,1,0,0
2026-06-21 03:20:00,3.3333333333333335,0.766044443118978,0.6427876096865394,6,1,0,1
2026-06-21 03:25:00,3.4166666666666665,0.7798844830928817,0.6259234721840591,6,1,0,0
2026-06-21 03:30:00,3.5,0.7933533402912352,0.6087614290087207,6,1,0,0
2026-06-21 03:35:00,3.5833333333333335,0.8064446042674825,0.5913096483635825,6,1,0,0
2026-06-21 03:40:00,3.6666666666666665,0.8191520442889917,0.5735764363510462,6,1,0,0
2026-06-21 03:45:00,3.75,0.8314696123025451,0.5555702330196024,6,1,0,0
2026-06-21 03:50:00,3.8333333333333335,0.8433914458128856,0.5372996083468239,6,1,0,0
2026-06-21 03:55:00,3.9166666666666665,0.8549118706729466,0.5187732581605216,6,1,0,0
2026-06-21 04:00:00,4.0,0.8660254037844386,0.5000000000000001,6,1,0,0
2026-06-21 04:05:00,4.083333333333333,0.8767267557075077,0.48098876891938774,6,1,0,0
2026-06-21 04:10:00,4.166666666666667,0.8870108331782217,0.46174861323503386,6,1,0,0
2026-06-21 04:15:00,4.25,0.8968727415326884,0.44228869021900125,6,1,0,0
2026-06-21 04:20:00,4.333333333333333,0.9063077870366498,0.4226182617406996,6,1,0,0
2026-06-21 04:25:00,4.416666666666667,0.9153114791194471,0.40274668985873724,6,1,0,0
2026-06-21 04:30:00,4.5,0.9238795325112867,0.38268343236508984,6,1,0,0
2026-06-21 04:35:00,4.583333333333333,0.9320078692827984,0.3624380382837017,6,1,0,0
2026-06-21 04:40:00,4.666666666666667,0.9396926207859084,0.3420201433256686,6,1,0,0
2026-06-21 04:45:00,4.75,0.9469301294951056,0.3214394653031617,6,1,0,0
2026-06-21 04:50:00,4.833333333333333,0.9537169507482268,0.3007057995042733,6,1,0,0
2026-06-21 04:55:00,4.916666666666667,0.9600498543859287,0.27982901403099203,6,1,0,1
2026-06-21 05:00:00,5.0,0.9659258262890683,0.25881904510252074,6,1,0,0
2026-06-21 05:05:00,5.083333333333333,0.9713420698132614,0.2376858923261731,6,1,0,0
2026-06-21 05:10:00,5.166666666666667,0.9762960071199334,0.2164396139381029,6,1,0,0
2026-06-21 05:15:00,5.25,0.9807852804032304,0.19509032201612833,6,1,0,0
2026-06-21 05:20:00,5.333333333333333,0.984807753012208,0.17364817766693041,6,1,0,0
2026-06-21 05:25:00,5.416666666666667,0.9883615104677607,0.1521233861899168,6,1,0,0
2026-06-21 05:30:00,5.5,0.9914448613738104,0.1305261922200517,6,1,0,0
2026-06-21 05:35:00,5.583333333333333,0.9940563382223196,0.10886687485196474,6,1,0,0
2026-06-21 05:40:00,5.666666666666667,0.9961946980917455,0.08715574274765814,6,1,0,0
2026-06-21 05:45:00,5.75,0.9978589232386035,0.06540312923014327,6,1,0,1
2026-06-21 05:50:00,5.833333333333333,0.9990482215818578,0.04361938736533601,6,1,0,1
2026-06-21 05:55:00,5.916666666666667,0.9997620270799091,0.021814885034560937,6,1,0,1
2026-06-21 06:00:00,6.0,1.0,6.123233995736766e-17,6,1,0,1
2026-06-21 06:05:00,6.083333333333333,0.9997620270799091,-0.02181488503456081,6,1,0,0
2026-06-21 06:10:00,6.166666666666667,0.9990482215818578,-0.04361938736533589,6,1,0,0
2026-06-21 06:15:00,6.25,0.9978589232386035,-0.06540312923014314,6,1,0,0
2026-06-21 06:20:00,6.333333333333333,0.9961946980917455,-0.08715574274765801,6,1,0,0
2026-06-21 06:25:00,6.416666666666667,0.9940563382223196,-0.10886687485196461,6,1,0,1
2026-06-21 06:30:00,6.5,0.9914448613738104,-0.1305261922200516,6,1,0,0
2026-06-21 06:35:00,6.583333333333333,0.9883615104677607,-0.1521233861899167,6,1,0,1
2026-06-21 06:40:00,6.666666666666667,0.984807753012208,-0.1736481776669303,6,1,0,0
2026-06-21 06:45:00,6.75,0.9807852804032304,-0.1950903220161282,6,1,0,1
2026-06-21 06:50:00,6.833333333333333,0.9762960071199334,-0.2164396139381028,6,1,0,0
2026-06-21 06:55:00,6.916666666666667,0.9713420698132614,-0.23768589232617318,6,1,0,0
2026-06-21 07:00:00,7.0,0.9659258262890683,-0.25881904510252063,6,1,0,0
2026-06-21 07:05:00,7.083333333333333,0.9600498543859287,-0.2798290140309919,6,1,0,0
2026-06-21 07:10:00,7.166666666666667,0.9537169507482269,-0.30070579950427295,6,1,0,0
2026-06-21 07:15:00,7.25,0.9469301294951057,-0.3214394653031616,6,1,0,0
2026-06-21 07:20:00,7.333333333333333,0.9396926207859084,-0.3420201433256685,6,1,0,1
2026-06-21 07:25:00,7.416666666666667,0.9320078692827986,-0.3624380382837016,6,1,0,0
2026-06-21 07:30:00,7.5,0.9238795325112868,-0.3826834323650895,6,1,0,0
2026-06-21 07:35:00,7.583333333333333,0.9153114791194472,-0.40274668985873713,6,1,0,0
2026-06-21 07:40:00,7.666666666666667,0.90630778703665,-0.42261826174069933,6,1,0,1
2026-06-21 07:45:00,7.75,0.8968727415326884,-0.44228869021900113,6,1,0,0
2026-06-21 07:50:00,7.833333333333333,0.8870108331782218,-0.4617486132350338,6,1,0,0
2026-06-21 07:55:00,7.916666666666667,0.8767267557075076,-0.48098876891938785,6,1,0,0
2026-06-21 08:00:00,8.0,0.8660254037844387,-0.4999999999999998,6,1,0,0
2026-06-21 08:05:00,8.083333333333334,0.8549118706729465,-0.5187732581605216,6,1,0,0
2026-06-21 08:10:00,8.166666666666666,0.8433914458128858,-0.5372996083468236,6,1,0,0
2026-06-21 08:15:00,8.25,0.8314696123025451,-0.5555702330196023,6,1,0,0
2026-06-21 08:20:00,8.333333333333334,0.8191520442889917,-0.5735764363510462,6,1,0,1
2026-06-21 08:25:00,8.416666666666666,0.8064446042674828,-0.5913096483635821,6,1,0,0
2026-06-21 08:30:00,8.5,0.7933533402912352,-0.6087614290087207,6,1,0,0
2026-06-21 08:35:00,8.583333333333334,0.7798844830928817,-0.6259234721840591,6,1,0,0
2026-06-21 08:40:00,8.666666666666666,0.7660444431189783,-0.642787609686539,6,1,0,1
2026-06-21 08:45:00,8.75,0.7518398074789774,-0.6593458151000688,6,1,0,0
2026-06-21 08:50:00,8.833333333333334,0.7372773368101241,-0.6755902076156602,6,1,0,1
2026-06-21 08:55:00,8.916666666666666,0.7223639620597556,-0.6915130557822693,6,1,0,0
2026-06-21 09:00:00,9.0,0.7071067811865476,-0.7071067811865475,6,1,0,0
2026-06-21 09:05:00,9.083333333333334,0.6915130557822694,-0.7223639620597555,6,1,0,0
2026-06-21 09:10:00,9.166666666666666,0.6755902076156604,-0.737277336810124,6,1,0,1
2026-06-21 09:15:00,9.25,0.659345815100069,-0.7518398074789773,6,1,0,0
2026-06-21 09:20:00,9.333333333333334,0.6427876096865391,-0.7660444431189782,6,1,0,1
2026-06-21 09:25:00,9.416666666666666,0.6259234721840592,-0.7798844830928817,6,1,0,1
2026-06-21 09:30:00,9.5,0.6087614290087209,-0.793353340291235,6,1,0,0
2026-06-21 09:35:00,9.583333333333334,0.5913096483635822,-0.8064446042674827,6,1,0,0
2026-06-21 09:40:00,9.666666666666666,0.5735764363510464,-0.8191520442889916,6,1,0,0
2026-06-21 09:45:00,9.75,0.5555702330196025,-0.831469612302545,6,1,0,0
2026-06-21 09:50:00,9.833333333333334,0.5372996083468238,-0.8433914458128857,6,1,0,1
2026-06-21 09:55:00,9.916666666666666,0.5187732581605218,-0.8549118706729464,6,1,0,1
2026-06-21 10:00:00,10.0,0.49999999999999994,-0.8660254037844387,6,1,0,0
2026-06-21 10:05:00,10.083333333333334,0.48098876891938763,-0.8767267557075077,6,1,0,0
2026-06-21 10:10:00,10.166666666666666,0.4617486132350339,-0.8870108331782217,6,1,0,1
2026-06-21 10:15:00,10.25,0.4422886902190017,-0.8968727415326881,6,1,0,0
2026-06-21 10:20:00,10.333333333333334,0.4226182617406995,-0.9063077870366499,6,1,0,1
2026-06-21 10:25:00,10.416666666666666,0.4027466898587373,-0.9153114791194471,6,1,0,0
2026-06-21 10:30:00,10.5,0.3826834323650899,-0.9238795325112867,6,1,0,0
2026-06-21 10:35:00,10.583333333333334,0.36243803828370136,-0.9320078692827987,6,1,0,0
2026-06-21 10:40:00,10.666666666666666,0.3420201433256689,-0.9396926207859083,6,1,0,0
2026-06-21 10:45:00,10.75,0.32143946530316175,-0.9469301294951056,6,1,0,0
2026-06-21 10:50:00,10.833333333333334,0.30070579950427334,-0.9537169507482268,6,1,0,0
2026-06-21 10:55:00,10.916666666666666,0.2798290140309927,-0.9600498543859285,6,1,0,0
2026-06-21 11:00:00,11.0,0.258819045102521,-0.9659258262890682,6,1,0,1
2026-06-21 11:05:00,11.083333333333334,0.23768589232617293,-0.9713420698132614,6,1,0,1
2026-06-21 11:10:00,11.166666666666666,0.21643961393810318,-0.9762960071199333,6,1,0,0
2026-06-21 11:15:00,11.25,0.19509032201612816,-0.9807852804032304,6,1,0,0
2026-06-21 11:20:00,11.333333333333334,0.17364817766693028,-0.984807753012208,6,1,0,0
2026-06-21 11:25:00,11.416666666666666,0.15212338618991708,-0.9883615104677607,6,1,0,0
2026-06-21 11:30:00,11.5,0.130526192220052,-0.9914448613738104,6,1,0,0
2026-06-21 11:35:00,11.583333333333334,0.10886687485196457,-0.9940563382223196,6,1,0,0
2026-06-21 11:40:00,11.666666666666666,0.0871557427476582,-0.9961946980917455,6,1,0,0
2026-06-21 11:45:00,11.75,0.06540312923014312,-0.9978589232386035,6,1,0,0
2026-06-21 11:50:00,11.833333333333334,0.043619387365335625,-0.9990482215818578,6,1,0,0
2026-06-21 11:55:00,11.916666666666666,0.021814885034561218,-0.9997620270799091,6,1,0,0
2026-06-21 12:00:00,12.0,1.2246467991473532e-16,-1.0,6,1,0,1
2026-06-21 12:05:00,12.083333333333334,-0.021814885034560975,-0.9997620270799091,6,1,0,0
2026-06-21 12:10:00,12.166666666666666,-0.04361938736533538,-0.9990482215818578,6,1,0,0
2026-06-21 12:15:00,12.25,-0.06540312923014287,-0.9978589232386035,6,1,0,0
2026-06-21 12:20:00,12.333333333333334,-0.08715574274765794,-0.9961946980917455,6,1,0,0
2026-06-21 12:25:00,12.416666666666666,-0.10886687485196432,-0.9940563382223196,6,1,0,1
2026-06-21 12:30:00,12.5,-0.13052619222005177,-0.9914448613738104,6,1,0,0
2026-06-21 12:35:00,12.583333333333334,-0.15212338618991683,-0.9883615104677607,6,1,0,1
2026-06-21 12:40:00,12.666666666666666,-0.17364817766693003,-0.9848077530122081,6,1,0,0
2026-06-21 12:45:00,12.75,-0.19509032201612792,-0.9807852804032305,6,1,0,0
2026-06-21 12:50:00,12.833333333333334,-0.21643961393810293,-0.9762960071199334,6,1,0,1
2026-06-21 12:55:00,12.916666666666666,-0.2376858923261727,-0.9713420698132615,6,1,0,0
2026-06-21 13:00:00,13.0,-0.2588190451025208,-0.9659258262890683,6,1,0,0
2026-06-21 13:05:00,13.083333333333334,-0.2798290140309925,-0.9600498543859286,6,1,0,0
2026-06-21 13:10:00,13.166666666666666,-0.30070579950427306,-0.9537169507482269,6,1,0,0
2026-06-21 13:15:00,13.25,-0.32143946530316153,-0.9469301294951057,6,1,0,1
2026-06-21 13:20:00,13.333333333333334,-0.34202014332566866,-0.9396926207859084,6,1,0,0
2026-06-21 13:25:00,13.416666666666666,-0.36243803828370114,-0.9320078692827987,6,1,0,0
2026-06-21 13:30:00,13.5,-0.38268343236508967,-0.9238795325112868,6,1,0,0
2026-06-21 13:35:00,13.583333333333334,-0.4027466898587371,-0.9153114791194472,6,1,0,0
2026-06-21 13:40:00,13.666666666666666,-0.4226182617406993,-0.90630778703665,6,1,0,0
2026-06-21 13:45:00,13.75,-0.44228869021900147,-0.8968727415326883,6,1,0,0
2026-06-21 13:50:00,13.833333333333334,-0.46174861323503413,-0.8870108331782216,6,1,0,0
2026-06-21 13:55:00,13.916666666666666,-0.4809887689193874,-0.8767267557075078,6,1,0,1
2026-06-21 14:00:00,14.0,-0.4999999999999997,-0.8660254037844388,6,1,0,0
2026-06-21 14:05:00,14.083333333333334,-0.5187732581605216,-0.8549118706729465,6,1,0,0
2026-06-21 14:10:00,14.166666666666666,-0.5372996083468236,-0.8433914458128858,6,1,0,1
2026-06-21 14:15:00,14.25,-0.555570233019602,-0.8314696123025455,6,1,0,0
2026-06-21 14:20:00,14.333333333333334,-0.5735764363510458,-0.819152044288992,6,1,0,0
2026-06-21 14:25:00,14.416666666666666,-0.5913096483635824,-0.8064446042674825,6,1,0,0
2026-06-21 14:30:00,14.5,-0.6087614290087207,-0.7933533402912352,6,1,0,0
2026-06-21 14:35:00,14.583333333333334,-0.6259234721840591,-0.7798844830928818,6,1,0,0
2026-06-21 14:40:00,14.666666666666666,-0.6427876096865389,-0.7660444431189783,6,1,0,1
2026-06-21 14:45:00,14.75,-0.6593458151000688,-0.7518398074789774,6,1,0,0
2026-06-21 14:50:00,14.833333333333334,-0.6755902076156601,-0.7372773368101241,6,1,0,0
2026-06-21 14:55:00,14.916666666666666,-0.691513055782269,-0.722363962059756,6,1,0,1
2026-06-21 15:00:00,15.0,-0.7071067811865471,-0.7071067811865479,6,1,0,0
2026-06-21 15:05:00,15.083333333333334,-0.7223639620597557,-0.6915130557822692,6,1,0,0
2026-06-21 15:10:00,15.166666666666666,-0.7372773368101239,-0.6755902076156604,6,1,0,0
2026-06-21 15:15:00,15.25,-0.7518398074789773,-0.6593458151000691,6,1,0,1
2026-06-21 15:20:00,15.333333333333334,-0.7660444431189779,-0.6427876096865395,6,1,0,0
2026-06-21 15:25:00,15.416666666666666,-0.7798844830928814,-0.6259234721840596,6,1,0,0
2026-06-21 15:30:00,15.5,-0.7933533402912349,-0.6087614290087209,6,1,0,0
2026-06-21 15:35:00,15.583333333333334,-0.8064446042674827,-0.5913096483635822,6,1,0,0
2026-06-21 15:40:00,15.666666666666666,-0.8191520442889916,-0.5735764363510464,6,1,0,0
2026-06-21 15:45:00,15.75,-0.8314696123025452,-0.5555702330196022,6,1,0,0
2026-06-21 15:50:00,15.833333333333334,-0.8433914458128859,-0.5372996083468234,6,1,0,1
2026-06-21 15:55:00,15.916666666666666,-0.8549118706729466,-0.5187732581605214,6,1,0,0
2026-06-21 16:00:00,16.0,-0.8660254037844385,-0.5000000000000004,6,1,0,0
2026-06-21 16:05:00,16.083333333333332,-0.8767267557075072,-0.48098876891938847,6,1,0,1
2026-06-21 16:10:00,16.166666666666668,-0.8870108331782218,-0.4617486132350336,6,1,0,1
2026-06-21 16:15:00,16.25,-0.8968727415326883,-0.44228869021900136,6,1,0,0
2026-06-21 16:20:00,16.333333333333332,-0.9063077870366497,-0.42261826174069994,6,1,0,0
2026-06-21 16:25:00,16.416666666666668,-0.9153114791194471,-0.40274668985873735,6,1,0,0
2026-06-21 16:30:00,16.5,-0.9238795325112868,-0.3826834323650895,6,1,0,1
2026-06-21 16:35:00,16.583333333333332,-0.9320078692827984,-0.3624380382837018,6,1,0,1
2026-06-21 16:40:00,16.666666666666668,-0.9396926207859084,-0.34202014332566855,6,1,0,0
2026-06-21 16:45:00,16.75,-0.9469301294951056,-0.3214394653031618,6,1,0,1
2026-06-21 16:50:00,16.833333333333332,-0.9537169507482267,-0.3007057995042738,6,1,0,0
2026-06-21 16:55:00,16.916666666666668,-0.9600498543859286,-0.27982901403099236,6,1,0,0
2026-06-21 17:00:00,17.0,-0.9659258262890683,-0.25881904510252063,6,1,0,0
2026-06-21 17:05:00,17.083333333333332,-0.9713420698132613,-0.23768589232617343,6,1,0,1
2026-06-21 17:10:00,17.166666666666668,-0.9762960071199334,-0.21643961393810282,6,1,0,0
2026-06-21 17:15:00,17.25,-0.9807852804032303,-0.19509032201612866,6,1,0,1
2026-06-21 17:20:00,17.333333333333332,-0.9848077530122079,-0.1736481776669312,6,1,0,1
2026-06-21 17:25:00,17.416666666666668,-0.9883615104677608,-0.15212338618991628,6,1,0,1
2026-06-21 17:30:00,17.5,-0.9914448613738104,-0.13052619222005163,6,1,0,0
2026-06-21 17:35:00,17.583333333333332,-0.9940563382223195,-0.10886687485196507,6,1,0,0
2026-06-21 17:40:00,17.666666666666668,-0.9961946980917455,-0.08715574274765825,6,1,0,0
2026-06-21 17:45:00,17.75,-0.9978589232386035,-0.06540312923014273,6,1,0,0
2026-06-21 17:50:00,17.833333333333332,-0.9990482215818578,-0.04361938736533613,6,1,0,0
2026-06-21 17:55:00,17.916666666666668,-0.9997620270799091,-0.021814885034560836,6,1,0,1
2026-06-21 18:00:00,18.0,-1.0,-1.8369701987210297e-16,6,1,0,0
2026-06-21 18:05:00,18.083333333333332,-0.9997620270799091,0.021814885034560468,6,1,0,0
2026-06-21 18:10:00,18.166666666666668,-0.9990482215818578,0.043619387365335764,6,1,0,0
2026-06-21 18:15:00,18.25,-0.9978589232386036,0.06540312923014237,6,1,0,0
2026-06-21 18:20:00,18.333333333333332,-0.9961946980917455,0.08715574274765789,6,1,0,0
2026-06-21 18:25:00,18.416666666666668,-0.9940563382223196,0.10886687485196471,6,1,0,0
2026-06-21 18:30:00,18.5,-0.9914448613738105,0.13052619222005127,6,1,0,1
2026-06-21 18:35:00,18.583333333333332,-0.9883615104677609,0.15212338618991592,6,1,0,0
2026-06-21 18:40:00,18.666666666666668,-0.984807753012208,0.17364817766693083,6,1,0,1
2026-06-21 18:45:00,18.75,-0.9807852804032304,0.1950903220161283,6,1,0,1
2026-06-21 18:50:00,18.833333333333332,-0.9762960071199335,0.21643961393810246,6,1,0,0
2026-06-21 18:55:00,18.916666666666668,-0.9713420698132614,0.23768589232617307,6,1,0,1
2026-06-21 19:00:00,19.0,-0.9659258262890684,0.2588190451025203,6,1,0,0
2026-06-21 19:05:00,19.083333333333332,-0.9600498543859287,0.279829014030992,6,1,0,1
2026-06-21 19:10:00,19.166666666666668,-0.9537169507482268,0.30070579950427345,6,1,0,0
2026-06-21 19:15:00,19.25,-0.9469301294951057,0.3214394653031615,6,1,0,1
2026-06-21 19:20:00,19.333333333333332,-0.9396926207859085,0.34202014332566816,6,1,0,1
2026-06-21 19:25:00,19.416666666666668,-0.9320078692827986,0.36243803828370147,6,1,0,1
2026-06-21 19:30:00,19.5,-0.923879532511287,0.38268343236508917,6,1,0,1
2026-06-21 19:35:00,19.583333333333332,-0.9153114791194472,0.402746689858737,6,1,0,0
2026-06-21 19:40:00,19.666666666666668,-0.9063077870366498,0.4226182617406996,6,1,0,0
2026-06-21 19:45:00,19.75,-0.8968727415326884,0.442288690219001,6,1,0,0
2026-06-21 19:50:00,19.833333333333332,-0.887010833178222,0.46174861323503325,6,1,0,0
2026-06-21 19:55:00,19.916666666666668,-0.8767267557075075,0.48098876891938813,6,1,0,0
2026-06-21 20:00:00,20.0,-0.8660254037844386,0.5000000000000001,6,1,0,0
2026-06-21 20:05:00,20.083333333333332,-0.8549118706729468,0.5187732581605211,6,1,0,1
2026-06-21 20:10:00,20.166666666666668,-0.8433914458128857,0.5372996083468239,6,1,0,0
2026-06-21 20:15:00,20.25,-0.8314696123025455,0.5555702330196018,6,1,0,1
2026-06-21 20:20:00,20.333333333333332,-0.8191520442889918,0.573576436351046,6,1,0,0
2026-06-21 20:25:00,20.416666666666668,-0.8064446042674829,0.591309648363582,6,1,0,1
2026-06-21 20:30:00,20.5,-0.7933533402912357,0.6087614290087199,6,1,0,1
2026-06-21 20:35:00,20.583333333333332,-0.7798844830928816,0.6259234721840593,6,1,0,0
2026-06-21 20:40:00,20.666666666666668,-0.7660444431189781,0.6427876096865393,6,1,0,0
2026-06-21 20:45:00,20.75,-0.7518398074789772,0.6593458151000691,6,1,0,1
2026-06-21 20:50:00,20.833333333333332,-0.7372773368101242,0.6755902076156601,6,1,0,0
2026-06-21 20:55:00,20.916666666666668,-0.7223639620597554,0.6915130557822695,6,1,0,0
2026-06-21 21:00:00,21.0,-0.7071067811865477,0.7071067811865474,6,1,0,0
2026-06-21 21:05:00,21.083333333333332,-0.6915130557822698,0.7223639620597551,6,1,0,0
2026-06-21 21:10:00,21.166666666666668,-0.6755902076156598,0.7372773368101244,6,1,0,0
2026-06-21 21:15:00,21.25,-0.6593458151000687,0.7518398074789775,6,1,0,0
2026-06-21 21:20:00,21.333333333333332,-0.6427876096865396,0.7660444431189778,6,1,0,0
2026-06-21 21:25:00,21.416666666666668,-0.625923472184059,0.7798844830928818,6,1,0,0
2026-06-21 21:30:00,21.5,-0.608761429008721,0.7933533402912349,6,1,0,1
2026-06-21 21:35:00,21.583333333333332,-0.591309648363583,0.8064446042674821,6,1,0,0
2026-06-21 21:40:00,21.666666666666668,-0.5735764363510465,0.8191520442889916,6,1,0,1
2026-06-21 21:45:00,21.75,-0.555570233019603,0.8314696123025447,6,1,0,0
2026-06-21 21:50:00,21.833333333333332,-0.537299608346825,0.8433914458128849,6,1,0,0
2026-06-21 21:55:00,21.916666666666668,-0.5187732581605214,0.8549118706729466,6,1,0,0
2026-06-21 22:00:00,22.0,-0.5000000000000004,0.8660254037844384,6,1,0,0
2026-06-21 22:05:00,22.083333333333332,-0.48098876891938774,0.8767267557075077,6,1,0,0
2026-06-21 22:10:00,22.166666666666668,-0.46174861323503363,0.8870108331782218,6,1,0,0
2026-06-21 22:15:00,22.25,-0.4422886902190014,0.8968727415326883,6,1,0,0
2026-06-21 22:20:00,22.333333333333332,-0.4226182617407,0.9063077870366497,6,1,0,0
2026-06-21 22:25:00,22.416666666666668,-0.40274668985873663,0.9153114791194474,6,1,0,0
2026-06-21 22:30:00,22.5,-0.38268343236508956,0.9238795325112868,6,1,0,0
2026-06-21 22:35:00,22.583333333333332,-0.36243803828370186,0.9320078692827984,6,1,0,0
2026-06-21 22:40:00,22.666666666666668,-0.3420201433256686,0.9396926207859084,6,1,0,1
2026-06-21 22:45:00,22.75,-0.32143946530316186,0.9469301294951056,6,1,0,0
2026-06-21 22:50:00,22.833333333333332,-0.30070579950427384,0.9537169507482267,6,1,0,0
2026-06-21 22:55:00,22.916666666666668,-0.2798290140309924,0.9600498543859286,6,1,0,1
2026-06-21 23:00:00,23.0,-0.25881904510252157,0.9659258262890681,6,1,0,0
2026-06-21 23:05:00,23.083333333333332,-0.23768589232617435,0.9713420698132611,6,1,0,0
2026-06-21 23:10:00,23.166666666666668,-0.21643961393810288,0.9762960071199334,6,1,0,1
2026-06-21 23:15:00,23.25,-0.19509032201612872,0.9807852804032303,6,1,0,0
2026-06-21 23:20:00,23.333333333333332,-0.1736481776669304,0.984807753012208,6,1,0,0
2026-06-21 23:25:00,23.416666666666668,-0.1521233861899172,0.9883615104677607,6,1,0,0
2026-06-21 23:30:00,23.5,-0.13052619222005168,0.9914448613738104,6,1,0,0
2026-06-21 23:35:00,23.583333333333332,-0.10886687485196514,0.9940563382223195,6,1,0,0
2026-06-21 23:40:00,23.666666666666668,-0.08715574274765743,0.9961946980917455,6,1,0,0
2026-06-21 23:45:00,23.75,-0.0654031292301428,0.9978589232386035,6,1,0,0
2026-06-21 23:50:00,23.833333333333332,-0.043619387365336194,0.9990482215818578,6,1,0,0
2026-06-21 23:55:00,23.916666666666668,-0.0218148850345609,0.9997620270799091,6,1,0,1
2026-06-22 00:00:00,0.0,0.0,1.0,0,0,0,0
2026-06-22 00:05:00,0.08333333333333333,0.02181488503456112,0.9997620270799091,0,0,0,0
2026-06-22 00:10:00,0.16666666666666666,0.043619387365336,0.9990482215818578,0,0,0,0
2026-06-22 00:15:00,0.25,0.06540312923014306,0.9978589232386035,0,0,0,0
2026-06-22 00:20:00,0.3333333333333333,0.08715574274765817,0.9961946980917455,0,0,0,0
2026-06-22 00:25:00,0.4166666666666667,0.10886687485196457,0.9940563382223196,0,0,0,0
2026-06-22 00:30:00,0.5,0.13052619222005157,0.9914448613738104,0,0,0,0
2026-06-22 00:35:00,0.5833333333333334,0.15212338618991672,0.9883615104677607,0,0,0,0
2026-06-22 00:40:00,0.6666666666666666,0.17364817766693033,0.984807753012208,0,0,0,0
2026-06-22 00:45:00,0.75,0.19509032201612825,0.9807852804032304,0,0,0,0
2026-06-22 00:50:00,0.8333333333333334,0.21643961393810288,0.9762960071199334,0,0,0,0
2026-06-22 00:55:00,0.9166666666666666,0.23768589232617307,0.9713420698132614,0,0,0,0
2026-06-22 01:00:00,1.0,0.25881904510252074,0.9659258262890683,0,0,0,0
2026-06-22 01:05:00,1.0833333333333333,0.27982901403099203,0.9600498543859287,0,0,0,0
2026-06-22 01:10:00,1.1666666666666667,0.3007057995042732,0.9537169507482269,0,0,0,0
2026-06-22 01:15:00,1.25,0.3214394653031616,0.9469301294951057,0,0,0,0
2026-06-22 01:20:00,1.3333333333333333,0.3420201433256687,0.9396926207859084,0,0,0,0
2026-06-22 01:25:00,1.4166666666666667,0.36243803828370164,0.9320078692827986,0,0,0,0
2026-06-22 01:30:00,1.5,0.3826834323650898,0.9238795325112867,0,0,0,0
2026-06-22 01:35:00,1.5833333333333335,0.40274668985873724,0.9153114791194471,0,0,0,0
2026-06-22 01:40:00,1.6666666666666665,0.4226182617406994,0.9063077870366499,0,0,0,0
2026-06-22 01:45:00,1.75,0.44228869021900125,0.8968727415326884,0,0,0,0
2026-06-22 01:50:00,1.8333333333333335,0.46174861323503397,0.8870108331782217,0,0,0,0
2026-06-22 01:55:00,1.9166666666666665,0.48098876891938763,0.8767267557075077,0,0,0,0
2026-06-22 02:00:00,2.0,0.49999999999999994,0.8660254037844387,0,0,0,0
2026-06-22 02:05:00,2.0833333333333335,0.5187732581605214,0.8549118706729466,0,0,0,0
2026-06-22 02:10:00,2.1666666666666665,0.5372996083468238,0.8433914458128857,0,0,0,0
2026-06-22 02:15:00,2.25,0.5555702330196022,0.8314696123025452,0,0,0,0
2026-06-22 02:20:00,2.3333333333333335,0.5735764363510462,0.8191520442889918,0,0,0,0
2026-06-22 02:25:00,2.4166666666666665,0.5913096483635824,0.8064446042674827,0,0,0,0
2026-06-22 02:30:00,2.5,0.6087614290087207,0.7933533402912352,0,0,0,0
2026-06-22 02:35:00,2.5833333333333335,0.6259234721840591,0.7798844830928818,0,0,0,0
2026-06-22 02:40:00,2.6666666666666665,0.6427876096865393,0.766044443118978,0,0,0,0
2026-06-22 02:45:00,2.75,0.6593458151000688,0.7518398074789774,0,0,0,0
2026-06-22 02:50:00,2.8333333333333335,0.6755902076156602,0.7372773368101241,0,0,0,0
2026-06-22 02:55:00,2.9166666666666665,0.6915130557822694,0.7223639620597556,0,0,0,0
2026-06-22 03:00:00,3.0,0.7071067811865476,0.7071067811865476,0,0,0,0
2026-06-22 03:05:00,3.0833333333333335,0.7223639620597555,0.6915130557822694,0,0,0,0
2026-06-22 03:10:00,3.1666666666666665,0.737277336810124,0.6755902076156602,0,0,0,0
2026-06-22 03:15:00,3.25,0.7518398074789774,0.6593458151000688,0,0,0,0
2026-06-22 03:20:00,3.3333333333333335,0.766044443118978,0.6427876096865394,0,0,0,0
2026-06-22 03:25:00,3.4166666666666665,0.7798844830928817,0.6259234721840591,0,0,0,0
2026-06-22 03:30:00,3.5,0.7933533402912352,0.6087614290087207,0,0,0,0
2026-06-22 03:35:00,3.5833333333333335,0.8064446042674825,0.5913096483635825,0,0,0,0
2026-06-22 03:40:00,3.6666666666666665,0.8191520442889917,0.5735764363510462,0,0,0,0
2026-06-22 03:45:00,3.75,0.8314696123025451,0.5555702330196024,0,0,0,0
2026-06-22 03:50:00,3.8333333333333335,0.8433914458128856,0.5372996083468239,0,0,0,0
2026-06-22 03:55:00,3.9166666666666665,0.8549118706729466,0.5187732581605216,0,0,0,0
2026-06-22 04:00:00,4.0,0.8660254037844386,0.5000000000000001,0,0,0,0
2026-06-22 04:05:00,4.083333333333333,0.8767267557075077,0.48098876891938774,0,0,0,0
2026-06-22 04:10:00,4.166666666666667,0.8870108331782217,0.46174861323503386,0,0,0,0
2026-06-22 04:15:00,4.25,0.8968727415326884,0.44228869021900125,0,0,0,0
2026-06-22 04:20:00,4.333333333333333,0.9063077870366498,0.4226182617406996,0,0,0,0
2026-06-22 04:25:00,4.416666666666667,0.9153114791194471,0.40274668985873724,0,0,0,0
2026-06-22 04:30:00,4.5,0.9238795325112867,0.38268343236508984,0,0,0,0
2026-06-22 04:35:00,4.583333333333333,0.9320078692827984,0.3624380382837017,0,0,0,0
2026-06-22 04:40:00,4.666666666666667,0.9396926207859084,0.3420201433256686,0,0,0,0
2026-06-22 04:45:00,4.75,0.9469301294951056,0.3214394653031617,0,0,0,0
2026-06-22 04:50:00,4.833333333333333,0.9537169507482268,0.3007057995042733,0,0,0,0
2026-06-22 04:55:00,4.916666666666667,0.9600498543859287,0.27982901403099203,0,0,0,0
2026-06-22 05:00:00,5.0,0.9659258262890683,0.25881904510252074,0,0,0,0
2026-06-22 05:05:00,5.083333333333333,0.9713420698132614,0.2376858923261731,0,0,0,0
2026-06-22 05:10:00,5.166666666666667,0.9762960071199334,0.2164396139381029,0,0,0,0
2026-06-22 05:15:00,5.25,0.9807852804032304,0.19509032201612833,0,0,0,0
2026-06-22 05:20:00,5.333333333333333,0.984807753012208,0.17364817766693041,0,0,0,0
2026-06-22 05:25:00,5.416666666666667,0.9883615104677607,0.1521233861899168,0,0,0,0
2026-06-22 05:30:00,5.5,0.9914448613738104,0.1305261922200517,0,0,0,0
2026-06-22 05:35:00,5.583333333333333,0.9940563382223196,0.10886687485196474,0,0,0,0
2026-06-22 05:40:00,5.666666666666667,0.9961946980917455,0.08715574274765814,0,0,0,0
2026-06-22 05:45:00,5.75,0.9978589232386035,0.06540312923014327,0,0,0,0
2026-06-22 05:50:00,5.833333333333333,0.9990482215818578,0.04361938736533601,0,0,0,0
2026-06-22 05:55:00,5.916666666666667,0.9997620270799091,0.021814885034560937,0,0,0,0
2026-06-22 06:00:00,6.0,1.0,6.123233995736766e-17,0,0,0,0
2026-06-22 06:05:00,6.083333333333333,0.9997620270799091,-0.02181488503456081,0,0,0,0
2026-06-22 06:10:00,6.166666666666667,0.9990482215818578,-0.04361938736533589,0,0,0,0
2026-06-22 06:15:00,6.25,0.9978589232386035,-0.06540312923014314,0,0,0,0
2026-06-22 06:20:00,6.333333333333333,0.9961946980917455,-0.08715574274765801,0,0,0,0
2026-06-22 06:25:00,6.416666666666667,0.9940563382223196,-0.10886687485196461,0,0,0,0
2026-06-22 06:30:00,6.5,0.9914448613738104,-0.1305261922200516,0,0,0,0
2026-06-22 06:35:00,6.583333333333333,0.9883615104677607,-0.1521233861899167,0,0,0,0
2026-06-22 06:40:00,6.666666666666667,0.984807753012208,-0.1736481776669303,0,0,0,0
2026-06-22 06:45:00,6.75,0.9807852804032304,-0.1950903220161282,0,0,0,0
2026-06-22 06:50:00,6.833333333333333,0.9762960071199334,-0.2164396139381028,0,0,0,0
2026-06-22 06:55:00,6.916666666666667,0.9713420698132614,-0.23768589232617318,0,0,0,0
2026-06-22 07:00:00,7.0,0.9659258262890683,-0.25881904510252063,0,0,0,0
2026-06-22 07:05:00,7.083333333333333,0.9600498543859287,-0.2798290140309919,0,0,0,0
2026-06-22 07:10:00,7.166666666666667,0.9537169507482269,-0.30070579950427295,0,0,0,0
2026-06-22 07:15:00,7.25,0.9469301294951057,-0.3214394653031616,0,0,0,0
2026-06-22 07:20:00,7.333333333333333,0.9396926207859084,-0.3420201433256685,0,0,0,0
2026-06-22 07:25:00,7.416666666666667,0.9320078692827986,-0.3624380382837016,0,0,0,0
2026-06-22 07:30:00,7.5,0.9238795325112868,-0.3826834323650895,0,0,0,0
2026-06-22 07:35:00,7.583333333333333,0.9153114791194472,-0.40274668985873713,0,0,0,0
2026-06-22 07:40:00,7.666666666666667,0.90630778703665,-0.42261826174069933,0,0,0,0
2026-06-22 07:45:00,7.75,0.8968727415326884,-0.44228869021900113,0,0,0,0
2026-06-22 07:50:00,7.833333333333333,0.8870108331782218,-0.4617486132350338,0,0,0,0
2026-06-22 07:55:00,7.916666666666667,0.8767267557075076,-0.48098876891938785,0,0,0,0
2026-06-22 08:00:00,8.0,0.8660254037844387,-0.4999999999999998,0,0,0,0
2026-06-22 08:05:00,8.083333333333334,0.8549118706729465,-0.5187732581605216,0,0,0,0
2026-06-22 08:10:00,8.166666666666666,0.8433914458128858,-0.5372996083468236,0,0,0,0
2026-06-22 08:15:00,8.25,0.8314696123025451,-0.5555702330196023,0,0,0,0
2026-06-22 08:20:00,8.333333333333334,0.8191520442889917,-0.5735764363510462,0,0,0,0
2026-06-22 08:25:00,8.416666666666666,0.8064446042674828,-0.5913096483635821,0,0,0,0
2026-06-22 08:30:00,8.5,0.7933533402912352,-0.6087614290087207,0,0,0,0
2026-06-22 08:35:00,8.583333333333334,0.7798844830928817,-0.6259234721840591,0,0,0,0
2026-06-22 08:40:00,8.666666666666666,0.7660444431189783,-0.642787609686539,0,0,0,0
2026-06-22 08:45:00,8.75,0.7518398074789774,-0.6593458151000688,0,0,0,0
2026-06-22 08:50:00,8.833333333333334,0.7372773368101241,-0.6755902076156602,0,0,0,0
2026-06-22 08:55:00,8.916666666666666,0.7223639620597556,-0.6915130557822693,0,0,0,0
2026-06-22 09:00:00,9.0,0.7071067811865476,-0.7071067811865475,0,0,0,0
2026-06-22 09:05:00,9.083333333333334,0.6915130557822694,-0.7223639620597555,0,0,0,0
2026-06-22 09:10:00,9.166666666666666,0.6755902076156604,-0.737277336810124,0,0,0,0
2026-06-22 09:15:00,9.25,0.659345815100069,-0.7518398074789773,0,0,0,0
2026-06-22 09:20:00,9.333333333333334,0.6427876096865391,-0.7660444431189782,0,0,0,0
2026-06-22 09:25:00,9.416666666666666,0.6259234721840592,-0.7798844830928817,0,0,0,0
2026-06-22 09:30:00,9.5,0.6087614290087209,-0.793353340291235,0,0,0,0
2026-06-22 09:35:00,9.583333333333334,0.5913096483635822,-0.8064446042674827,0,0,0,0
2026-06-22 09:40:00,9.666666666666666,0.5735764363510464,-0.8191520442889916,0,0,0,0
2026-06-22 09:45:00,9.75,0.5555702330196025,-0.831469612302545,0,0,0,0
2026-06-22 09:50:00,9.833333333333334,0.5372996083468238,-0.8433914458128857,0,0,0,0
2026-06-22 09:55:00,9.916666666666666,0.5187732581605218,-0.8549118706729464,0,0,0,0
2026-06-22 10:00:00,10.0,0.49999999999999994,-0.8660254037844387,0,0,0,0
2026-06-22 10:05:00,10.083333333333334,0.48098876891938763,-0.8767267557075077,0,0,0,0
2026-06-22 10:10:00,10.166666666666666,0.4617486132350339,-0.8870108331782217,0,0,0,0
2026-06-22 10:15:00,10.25,0.4422886902190017,-0.8968727415326881,0,0,0,0
2026-06-22 10:20:00,10.333333333333334,0.4226182617406995,-0.9063077870366499,0,0,0,0
2026-06-22 10:25:00,10.416666666666666,0.4027466898587373,-0.9153114791194471,0,0,0,0
2026-06-22 10:30:00,10.5,0.3826834323650899,-0.9238795325112867,0,0,0,0
2026-06-22 10:35:00,10.583333333333334,0.36243803828370136,-0.9320078692827987,0,0,0,0
2026-06-22 10:40:00,10.666666666666666,0.3420201433256689,-0.9396926207859083,0,0,0,0
2026-06-22 10:45:00,10.75,0.32143946530316175,-0.9469301294951056,0,0,0,0
2026-06-22 10:50:00,10.833333333333334,0.30070579950427334,-0.9537169507482268,0,0,0,0
2026-06-22 10:55:00,10.916666666666666,0.2798290140309927,-0.9600498543859285,0,0,0,0
2026-06-22 11:00:00,11.0,0.258819045102521,-0.9659258262890682,0,0,0,0
2026-06-22 11:05:00,11.083333333333334,0.23768589232617293,-0.9713420698132614,0,0,0,0
2026-06-22 11:10:00,11.166666666666666,0.21643961393810318,-0.9762960071199333,0,0,0,0
2026-06-22 11:15:00,11.25,0.19509032201612816,-0.9807852804032304,0,0,0,0
2026-06-22 11:20:00,11.333333333333334,0.17364817766693028,-0.984807753012208,0,0,0,0
2026-06-22 11:25:00,11.416666666666666,0.15212338618991708,-0.9883615104677607,0,0,0,0
2026-06-22 11:30:00,11.5,0.130526192220052,-0.9914448613738104,0,0,0,0
2026-06-22 11:35:00,11.583333333333334,0.10886687485196457,-0.9940563382223196,0,0,0,0
2026-06-22 11:40:00,11.666666666666666,0.0871557427476582,-0.9961946980917455,0,0,0,0
2026-06-22 11:45:00,11.75,0.06540312923014312,-0.9978589232386035,0,0,0,0
2026-06-22 11:50:00,11.833333333333334,0.043619387365335625,-0.9990482215818578,0,0,0,0
2026-06-22 11:55:00,11.916666666666666,0.021814885034561218,-0.9997620270799091,0,0,0,0
2026-06-22 12:00:00,12.0,1.2246467991473532e-16,-1.0,0,0,0,0
2026-06-22 12:05:00,12.083333333333334,-0.021814885034560975,-0.9997620270799091,0,0,0,0
2026-06-22 12:10:00,12.166666666666666,-0.04361938736533538,-0.9990482215818578,0,0,0,0
2026-06-22 12:15:00,12.25,-0.06540312923014287,-0.9978589232386035,0,0,0,0
2026-06-22 12:20:00,12.333333333333334,-0.08715574274765794,-0.9961946980917455,0,0,0,0
2026-06-22 12:25:00,12.416666666666666,-0.10886687485196432,-0.9940563382223196,0,0,0,0
2026-06-22 12:30:00,12.5,-0.13052619222005177,-0.9914448613738104,0,0,0,0
2026-06-22 12:35:00,12.583333333333334,-0.15212338618991683,-0.9883615104677607,0,0,0,0
2026-06-22 12:40:00,12.666666666666666,-0.17364817766693003,-0.9848077530122081,0,0,0,0
2026-06-22 12:45:00,12.75,-0.19509032201612792,-0.9807852804032305,0,0,0,0
2026-06-22 12:50:00,12.833333333333334,-0.21643961393810293,-0.9762960071199334,0,0,0,0
2026-06-22 12:55:00,12.916666666666666,-0.2376858923261727,-0.9713420698132615,0,0,0,0
2026-06-22 13:00:00,13.0,-0.2588190451025208,-0.9659258262890683,0,0,0,0
2026-06-22 13:05:00,13.083333333333334,-0.2798290140309925,-0.9600498543859286,0,0,0,0
2026-06-22 13:10:00,13.166666666666666,-0.30070579950427306,-0.9537169507482269,0,0,0,0
2026-06-22 13:15:00,13.25,-0.32143946530316153,-0.9469301294951057,0,0,0,0
2026-06-22 13:20:00,13.333333333333334,-0.34202014332566866,-0.9396926207859084,0,0,0,0
2026-06-22 13:25:00,13.416666666666666,-0.36243803828370114,-0.9320078692827987,0,0,0,0
2026-06-22 13:30:00,13.5,-0.38268343236508967,-0.9238795325112868,0,0,0,0
2026-06-22 13:35:00,13.583333333333334,-0.4027466898587371,-0.9153114791194472,0,0,0,0
2026-06-22 13:40:00,13.666666666666666,-0.4226182617406993,-0.90630778703665,0,0,0,0
2026-06-22 13:45:00,13.75,-0.44228869021900147,-0.8968727415326883,0,0,0,0
2026-06-22 13:50:00,13.833333333333334,-0.46174861323503413,-0.8870108331782216,0,0,0,0
2026-06-22 13:55:00,13.916666666666666,-0.4809887689193874,-0.8767267557075078,0,0,0,0
2026-06-22 14:00:00,14.0,-0.4999999999999997,-0.8660254037844388,0,0,0,0
2026-06-22 14:05:00,14.083333333333334,-0.5187732581605216,-0.8549118706729465,0,0,0,0
2026-06-22 14:10:00,14.166666666666666,-0.5372996083468236,-0.8433914458128858,0,0,0,0
2026-06-22 14:15:00,14.25,-0.555570233019602,-0.8314696123025455,0,0,0,0
2026-06-22 14:20:00,14.333333333333334,-0.5735764363510458,-0.819152044288992,0,0,0,0
2026-06-22 14:25:00,14.416666666666666,-0.5913096483635824,-0.8064446042674825,0,0,0,0
2026-06-22 14:30:00,14.5,-0.6087614290087207,-0.7933533402912352,0,0,0,0
2026-06-22 14:35:00,14.583333333333334,-0.6259234721840591,-0.7798844830928818,0,0,0,0
2026-06-22 14:40:00,14.666666666666666,-0.6427876096865389,-0.7660444431189783,0,0,0,0
2026-06-22 14:45:00,14.75,-0.6593458151000688,-0.7518398074789774,0,0,0,0
2026-06-22 14:50:00,14.833333333333334,-0.6755902076156601,-0.7372773368101241,0,0,0,0
2026-06-22 14:55:00,14.916666666666666,-0.691513055782269,-0.722363962059756,0,0,0,0
2026-06-22 15:00:00,15.0,-0.7071067811865471,-0.7071067811865479,0,0,0,0
2026-06-22 15:05:00,15.083333333333334,-0.7223639620597557,-0.6915130557822692,0,0,0,0
2026-06-22 15:10:00,15.166666666666666,-0.7372773368101239,-0.6755902076156604,0,0,0,0
2026-06-22 15:15:00,15.25,-0.7518398074789773,-0.6593458151000691,0,0,0,0
2026-06-22 15:20:00,15.333333333333334,-0.7660444431189779,-0.6427876096865395,0,0,0,0
2026-06-22 15:25:00,15.416666666666666,-0.7798844830928814,-0.6259234721840596,0,0,0,0
2026-06-22 15:30:00,15.5,-0.7933533402912349,-0.6087614290087209,0,0,0,0
2026-06-22 15:35:00,15.583333333333334,-0.8064446042674827,-0.5913096483635822,0,0,0,0
2026-06-22 15:40:00,15.666666666666666,-0.8191520442889916,-0.5735764363510464,0,0,0,0
2026-06-22 15:45:00,15.75,-0.8314696123025452,-0.5555702330196022,0,0,0,0
2026-06-22 15:50:00,15.833333333333334,-0.8433914458128859,-0.5372996083468234,0,0,0,0
2026-06-22 15:55:00,15.916666666666666,-0.8549118706729466,-0.5187732581605214,0,0,0,0
2026-06-22 16:00:00,16.0,-0.8660254037844385,-0.5000000000000004,0,0,0,0
2026-06-22 16:05:00,16.083333333333332,-0.8767267557075072,-0.48098876891938847,0,0,0,0
2026-06-22 16:10:00,16.166666666666668,-0.8870108331782218,-0.4617486132350336,0,0,0,0
2026-06-22 16:15:00,16.25,-0.8968727415326883,-0.44228869021900136,0,0,0,0
2026-06-22 16:20:00,16.333333333333332,-0.9063077870366497,-0.42261826174069994,0,0,0,0
2026-06-22 16:25:00,16.416666666666668,-0.9153114791194471,-0.40274668985873735,0,0,0,0
2026-06-22 16:30:00,16.5,-0.9238795325112868,-0.3826834323650895,0,0,0,0
2026-06-22 16:35:00,16.583333333333332,-0.9320078692827984,-0.3624380382837018,0,0,0,0
2026-06-22 16:40:00,16.666666666666668,-0.9396926207859084,-0.34202014332566855,0,0,0,0
2026-06-22 16:45:00,16.75,-0.9469301294951056,-0.3214394653031618,0,0,0,0
2026-06-22 16:50:00,16.833333333333332,-0.9537169507482267,-0.3007057995042738,0,0,0,0
2026-06-22 16:55:00,16.916666666666668,-0.9600498543859286,-0.27982901403099236,0,0,0,0
2026-06-22 17:00:00,17.0,-0.9659258262890683,-0.25881904510252063,0,0,0,0
2026-06-22 17:05:00,17.083333333333332,-0.9713420698132613,-0.23768589232617343,0,0,0,0
2026-06-22 17:10:00,17.166666666666668,-0.9762960071199334,-0.21643961393810282,0,0,0,0
2026-06-22 17:15:00,17.25,-0.9807852804032303,-0.19509032201612866,0,0,0,0
2026-06-22 17:20:00,17.333333333333332,-0.9848077530122079,-0.1736481776669312,0,0,0,0
2026-06-22 17:25:00,17.416666666666668,-0.9883615104677608,-0.15212338618991628,0,0,0,0
2026-06-22 17:30:00,17.5,-0.9914448613738104,-0.13052619222005163,0,0,0,0
2026-06-22 17:35:00,17.583333333333332,-0.9940563382223195,-0.10886687485196507,0,0,0,0
2026-06-22 17:40:00,17.666666666666668,-0.9961946980917455,-0.08715574274765825,0,0,0,0
2026-06-22 17:45:00,17.75,-0.9978589232386035,-0.06540312923014273,0,0,0,0
2026-06-22 17:50:00,17.833333333333332,-0.9990482215818578,-0.04361938736533613,0,0,0,0
2026-06-22 17:55:00,17.916666666666668,-0.9997620270799091,-0.021814885034560836,0,0,0,0
2026-06-22 18:00:00,18.0,-1.0,-1.8369701987210297e-16,0,0,0,0
2026-06-22 18:05:00,18.083333333333332,-0.9997620270799091,0.021814885034560468,0,0,0,0
2026-06-22 18:10:00,18.166666666666668,-0.9990482215818578,0.043619387365335764,0,0,0,0
2026-06-22 18:15:00,18.25,-0.9978589232386036,0.06540312923014237,0,0,0,0
2026-06-22 18:20:00,18.333333333333332,-0.9961946980917455,0.08715574274765789,0,0,0,0
2026-06-22 18:25:00,18.416666666666668,-0.9940563382223196,0.10886687485196471,0,0,0,0
2026-06-22 18:30:00,18.5,-0.9914448613738105,0.13052619222005127,0,0,0,0
2026-06-22 18:35:00,18.583333333333332,-0.9883615104677609,0.15212338618991592,0,0,0,0
2026-06-22 18:40:00,18.666666666666668,-0.984807753012208,0.17364817766693083,0,0,0,0
2026-06-22 18:45:00,18.75,-0.9807852804032304,0.1950903220161283,0,0,0,0
2026-06-22 18:50:00,18.833333333333332,-0.9762960071199335,0.21643961393810246,0,0,0,0
2026-06-22 18:55:00,18.916666666666668,-0.9713420698132614,0.23768589232617307,0,0,0,0
2026-06-22 19:00:00,19.0,-0.9659258262890684,0.2588190451025203,0,0,0,0
2026-06-22 19:05:00,19.083333333333332,-0.9600498543859287,0.279829014030992,0,0,0,0
2026-06-22 19:10:00,19.166666666666668,-0.9537169507482268,0.30070579950427345,0,0,0,0
2026-06-22 19:15:00,19.25,-0.9469301294951057,0.3214394653031615,0,0,0,0
2026-06-22 19:20:00,19.333333333333332,-0.9396926207859085,0.34202014332566816,0,0,0,0
2026-06-22 19:25:00,19.416666666666668,-0.9320078692827986,0.36243803828370147,0,0,0,0
2026-06-22 19:30:00,19.5,-0.923879532511287,0.38268343236508917,0,0,0,0
2026-06-22 19:35:00,19.583333333333332,-0.9153114791194472,0.402746689858737,0,0,0,0
2026-06-22 19:40:00,19.666666666666668,-0.9063077870366498,0.4226182617406996,0,0,0,0
2026-06-22 19:45:00,19.75,-0.8968727415326884,0.442288690219001,0,0,0,0
2026-06-22 19:50:00,19.833333333333332,-0.887010833178222,0.46174861323503325,0,0,0,0
2026-06-22 19:55:00,19.916666666666668,-0.8767267557075075,0.48098876891938813,0,0,0,0
2026-06-22 20:00:00,20.0,-0.8660254037844386,0.5000000000000001,0,0,0,0
2026-06-22 20:05:00,20.083333333333332,-0.8549118706729468,0.5187732581605211,0,0,0,0
2026-06-22 20:10:00,20.166666666666668,-0.8433914458128857,0.5372996083468239,0,0,0,0
2026-06-22 20:15:00,20.25,-0.8314696123025455,0.5555702330196018,0,0,0,0
2026-06-22 20:20:00,20.333333333333332,-0.8191520442889918,0.573576436351046,0,0,0,0
2026-06-22 20:25:00,20.416666666666668,-0.8064446042674829,0.591309648363582,0,0,0,0
2026-06-22 20:30:00,20.5,-0.7933533402912357,0.6087614290087199,0,0,0,0
2026-06-22 20:35:00,20.583333333333332,-0.7798844830928816,0.6259234721840593,0,0,0,0
2026-06-22 20:40:00,20.666666666666668,-0.7660444431189781,0.6427876096865393,0,0,0,0
2026-06-22 20:45:00,20.75,-0.7518398074789772,0.6593458151000691,0,0,0,0
2026-06-22 20:50:00,20.833333333333332,-0.7372773368101242,0.6755902076156601,0,0,0,0
2026-06-22 20:55:00,20.916666666666668,-0.7223639620597554,0.6915130557822695,0,0,0,0
2026-06-22 21:00:00,21.0,-0.7071067811865477,0.7071067811865474,0,0,0,0
2026-06-22 21:05:00,21.083333333333332,-0.6915130557822698,0.7223639620597551,0,0,0,0
2026-06-22 21:10:00,21.166666666666668,-0.6755902076156598,0.7372773368101244,0,0,0,0
2026-06-22 21:15:00,21.25,-0.6593458151000687,0.7518398074789775,0,0,0,0
2026-06-22 21:20:00,21.333333333333332,-0.6427876096865396,0.7660444431189778,0,0,0,0
2026-06-22 21:25:00,21.416666666666668,-0.625923472184059,0.7798844830928818,0,0,0,0
2026-06-22 21:30:00,21.5,-0.608761429008721,0.7933533402912349,0,0,0,0
2026-06-22 21:35:00,21.583333333333332,-0.591309648363583,0.8064446042674821,0,0,0,0
2026-06-22 21:40:00,21.666666666666668,-0.5735764363510465,0.8191520442889916,0,0,0,0
2026-06-22 21:45:00,21.75,-0.555570233019603,0.8314696123025447,0,0,0,0
2026-06-22 21:50:00,21.833333333333332,-0.537299608346825,0.8433914458128849,0,0,0,0
2026-06-22 21:55:00,21.916666666666668,-0.5187732581605214,0.8549118706729466,0,0,0,0
2026-06-22 22:00:00,22.0,-0.5000000000000004,0.8660254037844384,0,0,0,0
2026-06-22 22:05:00,22.083333333333332,-0.48098876891938774,0.8767267557075077,0,0,0,0
2026-06-22 22:10:00,22.166666666666668,-0.46174861323503363,0.8870108331782218,0,0,0,0
2026-06-22 22:15:00,22.25,-0.4422886902190014,0.8968727415326883,0,0,0,0
2026-06-22 22:20:00,22.333333333333332,-0.4226182617407,0.9063077870366497,0,0,0,0
2026-06-22 22:25:00,22.416666666666668,-0.40274668985873663,0.9153114791194474,0,0,0,0
2026-06-22 22:30:00,22.5,-0.38268343236508956,0.9238795325112868,0,0,0,0
2026-06-22 22:35:00,22.583333333333332,-0.36243803828370186,0.9320078692827984,0,0,0,0
2026-06-22 22:40:00,22.666666666666668,-0.3420201433256686,0.9396926207859084,0,0,0,0
2026-06-22 22:45:00,22.75,-0.32143946530316186,0.9469301294951056,0,0,0,0
2026-06-22 22:50:00,22.833333333333332,-0.30070579950427384,0.9537169507482267,0,0,0,0
2026-06-22 22:55:00,22.916666666666668,-0.2798290140309924,0.9600498543859286,0,0,0,0
2026-06-22 23:00:00,23.0,-0.25881904510252157,0.9659258262890681,0,0,0,0
2026-06-22 23:05:00,23.083333333333332,-0.23768589232617435,0.9713420698132611,0,0,0,0
2026-06-22 23:10:00,23.166666666666668,-0.21643961393810288,0.9762960071199334,0,0,0,0
2026-06-22 23:15:00,23.25,-0.19509032201612872,0.9807852804032303,0,0,0,0
2026-06-22 23:20:00,23.333333333333332,-0.1736481776669304,0.984807753012208,0,0,0,0
2026-06-22 23:25:00,23.416666666666668,-0.1521233861899172,0.9883615104677607,0,0,0,0
2026-06-22 23:30:00,23.5,-0.13052619222005168,0.9914448613738104,0,0,0,0
2026-06-22 23:35:00,23.583333333333332,-0.10886687485196514,0.9940563382223195,0,0,0,0
2026-06-22 23:40:00,23.666666666666668,-0.08715574274765743,0.9961946980917455,0,0,0,0
2026-06-22 23:45:00,23.75,-0.0654031292301428,0.9978589232386035,0,0,0,0
2026-06-22 23:50:00,23.833333333333332,-0.043619387365336194,0.9990482215818578,0,0,0,0
2026-06-22 23:55:00,23.916666666666668,-0.0218148850345609,0.9997620270799091,0,0,0,0
2026-06-23 00:00:00,0.0,0.0,1.0,1,0,0,0
2026-06-23 00:05:00,0.08333333333333333,0.02181488503456112,0.9997620270799091,1,0,0,0
2026-06-23 00:10:00,0.16666666666666666,0.043619387365336,0.9990482215818578,1,0,0,0
2026-06-23 00:15:00,0.25,0.06540312923014306,0.9978589232386035,1,0,0,0
2026-06-23 00:20:00,0.3333333333333333,0.08715574274765817,0.9961946980917455,1,0,0,0
2026-06-23 00:25:00,0.4166666666666667,0.10886687485196457,0.9940563382223196,1,0,0,0
2026-06-23 00:30:00,0.5,0.13052619222005157,0.9914448613738104,1,0,0,0
2026-06-23 00:35:00,0.5833333333333334,0.15212338618991672,0.9883615104677607,1,0,0,0
2026-06-23 00:40:00,0.6666666666666666,0.17364817766693033,0.984807753012208,1,0,0,0
2026-06-23 00:45:00,0.75,0.19509032201612825,0.9807852804032304,1,0,0,0
2026-06-23 00:50:00,0.8333333333333334,0.21643961393810288,0.9762960071199334,1,0,0,0
2026-06-23 00:55:00,0.9166666666666666,0.23768589232617307,0.9713420698132614,1,0,0,0
2026-06-23 01:00:00,1.0,0.25881904510252074,0.9659258262890683,1,0,0,0
2026-06-23 01:05:00,1.0833333333333333,0.27982901403099203,0.9600498543859287,1,0,0,0
2026-06-23 01:10:00,1.1666666666666667,0.3007057995042732,0.9537169507482269,1,0,0,0
2026-06-23 01:15:00,1.25,0.3214394653031616,0.9469301294951057,1,0,0,0
2026-06-23 01:20:00,1.3333333333333333,0.3420201433256687,0.9396926207859084,1,0,0,0
2026-06-23 01:25:00,1.4166666666666667,0.36243803828370164,0.9320078692827986,1,0,0,0
2026-06-23 01:30:00,1.5,0.3826834323650898,0.9238795325112867,1,0,0,0
2026-06-23 01:35:00,1.5833333333333335,0.40274668985873724,0.9153114791194471,1,0,0,0
2026-06-23 01:40:00,1.6666666666666665,0.4226182617406994,0.9063077870366499,1,0,0,0
2026-06-23 01:45:00,1.75,0.44228869021900125,0.8968727415326884,1,0,0,0
2026-06-23 01:50:00,1.8333333333333335,0.46174861323503397,0.8870108331782217,1,0,0,0
2026-06-23 01:55:00,1.9166666666666665,0.48098876891938763,0.8767267557075077,1,0,0,0
2026-06-23 02:00:00,2.0,0.49999999999999994,0.8660254037844387,1,0,0,0
2026-06-23 02:05:00,2.0833333333333335,0.5187732581605214,0.8549118706729466,1,0,0,0
2026-06-23 02:10:00,2.1666666666666665,0.5372996083468238,0.8433914458128857,1,0,0,0
2026-06-23 02:15:00,2.25,0.5555702330196022,0.8314696123025452,1,0,0,0
2026-06-23 02:20:00,2.3333333333333335,0.5735764363510462,0.8191520442889918,1,0,0,0
2026-06-23 02:25:00,2.4166666666666665,0.5913096483635824,0.8064446042674827,1,0,0,0
2026-06-23 02:30:00,2.5,0.6087614290087207,0.7933533402912352,1,0,0,0
2026-06-23 02:35:00,2.5833333333333335,0.6259234721840591,0.7798844830928818,1,0,0,0
2026-06-23 02:40:00,2.6666666666666665,0.6427876096865393,0.766044443118978,1,0,0,0
2026-06-23 02:45:00,2.75,0.6593458151000688,0.7518398074789774,1,0,0,0
2026-06-23 02:50:00,2.8333333333333335,0.6755902076156602,0.7372773368101241,1,0,0,0
2026-06-23 02:55:00,2.9166666666666665,0.6915130557822694,0.7223639620597556,1,0,0,0
2026-06-23 03:00:00,3.0,0.7071067811865476,0.7071067811865476,1,0,0,0
2026-06-23 03:05:00,3.0833333333333335,0.7223639620597555,0.6915130557822694,1,0,0,0
2026-06-23 03:10:00,3.1666666666666665,0.737277336810124,0.6755902076156602,1,0,0,0
2026-06-23 03:15:00,3.25,0.7518398074789774,0.6593458151000688,1,0,0,0
2026-06-23 03:20:00,3.3333333333333335,0.766044443118978,0.6427876096865394,1,0,0,0
2026-06-23 03:25:00,3.4166666666666665,0.7798844830928817,0.6259234721840591,1,0,0,0
2026-06-23 03:30:00,3.5,0.7933533402912352,0.6087614290087207,1,0,0,0
2026-06-23 03:35:00,3.5833333333333335,0.8064446042674825,0.5913096483635825,1,0,0,0
2026-06-23 03:40:00,3.6666666666666665,0.8191520442889917,0.5735764363510462,1,0,0,0
2026-06-23 03:45:00,3.75,0.8314696123025451,0.5555702330196024,1,0,0,0
2026-06-23 03:50:00,3.8333333333333335,0.8433914458128856,0.5372996083468239,1,0,0,0
2026-06-23 03:55:00,3.9166666666666665,0.8549118706729466,0.5187732581605216,1,0,0,0
2026-06-23 04:00:00,4.0,0.8660254037844386,0.5000000000000001,1,0,0,0
2026-06-23 04:05:00,4.083333333333333,0.8767267557075077,0.48098876891938774,1,0,0,0
2026-06-23 04:10:00,4.166666666666667,0.8870108331782217,0.46174861323503386,1,0,0,0
2026-06-23 04:15:00,4.25,0.8968727415326884,0.44228869021900125,1,0,0,0
2026-06-23 04:20:00,4.333333333333333,0.9063077870366498,0.4226182617406996,1,0,0,0
2026-06-23 04:25:00,4.416666666666667,0.9153114791194471,0.40274668985873724,1,0,0,0
2026-06-23 04:30:00,4.5,0.9238795325112867,0.38268343236508984,1,0,0,0
2026-06-23 04:35:00,4.583333333333333,0.9320078692827984,0.3624380382837017,1,0,0,0
2026-06-23 04:40:00,4.666666666666667,0.9396926207859084,0.3420201433256686,1,0,0,0
2026-06-23 04:45:00,4.75,0.9469301294951056,0.3214394653031617,1,0,0,0
2026-06-23 04:50:00,4.833333333333333,0.9537169507482268,0.3007057995042733,1,0,0,0
2026-06-23 04:55:00,4.916666666666667,0.9600498543859287,0.27982901403099203,1,0,0,0
2026-06-23 05:00:00,5.0,0.9659258262890683,0.25881904510252074,1,0,0,0
2026-06-23 05:05:00,5.083333333333333,0.9713420698132614,0.2376858923261731,1,0,0,0
2026-06-23 05:10:00,5.166666666666667,0.9762960071199334,0.2164396139381029,1,0,0,0
2026-06-23 05:15:00,5.25,0.9807852804032304,0.19509032201612833,1,0,0,0
2026-06-23 05:20:00,5.333333333333333,0.984807753012208,0.17364817766693041,1,0,0,0
2026-06-23 05:25:00,5.416666666666667,0.9883615104677607,0.1521233861899168,1,0,0,0
2026-06-23 05:30:00,5.5,0.9914448613738104,0.1305261922200517,1,0,0,0
2026-06-23 05:35:00,5.583333333333333,0.9940563382223196,0.10886687485196474,1,0,0,0
2026-06-23 05:40:00,5.666666666666667,0.9961946980917455,0.08715574274765814,1,0,0,0
2026-06-23 05:45:00,5.75,0.9978589232386035,0.06540312923014327,1,0,0,0
2026-06-23 05:50:00,5.833333333333333,0.9990482215818578,0.04361938736533601,1,0,0,0
2026-06-23 05:55:00,5.916666666666667,0.9997620270799091,0.021814885034560937,1,0,0,0
2026-06-23 06:00:00,6.0,1.0,6.123233995736766e-17,1,0,0,0
2026-06-23 06:05:00,6.083333333333333,0.9997620270799091,-0.02181488503456081,1,0,0,0
2026-06-23 06:10:00,6.166666666666667,0.9990482215818578,-0.04361938736533589,1,0,0,0
2026-06-23 06:15:00,6.25,0.9978589232386035,-0.06540312923014314,1,0,0,0
2026-06-23 06:20:00,6.333333333333333,0.9961946980917455,-0.08715574274765801,1,0,0,0
2026-06-23 06:25:00,6.416666666666667,0.9940563382223196,-0.10886687485196461,1,0,0,0
2026-06-23 06:30:00,6.5,0.9914448613738104,-0.1305261922200516,1,0,0,0
2026-06-23 06:35:00,6.583333333333333,0.9883615104677607,-0.1521233861899167,1,0,0,0
2026-06-23 06:40:00,6.666666666666667,0.984807753012208,-0.1736481776669303,1,0,0,0
2026-06-23 06:45:00,6.75,0.9807852804032304,-0.1950903220161282,1,0,0,0
2026-06-23 06:50:00,6.833333333333333,0.9762960071199334,-0.2164396139381028,1,0,0,0
2026-06-23 06:55:00,6.916666666666667,0.9713420698132614,-0.23768589232617318,1,0,0,0
2026-06-23 07:00:00,7.0,0.9659258262890683,-0.25881904510252063,1,0,0,0
2026-06-23 07:05:00,7.083333333333333,0.9600498543859287,-0.2798290140309919,1,0,0,0
2026-06-23 07:10:00,7.166666666666667,0.9537169507482269,-0.30070579950427295,1,0,0,0
2026-06-23 07:15:00,7.25,0.9469301294951057,-0.3214394653031616,1,0,0,0
2026-06-23 07:20:00,7.333333333333333,0.9396926207859084,-0.3420201433256685,1,0,0,0
2026-06-23 07:25:00,7.416666666666667,0.9320078692827986,-0.3624380382837016,1,0,0,0
2026-06-23 07:30:00,7.5,0.9238795325112868,-0.3826834323650895,1,0,0,0
2026-06-23 07:35:00,7.583333333333333,0.9153114791194472,-0.40274668985873713,1,0,0,0
2026-06-23 07:40:00,7.666666666666667,0.90630778703665,-0.42261826174069933,1,0,0,0
2026-06-23 07:45:00,7.75,0.8968727415326884,-0.44228869021900113,1,0,0,0
2026-06-23 07:50:00,7.833333333333333,0.8870108331782218,-0.4617486132350338,1,0,0,0
2026-06-23 07:55:00,7.916666666666667,0.8767267557075076,-0.48098876891938785,1,0,0,0
2026-06-23 08:00:00,8.0,0.8660254037844387,-0.4999999999999998,1,0,0,0
2026-06-23 08:05:00,8.083333333333334,0.8549118706729465,-0.5187732581605216,1,0,0,0
2026-06-23 08:10:00,8.166666666666666,0.8433914458128858,-0.5372996083468236,1,0,0,0
2026-06-23 08:15:00,8.25,0.8314696123025451,-0.5555702330196023,1,0,0,0
2026-06-23 08:20:00,8.333333333333334,0.8191520442889917,-0.5735764363510462,1,0,0,0
2026-06-23 08:25:00,8.416666666666666,0.8064446042674828,-0.5913096483635821,1,0,0,0
2026-06-23 08:30:00,8.5,0.7933533402912352,-0.6087614290087207,1,0,0,0
2026-06-23 08:35:00,8.583333333333334,0.7798844830928817,-0.6259234721840591,1,0,0,0
2026-06-23 08:40:00,8.666666666666666,0.7660444431189783,-0.642787609686539,1,0,0,0
2026-06-23 08:45:00,8.75,0.7518398074789774,-0.6593458151000688,1,0,0,0
2026-06-23 08:50:00,8.833333333333334,0.7372773368101241,-0.6755902076156602,1,0,0,0
2026-06-23 08:55:00,8.916666666666666,0.7223639620597556,-0.6915130557822693,1,0,0,0
2026-06-23 09:00:00,9.0,0.7071067811865476,-0.7071067811865475,1,0,0,0
2026-06-23 09:05:00,9.083333333333334,0.6915130557822694,-0.7223639620597555,1,0,0,0
2026-06-23 09:10:00,9.166666666666666,0.6755902076156604,-0.737277336810124,1,0,0,0
2026-06-23 09:15:00,9.25,0.659345815100069,-0.7518398074789773,1,0,0,0
2026-06-23 09:20:00,9.333333333333334,0.6427876096865391,-0.7660444431189782,1,0,0,0
2026-06-23 09:25:00,9.416666666666666,0.6259234721840592,-0.7798844830928817,1,0,0,0
2026-06-23 09:30:00,9.5,0.6087614290087209,-0.793353340291235,1,0,0,0
2026-06-23 09:35:00,9.583333333333334,0.5913096483635822,-0.8064446042674827,1,0,0,0
2026-06-23 09:40:00,9.666666666666666,0.5735764363510464,-0.8191520442889916,1,0,0,0
2026-06-23 09:45:00,9.75,0.5555702330196025,-0.831469612302545,1,0,0,0
2026-06-23 09:50:00,9.833333333333334,0.5372996083468238,-0.8433914458128857,1,0,0,0
2026-06-23 09:55:00,9.916666666666666,0.5187732581605218,-0.8549118706729464,1,0,0,0
2026-06-23 10:00:00,10.0,0.49999999999999994,-0.8660254037844387,1,0,0,0
2026-06-23 10:05:00,10.083333333333334,0.48098876891938763,-0.8767267557075077,1,0,0,0
2026-06-23 10:10:00,10.166666666666666,0.4617486132350339,-0.8870108331782217,1,0,0,0
2026-06-23 10:15:00,10.25,0.4422886902190017,-0.8968727415326881,1,0,0,0
2026-06-23 10:20:00,10.333333333333334,0.4226182617406995,-0.9063077870366499,1,0,0,0
2026-06-23 10:25:00,10.416666666666666,0.4027466898587373,-0.9153114791194471,1,0,0,0
2026-06-23 10:30:00,10.5,0.3826834323650899,-0.9238795325112867,1,0,0,0
2026-06-23 10:35:00,10.583333333333334,0.36243803828370136,-0.9320078692827987,1,0,0,0
2026-06-23 10:40:00,10.666666666666666,0.3420201433256689,-0.9396926207859083,1,0,0,0
2026-06-23 10:45:00,10.75,0.32143946530316175,-0.9469301294951056,1,0,0,0
2026-06-23 10:50:00,10.833333333333334,0.30070579950427334,-0.9537169507482268,1,0,0,0
2026-06-23 10:55:00,10.916666666666666,0.2798290140309927,-0.9600498543859285,1,0,0,0
2026-06-23 11:00:00,11.0,0.258819045102521,-0.9659258262890682,1,0,0,0
2026-06-23 11:05:00,11.083333333333334,0.23768589232617293,-0.9713420698132614,1,0,0,0
2026-06-23 11:10:00,11.166666666666666,0.21643961393810318,-0.9762960071199333,1,0,0,0
2026-06-23 11:15:00,11.25,0.19509032201612816,-0.9807852804032304,1,0,0,0
2026-06-23 11:20:00,11.333333333333334,0.17364817766693028,-0.984807753012208,1,0,0,0
2026-06-23 11:25:00,11.416666666666666,0.15212338618991708,-0.9883615104677607,1,0,0,0
2026-06-23 11:30:00,11.5,0.130526192220052,-0.9914448613738104,1,0,0,0
2026-06-23 11:35:00,11.583333333333334,0.10886687485196457,-0.9940563382223196,1,0,0,0
2026-06-23 11:40:00,11.666666666666666,0.0871557427476582,-0.9961946980917455,1,0,0,0
2026-06-23 11:45:00,11.75,0.06540312923014312,-0.9978589232386035,1,0,0,0
2026-06-23 11:50:00,11.833333333333334,0.043619387365335625,-0.9990482215818578,1,0,0,0
2026-06-23 11:55:00,11.916666666666666,0.021814885034561218,-0.9997620270799091,1,0,0,0
2026-06-23 12:00:00,12.0,1.2246467991473532e-16,-1.0,1,0,0,0
2026-06-23 12:05:00,12.083333333333334,-0.021814885034560975,-0.9997620270799091,1,0,0,0
2026-06-23 12:10:00,12.166666666666666,-0.04361938736533538,-0.9990482215818578,1,0,0,0
2026-06-23 12:15:00,12.25,-0.06540312923014287,-0.9978589232386035,1,0,0,0
2026-06-23 12:20:00,12.333333333333334,-0.08715574274765794,-0.9961946980917455,1,0,0,0
2026-06-23 12:25:00,12.416666666666666,-0.10886687485196432,-0.9940563382223196,1,0,0,0
2026-06-23 12:30:00,12.5,-0.13052619222005177,-0.9914448613738104,1,0,0,0
2026-06-23 12:35:00,12.583333333333334,-0.15212338618991683,-0.9883615104677607,1,0,0,0
2026-06-23 12:40:00,12.666666666666666,-0.17364817766693003,-0.9848077530122081,1,0,0,0
2026-06-23 12:45:00,12.75,-0.19509032201612792,-0.9807852804032305,1,0,0,0
2026-06-23 12:50:00,12.833333333333334,-0.21643961393810293,-0.9762960071199334,1,0,0,0
2026-06-23 12:55:00,12.916666666666666,-0.2376858923261727,-0.9713420698132615,1,0,0,0
2026-06-23 13:00:00,13.0,-0.2588190451025208,-0.9659258262890683,1,0,0,0
2026-06-23 13:05:00,13.083333333333334,-0.2798290140309925,-0.9600498543859286,1,0,0,0
2026-06-23 13:10:00,13.166666666666666,-0.30070579950427306,-0.9537169507482269,1,0,0,0
2026-06-23 13:15:00,13.25,-0.32143946530316153,-0.9469301294951057,1,0,0,0
2026-06-23 13:20:00,13.333333333333334,-0.34202014332566866,-0.9396926207859084,1,0,0,0
2026-06-23 13:25:00,13.416666666666666,-0.36243803828370114,-0.9320078692827987,1,0,0,0
2026-06-23 13:30:00,13.5,-0.38268343236508967,-0.9238795325112868,1,0,0,0
2026-06-23 13:35:00,13.583333333333334,-0.4027466898587371,-0.9153114791194472,1,0,0,0
2026-06-23 13:40:00,13.666666666666666,-0.4226182617406993,-0.90630778703665,1,0,0,0
2026-06-23 13:45:00,13.75,-0.44228869021900147,-0.8968727415326883,1,0,0,0
2026-06-23 13:50:00,13.833333333333334,-0.46174861323503413,-0.8870108331782216,1,0,0,0
2026-06-23 13:55:00,13.916666666666666,-0.4809887689193874,-0.8767267557075078,1,0,0,0
2026-06-23 14:00:00,14.0,-0.4999999999999997,-0.8660254037844388,1,0,0,0
2026-06-23 14:05:00,14.083333333333334,-0.5187732581605216,-0.8549118706729465,1,0,0,0
2026-06-23 14:10:00,14.166666666666666,-0.5372996083468236,-0.8433914458128858,1,0,0,0
2026-06-23 14:15:00,14.25,-0.555570233019602,-0.8314696123025455,1,0,0,0
2026-06-23 14:20:00,14.333333333333334,-0.5735764363510458,-0.819152044288992,1,0,0,0
2026-06-23 14:25:00,14.416666666666666,-0.5913096483635824,-0.8064446042674825,1,0,0,0
2026-06-23 14:30:00,14.5,-0.6087614290087207,-0.7933533402912352,1,0,0,0
2026-06-23 14:35:00,14.583333333333334,-0.6259234721840591,-0.7798844830928818,1,0,0,0
2026-06-23 14:40:00,14.666666666666666,-0.6427876096865389,-0.7660444431189783,1,0,0,0
2026-06-23 14:45:00,14.75,-0.6593458151000688,-0.7518398074789774,1,0,0,0
2026-06-23 14:50:00,14.833333333333334,-0.6755902076156601,-0.7372773368101241,1,0,0,0
2026-06-23 14:55:00,14.916666666666666,-0.691513055782269,-0.722363962059756,1,0,0,0
2026-06-23 15:00:00,15.0,-0.7071067811865471,-0.7071067811865479,1,0,0,0
2026-06-23 15:05:00,15.083333333333334,-0.7223639620597557,-0.6915130557822692,1,0,0,0
2026-06-23 15:10:00,15.166666666666666,-0.7372773368101239,-0.6755902076156604,1,0,0,0
2026-06-23 15:15:00,15.25,-0.7518398074789773,-0.6593458151000691,1,0,0,0
2026-06-23 15:20:00,15.333333333333334,-0.7660444431189779,-0.6427876096865395,1,0,0,0
2026-06-23 15:25:00,15.416666666666666,-0.7798844830928814,-0.6259234721840596,1,0,0,0
2026-06-23 15:30:00,15.5,-0.7933533402912349,-0.6087614290087209,1,0,0,0
2026-06-23 15:35:00,15.583333333333334,-0.8064446042674827,-0.5913096483635822,1,0,0,0
2026-06-23 15:40:00,15.666666666666666,-0.8191520442889916,-0.5735764363510464,1,0,0,0
2026-06-23 15:45:00,15.75,-0.8314696123025452,-0.5555702330196022,1,0,0,0
2026-06-23 15:50:00,15.833333333333334,-0.8433914458128859,-0.5372996083468234,1,0,0,0
2026-06-23 15:55:00,15.916666666666666,-0.8549118706729466,-0.5187732581605214,1,0,0,0
2026-06-23 16:00:00,16.0,-0.8660254037844385,-0.5000000000000004,1,0,0,0
2026-06-23 16:05:00,16.083333333333332,-0.8767267557075072,-0.48098876891938847,1,0,0,0
2026-06-23 16:10:00,16.166666666666668,-0.8870108331782218,-0.4617486132350336,1,0,0,0
2026-06-23 16:15:00,16.25,-0.8968727415326883,-0.44228869021900136,1,0,0,0
2026-06-23 16:20:00,16.333333333333332,-0.9063077870366497,-0.42261826174069994,1,0,0,0
2026-06-23 16:25:00,16.416666666666668,-0.9153114791194471,-0.40274668985873735,1,0,0,0
2026-06-23 16:30:00,16.5,-0.9238795325112868,-0.3826834323650895,1,0,0,0
2026-06-23 16:35:00,16.583333333333332,-0.9320078692827984,-0.3624380382837018,1,0,0,0
2026-06-23 16:40:00,16.666666666666668,-0.9396926207859084,-0.34202014332566855,1,0,0,0
2026-06-23 16:45:00,16.75,-0.9469301294951056,-0.3214394653031618,1,0,0,0
2026-06-23 16:50:00,16.833333333333332,-0.9537169507482267,-0.3007057995042738,1,0,0,0
2026-06-23 16:55:00,16.916666666666668,-0.9600498543859286,-0.27982901403099236,1,0,0,0
2026-06-23 17:00:00,17.0,-0.9659258262890683,-0.25881904510252063,1,0,0,0
2026-06-23 17:05:00,17.083333333333332,-0.9713420698132613,-0.23768589232617343,1,0,0,0
2026-06-23 17:10:00,17.166666666666668,-0.9762960071199334,-0.21643961393810282,1,0,0,0
2026-06-23 17:15:00,17.25,-0.9807852804032303,-0.19509032201612866,1,0,0,0
2026-06-23 17:20:00,17.333333333333332,-0.9848077530122079,-0.1736481776669312,1,0,0,0
2026-06-23 17:25:00,17.416666666666668,-0.9883615104677608,-0.15212338618991628,1,0,0,0
2026-06-23 17:30:00,17.5,-0.9914448613738104,-0.13052619222005163,1,0,0,0
2026-06-23 17:35:00,17.583333333333332,-0.9940563382223195,-0.10886687485196507,1,0,0,0
2026-06-23 17:40:00,17.666666666666668,-0.9961946980917455,-0.08715574274765825,1,0,0,0
2026-06-23 17:45:00,17.75,-0.9978589232386035,-0.06540312923014273,1,0,0,0
2026-06-23 17:50:00,17.833333333333332,-0.9990482215818578,-0.04361938736533613,1,0,0,0
2026-06-23 17:55:00,17.916666666666668,-0.9997620270799091,-0.021814885034560836,1,0,0,0
2026-06-23 18:00:00,18.0,-1.0,-1.8369701987210297e-16,1,0,0,0
2026-06-23 18:05:00,18.083333333333332,-0.9997620270799091,0.021814885034560468,1,0,0,0
2026-06-23 18:10:00,18.166666666666668,-0.9990482215818578,0.043619387365335764,1,0,0,0
2026-06-23 18:15:00,18.25,-0.9978589232386036,0.06540312923014237,1,0,0,0
2026-06-23 18:20:00,18.333333333333332,-0.9961946980917455,0.08715574274765789,1,0,0,0
2026-06-23 18:25:00,18.416666666666668,-0.9940563382223196,0.10886687485196471,1,0,0,0
2026-06-23 18:30:00,18.5,-0.9914448613738105,0.13052619222005127,1,0,0,0
2026-06-23 18:35:00,18.583333333333332,-0.9883615104677609,0.15212338618991592,1,0,0,0
2026-06-23 18:40:00,18.666666666666668,-0.984807753012208,0.17364817766693083,1,0,0,0
2026-06-23 18:45:00,18.75,-0.9807852804032304,0.1950903220161283,1,0,0,0
2026-06-23 18:50:00,18.833333333333332,-0.9762960071199335,0.21643961393810246,1,0,0,0
2026-06-23 18:55:00,18.916666666666668,-0.9713420698132614,0.23768589232617307,1,0,0,0
2026-06-23 19:00:00,19.0,-0.9659258262890684,0.2588190451025203,1,0,0,0
2026-06-23 19:05:00,19.083333333333332,-0.9600498543859287,0.279829014030992,1,0,0,0
2026-06-23 19:10:00,19.166666666666668,-0.9537169507482268,0.30070579950427345,1,0,0,0
2026-06-23 19:15:00,19.25,-0.9469301294951057,0.3214394653031615,1,0,0,0
2026-06-23 19:20:00,19.333333333333332,-0.9396926207859085,0.34202014332566816,1,0,0,0
2026-06-23 19:25:00,19.416666666666668,-0.9320078692827986,0.36243803828370147,1,0,0,0
2026-06-23 19:30:00,19.5,-0.923879532511287,0.38268343236508917,1,0,0,0
2026-06-23 19:35:00,19.583333333333332,-0.9153114791194472,0.402746689858737,1,0,0,0
2026-06-23 19:40:00,19.666666666666668,-0.9063077870366498,0.4226182617406996,1,0,0,0
2026-06-23 19:45:00,19.75,-0.8968727415326884,0.442288690219001,1,0,0,0
2026-06-23 19:50:00,19.833333333333332,-0.887010833178222,0.46174861323503325,1,0,0,0
2026-06-23 19:55:00,19.916666666666668,-0.8767267557075075,0.48098876891938813,1,0,0,0
2026-06-23 20:00:00,20.0,-0.8660254037844386,0.5000000000000001,1,0,0,0
2026-06-23 20:05:00,20.083333333333332,-0.8549118706729468,0.5187732581605211,1,0,0,0
2026-06-23 20:10:00,20.166666666666668,-0.8433914458128857,0.5372996083468239,1,0,0,0
2026-06-23 20:15:00,20.25,-0.8314696123025455,0.5555702330196018,1,0,0,0
2026-06-23 20:20:00,20.333333333333332,-0.8191520442889918,0.573576436351046,1,0,0,0
2026-06-23 20:25:00,20.416666666666668,-0.8064446042674829,0.591309648363582,1,0,0,0
2026-06-23 20:30:00,20.5,-0.7933533402912357,0.6087614290087199,1,0,0,0
2026-06-23 20:35:00,20.583333333333332,-0.7798844830928816,0.6259234721840593,1,0,0,0
2026-06-23 20:40:00,20.666666666666668,-0.7660444431189781,0.6427876096865393,1,0,0,0
2026-06-23 20:45:00,20.75,-0.7518398074789772,0.6593458151000691,1,0,0,0
2026-06-23 20:50:00,20.833333333333332,-0.7372773368101242,0.6755902076156601,1,0,0,0
2026-06-23 20:55:00,20.916666666666668,-0.7223639620597554,0.6915130557822695,1,0,0,0
2026-06-23 21:00:00,21.0,-0.7071067811865477,0.7071067811865474,1,0,0,0
2026-06-23 21:05:00,21.083333333333332,-0.6915130557822698,0.7223639620597551,1,0,0,0
2026-06-23 21:10:00,21.166666666666668,-0.6755902076156598,0.7372773368101244,1,0,0,0
2026-06-23 21:15:00,21.25,-0.6593458151000687,0.7518398074789775,1,0,0,0
2026-06-23 21:20:00,21.333333333333332,-0.6427876096865396,0.7660444431189778,1,0,0,0
2026-06-23 21:25:00,21.416666666666668,-0.625923472184059,0.7798844830928818,1,0,0,0
2026-06-23 21:30:00,21.5,-0.608761429008721,0.7933533402912349,1,0,0,0
2026-06-23 21:35:00,21.583333333333332,-0.591309648363583,0.8064446042674821,1,0,0,0
2026-06-23 21:40:00,21.666666666666668,-0.5735764363510465,0.8191520442889916,1,0,0,0
2026-06-23 21:45:00,21.75,-0.555570233019603,0.8314696123025447,1,0,0,0
2026-06-23 21:50:00,21.833333333333332,-0.537299608346825,0.8433914458128849,1,0,0,0
2026-06-23 21:55:00,21.916666666666668,-0.5187732581605214,0.8549118706729466,1,0,0,0
2026-06-23 22:00:00,22.0,-0.5000000000000004,0.8660254037844384,1,0,0,0
2026-06-23 22:05:00,22.083333333333332,-0.48098876891938774,0.8767267557075077,1,0,0,0
2026-06-23 22:10:00,22.166666666666668,-0.46174861323503363,0.8870108331782218,1,0,0,0
2026-06-23 22:15:00,22.25,-0.4422886902190014,0.8968727415326883,1,0,0,0
2026-06-23 22:20:00,22.333333333333332,-0.4226182617407,0.9063077870366497,1,0,0,0
2026-06-23 22:25:00,22.416666666666668,-0.40274668985873663,0.9153114791194474,1,0,0,0
2026-06-23 22:30:00,22.5,-0.38268343236508956,0.9238795325112868,1,0,0,0
2026-06-23 22:35:00,22.583333333333332,-0.36243803828370186,0.9320078692827984,1,0,0,0
2026-06-23 22:40:00,22.666666666666668,-0.3420201433256686,0.9396926207859084,1,0,0,0
2026-06-23 22:45:00,22.75,-0.32143946530316186,0.9469301294951056,1,0,0,0
2026-06-23 22:50:00,22.833333333333332,-0.30070579950427384,0.9537169507482267,1,0,0,0
2026-06-23 22:55:00,22.916666666666668,-0.2798290140309924,0.9600498543859286,1,0,0,0
2026-06-23 23:00:00,23.0,-0.25881904510252157,0.9659258262890681,1,0,0,0
2026-06-23 23:05:00,23.083333333333332,-0.23768589232617435,0.9713420698132611,1,0,0,0
2026-06-23 23:10:00,23.166666666666668,-0.21643961393810288,0.9762960071199334,1,0,0,0
2026-06-23 23:15:00,23.25,-0.19509032201612872,0.9807852804032303,1,0,0,0
2026-06-23 23:20:00,23.333333333333332,-0.1736481776669304,0.984807753012208,1,0,0,0
2026-06-23 23:25:00,23.416666666666668,-0.1521233861899172,0.9883615104677607,1,0,0,0
2026-06-23 23:30:00,23.5,-0.13052619222005168,0.9914448613738104,1,0,0,0
2026-06-23 23:35:00,23.583333333333332,-0.10886687485196514,0.9940563382223195,1,0,0,0
2026-06-23 23:40:00,23.666666666666668,-0.08715574274765743,0.9961946980917455,1,0,0,0
2026-06-23 23:45:00,23.75,-0.0654031292301428,0.9978589232386035,1,0,0,0
2026-06-23 23:50:00,23.833333333333332,-0.043619387365336194,0.9990482215818578,1,0,0,0
2026-06-23 23:55:00,23.916666666666668,-0.0218148850345609,0.9997620270799091,1,0,0,0
2026-06-24 00:00:00,0.0,0.0,1.0,2,0,0,0
2026-06-24 00:05:00,0.08333333333333333,0.02181488503456112,0.9997620270799091,2,0,0,0
2026-06-24 00:10:00,0.16666666666666666,0.043619387365336,0.9990482215818578,2,0,0,0
2026-06-24 00:15:00,0.25,0.06540312923014306,0.9978589232386035,2,0,0,0
2026-06-24 00:20:00,0.3333333333333333,0.08715574274765817,0.9961946980917455,2,0,0,0
2026-06-24 00:25:00,0.4166666666666667,0.10886687485196457,0.9940563382223196,2,0,0,0
2026-06-24 00:30:00,0.5,0.13052619222005157,0.9914448613738104,2,0,0,0
2026-06-24 00:35:00,0.5833333333333334,0.15212338618991672,0.9883615104677607,2,0,0,0
2026-06-24 00:40:00,0.6666666666666666,0.17364817766693033,0.984807753012208,2,0,0,0
2026-06-24 00:45:00,0.75,0.19509032201612825,0.9807852804032304,2,0,0,0
2026-06-24 00:50:00,0.8333333333333334,0.21643961393810288,0.9762960071199334,2,0,0,0
2026-06-24 00:55:00,0.9166666666666666,0.23768589232617307,0.9713420698132614,2,0,0,0
2026-06-24 01:00:00,1.0,0.25881904510252074,0.9659258262890683,2,0,0,0
2026-06-24 01:05:00,1.0833333333333333,0.27982901403099203,0.9600498543859287,2,0,0,0
2026-06-24 01:10:00,1.1666666666666667,0.3007057995042732,0.9537169507482269,2,0,0,0
2026-06-24 01:15:00,1.25,0.3214394653031616,0.9469301294951057,2,0,0,0
2026-06-24 01:20:00,1.3333333333333333,0.3420201433256687,0.9396926207859084,2,0,0,0
2026-06-24 01:25:00,1.4166666666666667,0.36243803828370164,0.9320078692827986,2,0,0,0
2026-06-24 01:30:00,1.5,0.3826834323650898,0.9238795325112867,2,0,0,0
2026-06-24 01:35:00,1.5833333333333335,0.40274668985873724,0.9153114791194471,2,0,0,0
2026-06-24 01:40:00,1.6666666666666665,0.4226182617406994,0.9063077870366499,2,0,0,0
2026-06-24 01:45:00,1.75,0.44228869021900125,0.8968727415326884,2,0,0,0
2026-06-24 01:50:00,1.8333333333333335,0.46174861323503397,0.8870108331782217,2,0,0,0
2026-06-24 01:55:00,1.9166666666666665,0.48098876891938763,0.8767267557075077,2,0,0,0
2026-06-24 02:00:00,2.0,0.49999999999999994,0.8660254037844387,2,0,0,0
2026-06-24 02:05:00,2.0833333333333335,0.5187732581605214,0.8549118706729466,2,0,0,0
2026-06-24 02:10:00,2.1666666666666665,0.5372996083468238,0.8433914458128857,2,0,0,0
2026-06-24 02:15:00,2.25,0.5555702330196022,0.8314696123025452,2,0,0,0
2026-06-24 02:20:00,2.3333333333333335,0.5735764363510462,0.8191520442889918,2,0,0,0
2026-06-24 02:25:00,2.4166666666666665,0.5913096483635824,0.8064446042674827,2,0,0,0
2026-06-24 02:30:00,2.5,0.6087614290087207,0.7933533402912352,2,0,0,0
2026-06-24 02:35:00,2.5833333333333335,0.6259234721840591,0.7798844830928818,2,0,0,0
2026-06-24 02:40:00,2.6666666666666665,0.6427876096865393,0.766044443118978,2,0,0,0
2026-06-24 02:45:00,2.75,0.6593458151000688,0.7518398074789774,2,0,0,0
2026-06-24 02:50:00,2.8333333333333335,0.6755902076156602,0.7372773368101241,2,0,0,0
2026-06-24 02:55:00,2.9166666666666665,0.6915130557822694,0.7223639620597556,2,0,0,0
2026-06-24 03:00:00,3.0,0.7071067811865476,0.7071067811865476,2,0,0,0
2026-06-24 03:05:00,3.0833333333333335,0.7223639620597555,0.6915130557822694,2,0,0,0
2026-06-24 03:10:00,3.1666666666666665,0.737277336810124,0.6755902076156602,2,0,0,0
2026-06-24 03:15:00,3.25,0.7518398074789774,0.6593458151000688,2,0,0,0
2026-06-24 03:20:00,3.3333333333333335,0.766044443118978,0.6427876096865394,2,0,0,0
2026-06-24 03:25:00,3.4166666666666665,0.7798844830928817,0.6259234721840591,2,0,0,0
2026-06-24 03:30:00,3.5,0.7933533402912352,0.6087614290087207,2,0,0,0
2026-06-24 03:35:00,3.5833333333333335,0.8064446042674825,0.5913096483635825,2,0,0,0
2026-06-24 03:40:00,3.6666666666666665,0.8191520442889917,0.5735764363510462,2,0,0,0
2026-06-24 03:45:00,3.75,0.8314696123025451,0.5555702330196024,2,0,0,0
2026-06-24 03:50:00,3.8333333333333335,0.8433914458128856,0.5372996083468239,2,0,0,0
2026-06-24 03:55:00,3.9166666666666665,0.8549118706729466,0.5187732581605216,2,0,0,0
2026-06-24 04:00:00,4.0,0.8660254037844386,0.5000000000000001,2,0,0,0
2026-06-24 04:05:00,4.083333333333333,0.8767267557075077,0.48098876891938774,2,0,0,0
2026-06-24 04:10:00,4.166666666666667,0.8870108331782217,0.46174861323503386,2,0,0,0
2026-06-24 04:15:00,4.25,0.8968727415326884,0.44228869021900125,2,0,0,0
2026-06-24 04:20:00,4.333333333333333,0.9063077870366498,0.4226182617406996,2,0,0,0
2026-06-24 04:25:00,4.416666666666667,0.9153114791194471,0.40274668985873724,2,0,0,0
2026-06-24 04:30:00,4.5,0.9238795325112867,0.38268343236508984,2,0,0,0
2026-06-24 04:35:00,4.583333333333333,0.9320078692827984,0.3624380382837017,2,0,0,0
2026-06-24 04:40:00,4.666666666666667,0.9396926207859084,0.3420201433256686,2,0,0,0
2026-06-24 04:45:00,4.75,0.9469301294951056,0.3214394653031617,2,0,0,0
2026-06-24 04:50:00,4.833333333333333,0.9537169507482268,0.3007057995042733,2,0,0,0
2026-06-24 04:55:00,4.916666666666667,0.9600498543859287,0.27982901403099203,2,0,0,0
2026-06-24 05:00:00,5.0,0.9659258262890683,0.25881904510252074,2,0,0,0
2026-06-24 05:05:00,5.083333333333333,0.9713420698132614,0.2376858923261731,2,0,0,0
2026-06-24 05:10:00,5.166666666666667,0.9762960071199334,0.2164396139381029,2,0,0,0
2026-06-24 05:15:00,5.25,0.9807852804032304,0.19509032201612833,2,0,0,0
2026-06-24 05:20:00,5.333333333333333,0.984807753012208,0.17364817766693041,2,0,0,0
2026-06-24 05:25:00,5.416666666666667,0.9883615104677607,0.1521233861899168,2,0,0,0
2026-06-24 05:30:00,5.5,0.9914448613738104,0.1305261922200517,2,0,0,0
2026-06-24 05:35:00,5.583333333333333,0.9940563382223196,0.10886687485196474,2,0,0,0
2026-06-24 05:40:00,5.666666666666667,0.9961946980917455,0.08715574274765814,2,0,0,0
2026-06-24 05:45:00,5.75,0.9978589232386035,0.06540312923014327,2,0,0,0
2026-06-24 05:50:00,5.833333333333333,0.9990482215818578,0.04361938736533601,2,0,0,0
2026-06-24 05:55:00,5.916666666666667,0.9997620270799091,0.021814885034560937,2,0,0,0
2026-06-24 06:00:00,6.0,1.0,6.123233995736766e-17,2,0,0,0
2026-06-24 06:05:00,6.083333333333333,0.9997620270799091,-0.02181488503456081,2,0,0,0
2026-06-24 06:10:00,6.166666666666667,0.9990482215818578,-0.04361938736533589,2,0,0,0
2026-06-24 06:15:00,6.25,0.9978589232386035,-0.06540312923014314,2,0,0,0
2026-06-24 06:20:00,6.333333333333333,0.9961946980917455,-0.08715574274765801,2,0,0,0
2026-06-24 06:25:00,6.416666666666667,0.9940563382223196,-0.10886687485196461,2,0,0,0
2026-06-24 06:30:00,6.5,0.9914448613738104,-0.1305261922200516,2,0,0,0
2026-06-24 06:35:00,6.583333333333333,0.9883615104677607,-0.1521233861899167,2,0,0,0
2026-06-24 06:40:00,6.666666666666667,0.984807753012208,-0.1736481776669303,2,0,0,0
2026-06-24 06:45:00,6.75,0.9807852804032304,-0.1950903220161282,2,0,0,0
2026-06-24 06:50:00,6.833333333333333,0.9762960071199334,-0.2164396139381028,2,0,0,0
2026-06-24 06:55:00,6.916666666666667,0.9713420698132614,-0.23768589232617318,2,0,0,0
2026-06-24 07:00:00,7.0,0.9659258262890683,-0.25881904510252063,2,0,0,0
2026-06-24 07:05:00,7.083333333333333,0.9600498543859287,-0.2798290140309919,2,0,0,0
2026-06-24 07:10:00,7.166666666666667,0.9537169507482269,-0.30070579950427295,2,0,0,0
2026-06-24 07:15:00,7.25,0.9469301294951057,-0.3214394653031616,2,0,0,0
2026-06-24 07:20:00,7.333333333333333,0.9396926207859084,-0.3420201433256685,2,0,0,0
2026-06-24 07:25:00,7.416666666666667,0.9320078692827986,-0.3624380382837016,2,0,0,0
2026-06-24 07:30:00,7.5,0.9238795325112868,-0.3826834323650895,2,0,0,0
2026-06-24 07:35:00,7.583333333333333,0.9153114791194472,-0.40274668985873713,2,0,0,0
2026-06-24 07:40:00,7.666666666666667,0.90630778703665,-0.42261826174069933,2,0,0,0
2026-06-24 07:45:00,7.75,0.8968727415326884,-0.44228869021900113,2,0,0,0
2026-06-24 07:50:00,7.833333333333333,0.8870108331782218,-0.4617486132350338,2,0,0,0
2026-06-24 07:55:00,7.916666666666667,0.8767267557075076,-0.48098876891938785,2,0,0,0
2026-06-24 08:00:00,8.0,0.8660254037844387,-0.4999999999999998,2,0,0,0
2026-06-24 08:05:00,8.083333333333334,0.8549118706729465,-0.5187732581605216,2,0,0,0
2026-06-24 08:10:00,8.166666666666666,0.8433914458128858,-0.5372996083468236,2,0,0,0
2026-06-24 08:15:00,8.25,0.8314696123025451,-0.5555702330196023,2,0,0,0
2026-06-24 08:20:00,8.333333333333334,0.8191520442889917,-0.5735764363510462,2,0,0,0
2026-06-24 08:25:00,8.416666666666666,0.8064446042674828,-0.5913096483635821,2,0,0,0
2026-06-24 08:30:00,8.5,0.7933533402912352,-0.6087614290087207,2,0,0,0
2026-06-24 08:35:00,8.583333333333334,0.7798844830928817,-0.6259234721840591,2,0,0,0
2026-06-24 08:40:00,8.666666666666666,0.7660444431189783,-0.642787609686539,2,0,0,0
2026-06-24 08:45:00,8.75,0.7518398074789774,-0.6593458151000688,2,0,0,0
2026-06-24 08:50:00,8.833333333333334,0.7372773368101241,-0.6755902076156602,2,0,0,0
2026-06-24 08:55:00,8.916666666666666,0.7223639620597556,-0.6915130557822693,2,0,0,0
2026-06-24 09:00:00,9.0,0.7071067811865476,-0.7071067811865475,2,0,0,0
2026-06-24 09:05:00,9.083333333333334,0.6915130557822694,-0.7223639620597555,2,0,0,0
2026-06-24 09:10:00,9.166666666666666,0.6755902076156604,-0.737277336810124,2,0,0,0
2026-06-24 09:15:00,9.25,0.659345815100069,-0.7518398074789773,2,0,0,0
2026-06-24 09:20:00,9.333333333333334,0.6427876096865391,-0.7660444431189782,2,0,0,0
2026-06-24 09:25:00,9.416666666666666,0.6259234721840592,-0.7798844830928817,2,0,0,0
2026-06-24 09:30:00,9.5,0.6087614290087209,-0.793353340291235,2,0,0,0
2026-06-24 09:35:00,9.583333333333334,0.5913096483635822,-0.8064446042674827,2,0,0,0
2026-06-24 09:40:00,9.666666666666666,0.5735764363510464,-0.8191520442889916,2,0,0,0
2026-06-24 09:45:00,9.75,0.5555702330196025,-0.831469612302545,2,0,0,0
2026-06-24 09:50:00,9.833333333333334,0.5372996083468238,-0.8433914458128857,2,0,0,0
2026-06-24 09:55:00,9.916666666666666,0.5187732581605218,-0.8549118706729464,2,0,0,0
2026-06-24 10:00:00,10.0,0.49999999999999994,-0.8660254037844387,2,0,0,0
2026-06-24 10:05:00,10.083333333333334,0.48098876891938763,-0.8767267557075077,2,0,0,0
2026-06-24 10:10:00,10.166666666666666,0.4617486132350339,-0.8870108331782217,2,0,0,0
2026-06-24 10:15:00,10.25,0.4422886902190017,-0.8968727415326881,2,0,0,0
2026-06-24 10:20:00,10.333333333333334,0.4226182617406995,-0.9063077870366499,2,0,0,0
2026-06-24 10:25:00,10.416666666666666,0.4027466898587373,-0.9153114791194471,2,0,0,0
2026-06-24 10:30:00,10.5,0.3826834323650899,-0.9238795325112867,2,0,0,0
2026-06-24 10:35:00,10.583333333333334,0.36243803828370136,-0.9320078692827987,2,0,0,0
2026-06-24 10:40:00,10.666666666666666,0.3420201433256689,-0.9396926207859083,2,0,0,0
2026-06-24 10:45:00,10.75,0.32143946530316175,-0.9469301294951056,2,0,0,0
2026-06-24 10:50:00,10.833333333333334,0.30070579950427334,-0.9537169507482268,2,0,0,0
2026-06-24 10:55:00,10.916666666666666,0.2798290140309927,-0.9600498543859285,2,0,0,0
2026-06-24 11:00:00,11.0,0.258819045102521,-0.9659258262890682,2,0,0,0
2026-06-24 11:05:00,11.083333333333334,0.23768589232617293,-0.9713420698132614,2,0,0,0
2026-06-24 11:10:00,11.166666666666666,0.21643961393810318,-0.9762960071199333,2,0,0,0
2026-06-24 11:15:00,11.25,0.19509032201612816,-0.9807852804032304,2,0,0,0
2026-06-24 11:20:00,11.333333333333334,0.17364817766693028,-0.984807753012208,2,0,0,0
2026-06-24 11:25:00,11.416666666666666,0.15212338618991708,-0.9883615104677607,2,0,0,0
2026-06-24 11:30:00,11.5,0.130526192220052,-0.9914448613738104,2,0,0,0
2026-06-24 11:35:00,11.583333333333334,0.10886687485196457,-0.9940563382223196,2,0,0,0
2026-06-24 11:40:00,11.666666666666666,0.0871557427476582,-0.9961946980917455,2,0,0,0
2026-06-24 11:45:00,11.75,0.06540312923014312,-0.9978589232386035,2,0,0,0
2026-06-24 11:50:00,11.833333333333334,0.043619387365335625,-0.9990482215818578,2,0,0,0
2026-06-24 11:55:00,11.916666666666666,0.021814885034561218,-0.9997620270799091,2,0,0,0
2026-06-24 12:00:00,12.0,1.2246467991473532e-16,-1.0,2,0,0,0
2026-06-24 12:05:00,12.083333333333334,-0.021814885034560975,-0.9997620270799091,2,0,0,0
2026-06-24 12:10:00,12.166666666666666,-0.04361938736533538,-0.9990482215818578,2,0,0,0
2026-06-24 12:15:00,12.25,-0.06540312923014287,-0.9978589232386035,2,0,0,0
2026-06-24 12:20:00,12.333333333333334,-0.08715574274765794,-0.9961946980917455,2,0,0,0
2026-06-24 12:25:00,12.416666666666666,-0.10886687485196432,-0.9940563382223196,2,0,0,0
2026-06-24 12:30:00,12.5,-0.13052619222005177,-0.9914448613738104,2,0,0,0
2026-06-24 12:35:00,12.583333333333334,-0.15212338618991683,-0.9883615104677607,2,0,0,0
2026-06-24 12:40:00,12.666666666666666,-0.17364817766693003,-0.9848077530122081,2,0,0,0
2026-06-24 12:45:00,12.75,-0.19509032201612792,-0.9807852804032305,2,0,0,0
2026-06-24 12:50:00,12.833333333333334,-0.21643961393810293,-0.9762960071199334,2,0,0,0
2026-06-24 12:55:00,12.916666666666666,-0.2376858923261727,-0.9713420698132615,2,0,0,0
2026-06-24 13:00:00,13.0,-0.2588190451025208,-0.9659258262890683,2,0,0,0
2026-06-24 13:05:00,13.083333333333334,-0.2798290140309925,-0.9600498543859286,2,0,0,0
2026-06-24 13:10:00,13.166666666666666,-0.30070579950427306,-0.9537169507482269,2,0,0,0
2026-06-24 13:15:00,13.25,-0.32143946530316153,-0.9469301294951057,2,0,0,0
2026-06-24 13:20:00,13.333333333333334,-0.34202014332566866,-0.9396926207859084,2,0,0,0
2026-06-24 13:25:00,13.416666666666666,-0.36243803828370114,-0.9320078692827987,2,0,0,0
2026-06-24 13:30:00,13.5,-0.38268343236508967,-0.9238795325112868,2,0,0,0
2026-06-24 13:35:00,13.583333333333334,-0.4027466898587371,-0.9153114791194472,2,0,0,0
2026-06-24 13:40:00,13.666666666666666,-0.4226182617406993,-0.90630778703665,2,0,0,0
2026-06-24 13:45:00,13.75,-0.44228869021900147,-0.8968727415326883,2,0,0,0
2026-06-24 13:50:00,13.833333333333334,-0.46174861323503413,-0.8870108331782216,2,0,0,0
2026-06-24 13:55:00,13.916666666666666,-0.4809887689193874,-0.8767267557075078,2,0,0,0
2026-06-24 14:00:00,14.0,-0.4999999999999997,-0.8660254037844388,2,0,0,0
2026-06-24 14:05:00,14.083333333333334,-0.5187732581605216,-0.8549118706729465,2,0,0,0
2026-06-24 14:10:00,14.166666666666666,-0.5372996083468236,-0.8433914458128858,2,0,0,0
2026-06-24 14:15:00,14.25,-0.555570233019602,-0.8314696123025455,2,0,0,0
2026-06-24 14:20:00,14.333333333333334,-0.5735764363510458,-0.819152044288992,2,0,0,0
2026-06-24 14:25:00,14.416666666666666,-0.5913096483635824,-0.8064446042674825,2,0,0,0
2026-06-24 14:30:00,14.5,-0.6087614290087207,-0.7933533402912352,2,0,0,0
2026-06-24 14:35:00,14.583333333333334,-0.6259234721840591,-0.7798844830928818,2,0,0,0
2026-06-24 14:40:00,14.666666666666666,-0.6427876096865389,-0.7660444431189783,2,0,0,0
2026-06-24 14:45:00,14.75,-0.6593458151000688,-0.7518398074789774,2,0,0,0
2026-06-24 14:50:00,14.833333333333334,-0.6755902076156601,-0.7372773368101241,2,0,0,0
2026-06-24 14:55:00,14.916666666666666,-0.691513055782269,-0.722363962059756,2,0,0,0
2026-06-24 15:00:00,15.0,-0.7071067811865471,-0.7071067811865479,2,0,0,0
2026-06-24 15:05:00,15.083333333333334,-0.7223639620597557,-0.6915130557822692,2,0,0,0
2026-06-24 15:10:00,15.166666666666666,-0.7372773368101239,-0.6755902076156604,2,0,0,0
2026-06-24 15:15:00,15.25,-0.7518398074789773,-0.6593458151000691,2,0,0,0
2026-06-24 15:20:00,15.333333333333334,-0.7660444431189779,-0.6427876096865395,2,0,0,0
2026-06-24 15:25:00,15.416666666666666,-0.7798844830928814,-0.6259234721840596,2,0,0,0
2026-06-24 15:30:00,15.5,-0.7933533402912349,-0.6087614290087209,2,0,0,0
2026-06-24 15:35:00,15.583333333333334,-0.8064446042674827,-0.5913096483635822,2,0,0,0
2026-06-24 15:40:00,15.666666666666666,-0.8191520442889916,-0.5735764363510464,2,0,0,0
2026-06-24 15:45:00,15.75,-0.8314696123025452,-0.5555702330196022,2,0,0,0
2026-06-24 15:50:00,15.833333333333334,-0.8433914458128859,-0.5372996083468234,2,0,0,0
2026-06-24 15:55:00,15.916666666666666,-0.8549118706729466,-0.5187732581605214,2,0,0,0
2026-06-24 16:00:00,16.0,-0.8660254037844385,-0.5000000000000004,2,0,0,0
2026-06-24 16:05:00,16.083333333333332,-0.8767267557075072,-0.48098876891938847,2,0,0,0
2026-06-24 16:10:00,16.166666666666668,-0.8870108331782218,-0.4617486132350336,2,0,0,0
2026-06-24 16:15:00,16.25,-0.8968727415326883,-0.44228869021900136,2,0,0,0
2026-06-24 16:20:00,16.333333333333332,-0.9063077870366497,-0.42261826174069994,2,0,0,0
2026-06-24 16:25:00,16.416666666666668,-0.9153114791194471,-0.40274668985873735,2,0,0,0
2026-06-24 16:30:00,16.5,-0.9238795325112868,-0.3826834323650895,2,0,0,0
2026-06-24 16:35:00,16.583333333333332,-0.9320078692827984,-0.3624380382837018,2,0,0,0
2026-06-24 16:40:00,16.666666666666668,-0.9396926207859084,-0.34202014332566855,2,0,0,0
2026-06-24 16:45:00,16.75,-0.9469301294951056,-0.3214394653031618,2,0,0,0
2026-06-24 16:50:00,16.833333333333332,-0.9537169507482267,-0.3007057995042738,2,0,0,0
2026-06-24 16:55:00,16.916666666666668,-0.9600498543859286,-0.27982901403099236,2,0,0,0
2026-06-24 17:00:00,17.0,-0.9659258262890683,-0.25881904510252063,2,0,0,0
2026-06-24 17:05:00,17.083333333333332,-0.9713420698132613,-0.23768589232617343,2,0,0,0
2026-06-24 17:10:00,17.166666666666668,-0.9762960071199334,-0.21643961393810282,2,0,0,0
2026-06-24 17:15:00,17.25,-0.9807852804032303,-0.19509032201612866,2,0,0,0
2026-06-24 17:20:00,17.333333333333332,-0.9848077530122079,-0.1736481776669312,2,0,0,0
2026-06-24 17:25:00,17.416666666666668,-0.9883615104677608,-0.15212338618991628,2,0,0,0
2026-06-24 17:30:00,17.5,-0.9914448613738104,-0.13052619222005163,2,0,0,0
2026-06-24 17:35:00,17.583333333333332,-0.9940563382223195,-0.10886687485196507,2,0,0,0
2026-06-24 17:40:00,17.666666666666668,-0.9961946980917455,-0.08715574274765825,2,0,0,0
2026-06-24 17:45:00,17.75,-0.9978589232386035,-0.06540312923014273,2,0,0,0
2026-06-24 17:50:00,17.833333333333332,-0.9990482215818578,-0.04361938736533613,2,0,0,0
2026-06-24 17:55:00,17.916666666666668,-0.9997620270799091,-0.021814885034560836,2,0,0,0
2026-06-24 18:00:00,18.0,-1.0,-1.8369701987210297e-16,2,0,0,0
2026-06-24 18:05:00,18.083333333333332,-0.9997620270799091,0.021814885034560468,2,0,0,0
2026-06-24 18:10:00,18.166666666666668,-0.9990482215818578,0.043619387365335764,2,0,0,0
2026-06-24 18:15:00,18.25,-0.9978589232386036,0.06540312923014237,2,0,0,0
2026-06-24 18:20:00,18.333333333333332,-0.9961946980917455,0.08715574274765789,2,0,0,0
2026-06-24 18:25:00,18.416666666666668,-0.9940563382223196,0.10886687485196471,2,0,0,0
2026-06-24 18:30:00,18.5,-0.9914448613738105,0.13052619222005127,2,0,0,0
2026-06-24 18:35:00,18.583333333333332,-0.9883615104677609,0.15212338618991592,2,0,0,0
2026-06-24 18:40:00,18.666666666666668,-0.984807753012208,0.17364817766693083,2,0,0,0
2026-06-24 18:45:00,18.75,-0.9807852804032304,0.1950903220161283,2,0,0,0
2026-06-24 18:50:00,18.833333333333332,-0.9762960071199335,0.21643961393810246,2,0,0,0
2026-06-24 18:55:00,18.916666666666668,-0.9713420698132614,0.23768589232617307,2,0,0,0
2026-06-24 19:00:00,19.0,-0.9659258262890684,0.2588190451025203,2,0,0,0
2026-06-24 19:05:00,19.083333333333332,-0.9600498543859287,0.279829014030992,2,0,0,0
2026-06-24 19:10:00,19.166666666666668,-0.9537169507482268,0.30070579950427345,2,0,0,0
2026-06-24 19:15:00,19.25,-0.9469301294951057,0.3214394653031615,2,0,0,0
2026-06-24 19:20:00,19.333333333333332,-0.9396926207859085,0.34202014332566816,2,0,0,0
2026-06-24 19:25:00,19.416666666666668,-0.9320078692827986,0.36243803828370147,2,0,0,0
2026-06-24 19:30:00,19.5,-0.923879532511287,0.38268343236508917,2,0,0,0
2026-06-24 19:35:00,19.583333333333332,-0.9153114791194472,0.402746689858737,2,0,0,0
2026-06-24 19:40:00,19.666666666666668,-0.9063077870366498,0.4226182617406996,2,0,0,0
2026-06-24 19:45:00,19.75,-0.8968727415326884,0.442288690219001,2,0,0,0
2026-06-24 19:50:00,19.833333333333332,-0.887010833178222,0.46174861323503325,2,0,0,0
2026-06-24 19:55:00,19.916666666666668,-0.8767267557075075,0.48098876891938813,2,0,0,0
2026-06-24 20:00:00,20.0,-0.8660254037844386,0.5000000000000001,2,0,0,0
2026-06-24 20:05:00,20.083333333333332,-0.8549118706729468,0.5187732581605211,2,0,0,0
2026-06-24 20:10:00,20.166666666666668,-0.8433914458128857,0.5372996083468239,2,0,0,0
2026-06-24 20:15:00,20.25,-0.8314696123025455,0.5555702330196018,2,0,0,0
2026-06-24 20:20:00,20.333333333333332,-0.8191520442889918,0.573576436351046,2,0,0,0
2026-06-24 20:25:00,20.416666666666668,-0.8064446042674829,0.591309648363582,2,0,0,0
2026-06-24 20:30:00,20.5,-0.7933533402912357,0.6087614290087199,2,0,0,0
2026-06-24 20:35:00,20.583333333333332,-0.7798844830928816,0.6259234721840593,2,0,0,0
2026-06-24 20:40:00,20.666666666666668,-0.7660444431189781,0.6427876096865393,2,0,0,0
2026-06-24 20:45:00,20.75,-0.7518398074789772,0.6593458151000691,2,0,0,0
2026-06-24 20:50:00,20.833333333333332,-0.7372773368101242,0.6755902076156601,2,0,0,0
2026-06-24 20:55:00,20.916666666666668,-0.7223639620597554,0.6915130557822695,2,0,0,0
2026-06-24 21:00:00,21.0,-0.7071067811865477,0.7071067811865474,2,0,0,0
2026-06-24 21:05:00,21.083333333333332,-0.6915130557822698,0.7223639620597551,2,0,0,0
2026-06-24 21:10:00,21.166666666666668,-0.6755902076156598,0.7372773368101244,2,0,0,0
2026-06-24 21:15:00,21.25,-0.6593458151000687,0.7518398074789775,2,0,0,0
2026-06-24 21:20:00,21.333333333333332,-0.6427876096865396,0.7660444431189778,2,0,0,0
2026-06-24 21:25:00,21.416666666666668,-0.625923472184059,0.7798844830928818,2,0,0,0
2026-06-24 21:30:00,21.5,-0.608761429008721,0.7933533402912349,2,0,0,0
2026-06-24 21:35:00,21.583333333333332,-0.591309648363583,0.8064446042674821,2,0,0,0
2026-06-24 21:40:00,21.666666666666668,-0.5735764363510465,0.8191520442889916,2,0,0,0
2026-06-24 21:45:00,21.75,-0.555570233019603,0.8314696123025447,2,0,0,0
2026-06-24 21:50:00,21.833333333333332,-0.537299608346825,0.8433914458128849,2,0,0,0
2026-06-24 21:55:00,21.916666666666668,-0.5187732581605214,0.8549118706729466,2,0,0,0
2026-06-24 22:00:00,22.0,-0.5000000000000004,0.8660254037844384,2,0,0,0
2026-06-24 22:05:00,22.083333333333332,-0.48098876891938774,0.8767267557075077,2,0,0,0
2026-06-24 22:10:00,22.166666666666668,-0.46174861323503363,0.8870108331782218,2,0,0,0
2026-06-24 22:15:00,22.25,-0.4422886902190014,0.8968727415326883,2,0,0,0
2026-06-24 22:20:00,22.333333333333332,-0.4226182617407,0.9063077870366497,2,0,0,0
2026-06-24 22:25:00,22.416666666666668,-0.40274668985873663,0.9153114791194474,2,0,0,0
2026-06-24 22:30:00,22.5,-0.38268343236508956,0.9238795325112868,2,0,0,0
2026-06-24 22:35:00,22.583333333333332,-0.36243803828370186,0.9320078692827984,2,0,0,0
2026-06-24 22:40:00,22.666666666666668,-0.3420201433256686,0.9396926207859084,2,0,0,0
2026-06-24 22:45:00,22.75,-0.32143946530316186,0.9469301294951056,2,0,0,0
2026-06-24 22:50:00,22.833333333333332,-0.30070579950427384,0.9537169507482267,2,0,0,0
2026-06-24 22:55:00,22.916666666666668,-0.2798290140309924,0.9600498543859286,2,0,0,0
2026-06-24 23:00:00,23.0,-0.25881904510252157,0.9659258262890681,2,0,0,0
2026-06-24 23:05:00,23.083333333333332,-0.23768589232617435,0.9713420698132611,2,0,0,0
2026-06-24 23:10:00,23.166666666666668,-0.21643961393810288,0.9762960071199334,2,0,0,0
2026-06-24 23:15:00,23.25,-0.19509032201612872,0.9807852804032303,2,0,0,0
2026-06-24 23:20:00,23.333333333333332,-0.1736481776669304,0.984807753012208,2,0,0,0
2026-06-24 23:25:00,23.416666666666668,-0.1521233861899172,0.9883615104677607,2,0,0,0
2026-06-24 23:30:00,23.5,-0.13052619222005168,0.9914448613738104,2,0,0,0
2026-06-24 23:35:00,23.583333333333332,-0.10886687485196514,0.9940563382223195,2,0,0,0
2026-06-24 23:40:00,23.666666666666668,-0.08715574274765743,0.9961946980917455,2,0,0,0
2026-06-24 23:45:00,23.75,-0.0654031292301428,0.9978589232386035,2,0,0,0
2026-06-24 23:50:00,23.833333333333332,-0.043619387365336194,0.9990482215818578,2,0,0,0
2026-06-24 23:55:00,23.916666666666668,-0.0218148850345609,0.9997620270799091,2,0,0,0
2026-06-25 00:00:00,0.0,0.0,1.0,3,0,0,0
2026-06-25 00:05:00,0.08333333333333333,0.02181488503456112,0.9997620270799091,3,0,0,0
2026-06-25 00:10:00,0.16666666666666666,0.043619387365336,0.9990482215818578,3,0,0,0
2026-06-25 00:15:00,0.25,0.06540312923014306,0.9978589232386035,3,0,0,0
2026-06-25 00:20:00,0.3333333333333333,0.08715574274765817,0.9961946980917455,3,0,0,0
2026-06-25 00:25:00,0.4166666666666667,0.10886687485196457,0.9940563382223196,3,0,0,0
2026-06-25 00:30:00,0.5,0.13052619222005157,0.9914448613738104,3,0,0,0
2026-06-25 00:35:00,0.5833333333333334,0.15212338618991672,0.9883615104677607,3,0,0,0
2026-06-25 00:40:00,0.6666666666666666,0.17364817766693033,0.984807753012208,3,0,0,0
2026-06-25 00:45:00,0.75,0.19509032201612825,0.9807852804032304,3,0,0,0
2026-06-25 00:50:00,0.8333333333333334,0.21643961393810288,0.9762960071199334,3,0,0,0
2026-06-25 00:55:00,0.9166666666666666,0.23768589232617307,0.9713420698132614,3,0,0,0
2026-06-25 01:00:00,1.0,0.25881904510252074,0.9659258262890683,3,0,0,0
2026-06-25 01:05:00,1.0833333333333333,0.27982901403099203,0.9600498543859287,3,0,0,0
2026-06-25 01:10:00,1.1666666666666667,0.3007057995042732,0.9537169507482269,3,0,0,0
2026-06-25 01:15:00,1.25,0.3214394653031616,0.9469301294951057,3,0,0,0
2026-06-25 01:20:00,1.3333333333333333,0.3420201433256687,0.9396926207859084,3,0,0,0
2026-06-25 01:25:00,1.4166666666666667,0.36243803828370164,0.9320078692827986,3,0,0,0
2026-06-25 01:30:00,1.5,0.3826834323650898,0.9238795325112867,3,0,0,0
2026-06-25 01:35:00,1.5833333333333335,0.40274668985873724,0.9153114791194471,3,0,0,0
2026-06-25 01:40:00,1.6666666666666665,0.4226182617406994,0.9063077870366499,3,0,0,0
2026-06-25 01:45:00,1.75,0.44228869021900125,0.8968727415326884,3,0,0,0
2026-06-25 01:50:00,1.8333333333333335,0.46174861323503397,0.8870108331782217,3,0,0,0
2026-06-25 01:55:00,1.9166666666666665,0.48098876891938763,0.8767267557075077,3,0,0,0
2026-06-25 02:00:00,2.0,0.49999999999999994,0.8660254037844387,3,0,0,0
2026-06-25 02:05:00,2.0833333333333335,0.5187732581605214,0.8549118706729466,3,0,0,0
2026-06-25 02:10:00,2.1666666666666665,0.5372996083468238,0.8433914458128857,3,0,0,0
2026-06-25 02:15:00,2.25,0.5555702330196022,0.8314696123025452,3,0,0,0
2026-06-25 02:20:00,2.3333333333333335,0.5735764363510462,0.8191520442889918,3,0,0,0
2026-06-25 02:25:00,2.4166666666666665,0.5913096483635824,0.8064446042674827,3,0,0,0
2026-06-25 02:30:00,2.5,0.6087614290087207,0.7933533402912352,3,0,0,0
2026-06-25 02:35:00,2.5833333333333335,0.6259234721840591,0.7798844830928818,3,0,0,0
2026-06-25 02:40:00,2.6666666666666665,0.6427876096865393,0.766044443118978,3,0,0,0
2026-06-25 02:45:00,2.75,0.6593458151000688,0.7518398074789774,3,0,0,0
2026-06-25 02:50:00,2.8333333333333335,0.6755902076156602,0.7372773368101241,3,0,0,0
2026-06-25 02:55:00,2.9166666666666665,0.6915130557822694,0.7223639620597556,3,0,0,0
2026-06-25 03:00:00,3.0,0.7071067811865476,0.7071067811865476,3,0,0,0
2026-06-25 03:05:00,3.0833333333333335,0.7223639620597555,0.6915130557822694,3,0,0,0
2026-06-25 03:10:00,3.1666666666666665,0.737277336810124,0.6755902076156602,3,0,0,0
2026-06-25 03:15:00,3.25,0.7518398074789774,0.6593458151000688,3,0,0,0
2026-06-25 03:20:00,3.3333333333333335,0.766044443118978,0.6427876096865394,3,0,0,0
2026-06-25 03:25:00,3.4166666666666665,0.7798844830928817,0.6259234721840591,3,0,0,0
2026-06-25 03:30:00,3.5,0.7933533402912352,0.6087614290087207,3,0,0,0
2026-06-25 03:35:00,3.5833333333333335,0.8064446042674825,0.5913096483635825,3,0,0,0
2026-06-25 03:40:00,3.6666666666666665,0.8191520442889917,0.5735764363510462,3,0,0,0
2026-06-25 03:45:00,3.75,0.8314696123025451,0.5555702330196024,3,0,0,0
2026-06-25 03:50:00,3.8333333333333335,0.8433914458128856,0.5372996083468239,3,0,0,0
2026-06-25 03:55:00,3.9166666666666665,0.8549118706729466,0.5187732581605216,3,0,0,0
2026-06-25 04:00:00,4.0,0.8660254037844386,0.5000000000000001,3,0,0,0
2026-06-25 04:05:00,4.083333333333333,0.8767267557075077,0.48098876891938774,3,0,0,0
2026-06-25 04:10:00,4.166666666666667,0.8870108331782217,0.46174861323503386,3,0,0,0
2026-06-25 04:15:00,4.25,0.8968727415326884,0.44228869021900125,3,0,0,0
2026-06-25 04:20:00,4.333333333333333,0.9063077870366498,0.4226182617406996,3,0,0,0
2026-06-25 04:25:00,4.416666666666667,0.9153114791194471,0.40274668985873724,3,0,0,0
2026-06-25 04:30:00,4.5,0.9238795325112867,0.38268343236508984,3,0,0,0
2026-06-25 04:35:00,4.583333333333333,0.9320078692827984,0.3624380382837017,3,0,0,0
2026-06-25 04:40:00,4.666666666666667,0.9396926207859084,0.3420201433256686,3,0,0,0
2026-06-25 04:45:00,4.75,0.9469301294951056,0.3214394653031617,3,0,0,0
2026-06-25 04:50:00,4.833333333333333,0.9537169507482268,0.3007057995042733,3,0,0,0
2026-06-25 04:55:00,4.916666666666667,0.9600498543859287,0.27982901403099203,3,0,0,0
2026-06-25 05:00:00,5.0,0.9659258262890683,0.25881904510252074,3,0,0,0
2026-06-25 05:05:00,5.083333333333333,0.9713420698132614,0.2376858923261731,3,0,0,0
2026-06-25 05:10:00,5.166666666666667,0.9762960071199334,0.2164396139381029,3,0,0,0
2026-06-25 05:15:00,5.25,0.9807852804032304,0.19509032201612833,3,0,0,0
2026-06-25 05:20:00,5.333333333333333,0.984807753012208,0.17364817766693041,3,0,0,0
2026-06-25 05:25:00,5.416666666666667,0.9883615104677607,0.1521233861899168,3,0,0,0
2026-06-25 05:30:00,5.5,0.9914448613738104,0.1305261922200517,3,0,0,0
2026-06-25 05:35:00,5.583333333333333,0.9940563382223196,0.10886687485196474,3,0,0,0
2026-06-25 05:40:00,5.666666666666667,0.9961946980917455,0.08715574274765814,3,0,0,0
2026-06-25 05:45:00,5.75,0.9978589232386035,0.06540312923014327,3,0,0,0
2026-06-25 05:50:00,5.833333333333333,0.9990482215818578,0.04361938736533601,3,0,0,0
2026-06-25 05:55:00,5.916666666666667,0.9997620270799091,0.021814885034560937,3,0,0,0
2026-06-25 06:00:00,6.0,1.0,6.123233995736766e-17,3,0,0,0
2026-06-25 06:05:00,6.083333333333333,0.9997620270799091,-0.02181488503456081,3,0,0,0
2026-06-25 06:10:00,6.166666666666667,0.9990482215818578,-0.04361938736533589,3,0,0,0
2026-06-25 06:15:00,6.25,0.9978589232386035,-0.06540312923014314,3,0,0,0
2026-06-25 06:20:00,6.333333333333333,0.9961946980917455,-0.08715574274765801,3,0,0,0
2026-06-25 06:25:00,6.416666666666667,0.9940563382223196,-0.10886687485196461,3,0,0,0
2026-06-25 06:30:00,6.5,0.9914448613738104,-0.1305261922200516,3,0,0,0
2026-06-25 06:35:00,6.583333333333333,0.9883615104677607,-0.1521233861899167,3,0,0,0
2026-06-25 06:40:00,6.666666666666667,0.984807753012208,-0.1736481776669303,3,0,0,0
2026-06-25 06:45:00,6.75,0.9807852804032304,-0.1950903220161282,3,0,0,0
2026-06-25 06:50:00,6.833333333333333,0.9762960071199334,-0.2164396139381028,3,0,0,0
2026-06-25 06:55:00,6.916666666666667,0.9713420698132614,-0.23768589232617318,3,0,0,0
2026-06-25 07:00:00,7.0,0.9659258262890683,-0.25881904510252063,3,0,0,0
2026-06-25 07:05:00,7.083333333333333,0.9600498543859287,-0.2798290140309919,3,0,0,0
2026-06-25 07:10:00,7.166666666666667,0.9537169507482269,-0.30070579950427295,3,0,0,0
2026-06-25 07:15:00,7.25,0.9469301294951057,-0.3214394653031616,3,0,0,0
2026-06-25 07:20:00,7.333333333333333,0.9396926207859084,-0.3420201433256685,3,0,0,0
2026-06-25 07:25:00,7.416666666666667,0.9320078692827986,-0.3624380382837016,3,0,0,0
2026-06-25 07:30:00,7.5,0.9238795325112868,-0.3826834323650895,3,0,0,0
2026-06-25 07:35:00,7.583333333333333,0.9153114791194472,-0.40274668985873713,3,0,0,0
2026-06-25 07:40:00,7.666666666666667,0.90630778703665,-0.42261826174069933,3,0,0,0
2026-06-25 07:45:00,7.75,0.8968727415326884,-0.44228869021900113,3,0,0,0
2026-06-25 07:50:00,7.833333333333333,0.8870108331782218,-0.4617486132350338,3,0,0,0
2026-06-25 07:55:00,7.916666666666667,0.8767267557075076,-0.48098876891938785,3,0,0,0
2026-06-25 08:00:00,8.0,0.8660254037844387,-0.4999999999999998,3,0,0,0
2026-06-25 08:05:00,8.083333333333334,0.8549118706729465,-0.5187732581605216,3,0,0,0
2026-06-25 08:10:00,8.166666666666666,0.8433914458128858,-0.5372996083468236,3,0,0,0
2026-06-25 08:15:00,8.25,0.8314696123025451,-0.5555702330196023,3,0,0,0
2026-06-25 08:20:00,8.333333333333334,0.8191520442889917,-0.5735764363510462,3,0,0,0
2026-06-25 08:25:00,8.416666666666666,0.8064446042674828,-0.5913096483635821,3,0,0,0
2026-06-25 08:30:00,8.5,0.7933533402912352,-0.6087614290087207,3,0,0,0
2026-06-25 08:35:00,8.583333333333334,0.7798844830928817,-0.6259234721840591,3,0,0,0
2026-06-25 08:40:00,8.666666666666666,0.7660444431189783,-0.642787609686539,3,0,0,0
2026-06-25 08:45:00,8.75,0.7518398074789774,-0.6593458151000688,3,0,0,0
2026-06-25 08:50:00,8.833333333333334,0.7372773368101241,-0.6755902076156602,3,0,0,0
2026-06-25 08:55:00,8.916666666666666,0.7223639620597556,-0.6915130557822693,3,0,0,0
2026-06-25 09:00:00,9.0,0.7071067811865476,-0.7071067811865475,3,0,0,0
2026-06-25 09:05:00,9.083333333333334,0.6915130557822694,-0.7223639620597555,3,0,0,0
2026-06-25 09:10:00,9.166666666666666,0.6755902076156604,-0.737277336810124,3,0,0,0
2026-06-25 09:15:00,9.25,0.659345815100069,-0.7518398074789773,3,0,0,0
2026-06-25 09:20:00,9.333333333333334,0.6427876096865391,-0.7660444431189782,3,0,0,0
2026-06-25 09:25:00,9.416666666666666,0.6259234721840592,-0.7798844830928817,3,0,0,0
2026-06-25 09:30:00,9.5,0.6087614290087209,-0.793353340291235,3,0,0,0
2026-06-25 09:35:00,9.583333333333334,0.5913096483635822,-0.8064446042674827,3,0,0,0
2026-06-25 09:40:00,9.666666666666666,0.5735764363510464,-0.8191520442889916,3,0,0,0
2026-06-25 09:45:00,9.75,0.5555702330196025,-0.831469612302545,3,0,0,0
2026-06-25 09:50:00,9.833333333333334,0.5372996083468238,-0.8433914458128857,3,0,0,0
2026-06-25 09:55:00,9.916666666666666,0.5187732581605218,-0.8549118706729464,3,0,0,0
2026-06-25 10:00:00,10.0,0.49999999999999994,-0.8660254037844387,3,0,0,0
2026-06-25 10:05:00,10.083333333333334,0.48098876891938763,-0.8767267557075077,3,0,0,0
2026-06-25 10:10:00,10.166666666666666,0.4617486132350339,-0.8870108331782217,3,0,0,0
2026-06-25 10:15:00,10.25,0.4422886902190017,-0.8968727415326881,3,0,0,0
2026-06-25 10:20:00,10.333333333333334,0.4226182617406995,-0.9063077870366499,3,0,0,0
2026-06-25 10:25:00,10.416666666666666,0.4027466898587373,-0.9153114791194471,3,0,0,0
2026-06-25 10:30:00,10.5,0.3826834323650899,-0.9238795325112867,3,0,0,0
2026-06-25 10:35:00,10.583333333333334,0.36243803828370136,-0.9320078692827987,3,0,0,0
2026-06-25 10:40:00,10.666666666666666,0.3420201433256689,-0.9396926207859083,3,0,0,0
2026-06-25 10:45:00,10.75,0.32143946530316175,-0.9469301294951056,3,0,0,0
2026-06-25 10:50:00,10.833333333333334,0.30070579950427334,-0.9537169507482268,3,0,0,0
2026-06-25 10:55:00,10.916666666666666,0.2798290140309927,-0.9600498543859285,3,0,0,0
2026-06-25 11:00:00,11.0,0.258819045102521,-0.9659258262890682,3,0,0,0
2026-06-25 11:05:00,11.083333333333334,0.23768589232617293,-0.9713420698132614,3,0,0,0
2026-06-25 11:10:00,11.166666666666666,0.21643961393810318,-0.9762960071199333,3,0,0,0
2026-06-25 11:15:00,11.25,0.19509032201612816,-0.9807852804032304,3,0,0,0
2026-06-25 11:20:00,11.333333333333334,0.17364817766693028,-0.984807753012208,3,0,0,0
2026-06-25 11:25:00,11.416666666666666,0.15212338618991708,-0.9883615104677607,3,0,0,0
2026-06-25 11:30:00,11.5,0.130526192220052,-0.9914448613738104,3,0,0,0
2026-06-25 11:35:00,11.583333333333334,0.10886687485196457,-0.9940563382223196,3,0,0,0
2026-06-25 11:40:00,11.666666666666666,0.0871557427476582,-0.9961946980917455,3,0,0,0
2026-06-25 11:45:00,11.75,0.06540312923014312,-0.9978589232386035,3,0,0,0
2026-06-25 11:50:00,11.833333333333334,0.043619387365335625,-0.9990482215818578,3,0,0,0
2026-06-25 11:55:00,11.916666666666666,0.021814885034561218,-0.9997620270799091,3,0,0,0
2026-06-25 12:00:00,12.0,1.2246467991473532e-16,-1.0,3,0,0,0
2026-06-25 12:05:00,12.083333333333334,-0.021814885034560975,-0.9997620270799091,3,0,0,0
2026-06-25 12:10:00,12.166666666666666,-0.04361938736533538,-0.9990482215818578,3,0,0,0
2026-06-25 12:15:00,12.25,-0.06540312923014287,-0.9978589232386035,3,0,0,0
2026-06-25 12:20:00,12.333333333333334,-0.08715574274765794,-0.9961946980917455,3,0,0,0
2026-06-25 12:25:00,12.416666666666666,-0.10886687485196432,-0.9940563382223196,3,0,0,0
2026-06-25 12:30:00,12.5,-0.13052619222005177,-0.9914448613738104,3,0,0,0
2026-06-25 12:35:00,12.583333333333334,-0.15212338618991683,-0.9883615104677607,3,0,0,0
2026-06-25 12:40:00,12.666666666666666,-0.17364817766693003,-0.9848077530122081,3,0,0,0
2026-06-25 12:45:00,12.75,-0.19509032201612792,-0.9807852804032305,3,0,0,0
2026-06-25 12:50:00,12.833333333333334,-0.21643961393810293,-0.9762960071199334,3,0,0,0
2026-06-25 12:55:00,12.916666666666666,-0.2376858923261727,-0.9713420698132615,3,0,0,0
2026-06-25 13:00:00,13.0,-0.2588190451025208,-0.9659258262890683,3,0,0,0
2026-06-25 13:05:00,13.083333333333334,-0.2798290140309925,-0.9600498543859286,3,0,0,0
2026-06-25 13:10:00,13.166666666666666,-0.30070579950427306,-0.9537169507482269,3,0,0,0
2026-06-25 13:15:00,13.25,-0.32143946530316153,-0.9469301294951057,3,0,0,0
2026-06-25 13:20:00,13.333333333333334,-0.34202014332566866,-0.9396926207859084,3,0,0,0
2026-06-25 13:25:00,13.416666666666666,-0.36243803828370114,-0.9320078692827987,3,0,0,0
2026-06-25 13:30:00,13.5,-0.38268343236508967,-0.9238795325112868,3,0,0,0
2026-06-25 13:35:00,13.583333333333334,-0.4027466898587371,-0.9153114791194472,3,0,0,0
2026-06-25 13:40:00,13.666666666666666,-0.4226182617406993,-0.90630778703665,3,0,0,0
2026-06-25 13:45:00,13.75,-0.44228869021900147,-0.8968727415326883,3,0,0,0
2026-06-25 13:50:00,13.833333333333334,-0.46174861323503413,-0.8870108331782216,3,0,0,0
2026-06-25 13:55:00,13.916666666666666,-0.4809887689193874,-0.8767267557075078,3,0,0,0
2026-06-25 14:00:00,14.0,-0.4999999999999997,-0.8660254037844388,3,0,0,0
2026-06-25 14:05:00,14.083333333333334,-0.5187732581605216,-0.8549118706729465,3,0,0,0
2026-06-25 14:10:00,14.166666666666666,-0.5372996083468236,-0.8433914458128858,3,0,0,0
2026-06-25 14:15:00,14.25,-0.555570233019602,-0.8314696123025455,3,0,0,0
2026-06-25 14:20:00,14.333333333333334,-0.5735764363510458,-0.819152044288992,3,0,0,0
2026-06-25 14:25:00,14.416666666666666,-0.5913096483635824,-0.8064446042674825,3,0,0,0
2026-06-25 14:30:00,14.5,-0.6087614290087207,-0.7933533402912352,3,0,0,0
2026-06-25 14:35:00,14.583333333333334,-0.6259234721840591,-0.7798844830928818,3,0,0,0
2026-06-25 14:40:00,14.666666666666666,-0.6427876096865389,-0.7660444431189783,3,0,0,0
2026-06-25 14:45:00,14.75,-0.6593458151000688,-0.7518398074789774,3,0,0,0
2026-06-25 14:50:00,14.833333333333334,-0.6755902076156601,-0.7372773368101241,3,0,0,0
2026-06-25 14:55:00,14.916666666666666,-0.691513055782269,-0.722363962059756,3,0,0,0
2026-06-25 15:00:00,15.0,-0.7071067811865471,-0.7071067811865479,3,0,0,0
2026-06-25 15:05:00,15.083333333333334,-0.7223639620597557,-0.6915130557822692,3,0,0,0
2026-06-25 15:10:00,15.166666666666666,-0.7372773368101239,-0.6755902076156604,3,0,0,0
2026-06-25 15:15:00,15.25,-0.7518398074789773,-0.6593458151000691,3,0,0,0
2026-06-25 15:20:00,15.333333333333334,-0.7660444431189779,-0.6427876096865395,3,0,0,0
2026-06-25 15:25:00,15.416666666666666,-0.7798844830928814,-0.6259234721840596,3,0,0,0
2026-06-25 15:30:00,15.5,-0.7933533402912349,-0.6087614290087209,3,0,0,0
2026-06-25 15:35:00,15.583333333333334,-0.8064446042674827,-0.5913096483635822,3,0,0,0
2026-06-25 15:40:00,15.666666666666666,-0.8191520442889916,-0.5735764363510464,3,0,0,0
2026-06-25 15:45:00,15.75,-0.8314696123025452,-0.5555702330196022,3,0,0,0
2026-06-25 15:50:00,15.833333333333334,-0.8433914458128859,-0.5372996083468234,3,0,0,0
2026-06-25 15:55:00,15.916666666666666,-0.8549118706729466,-0.5187732581605214,3,0,0,0
2026-06-25 16:00:00,16.0,-0.8660254037844385,-0.5000000000000004,3,0,0,0
2026-06-25 16:05:00,16.083333333333332,-0.8767267557075072,-0.48098876891938847,3,0,0,0
2026-06-25 16:10:00,16.166666666666668,-0.8870108331782218,-0.4617486132350336,3,0,0,0
2026-06-25 16:15:00,16.25,-0.8968727415326883,-0.44228869021900136,3,0,0,0
2026-06-25 16:20:00,16.333333333333332,-0.9063077870366497,-0.42261826174069994,3,0,0,0
2026-06-25 16:25:00,16.416666666666668,-0.9153114791194471,-0.40274668985873735,3,0,0,0
2026-06-25 16:30:00,16.5,-0.9238795325112868,-0.3826834323650895,3,0,0,0
2026-06-25 16:35:00,16.583333333333332,-0.9320078692827984,-0.3624380382837018,3,0,0,0
2026-06-25 16:40:00,16.666666666666668,-0.9396926207859084,-0.34202014332566855,3,0,0,0
2026-06-25 16:45:00,16.75,-0.9469301294951056,-0.3214394653031618,3,0,0,0
2026-06-25 16:50:00,16.833333333333332,-0.9537169507482267,-0.3007057995042738,3,0,0,0
2026-06-25 16:55:00,16.916666666666668,-0.9600498543859286,-0.27982901403099236,3,0,0,0
2026-06-25 17:00:00,17.0,-0.9659258262890683,-0.25881904510252063,3,0,0,0
2026-06-25 17:05:00,17.083333333333332,-0.9713420698132613,-0.23768589232617343,3,0,0,0
2026-06-25 17:10:00,17.166666666666668,-0.9762960071199334,-0.21643961393810282,3,0,0,0
2026-06-25 17:15:00,17.25,-0.9807852804032303,-0.19509032201612866,3,0,0,0
2026-06-25 17:20:00,17.333333333333332,-0.9848077530122079,-0.1736481776669312,3,0,0,0
2026-06-25 17:25:00,17.416666666666668,-0.9883615104677608,-0.15212338618991628,3,0,0,0
2026-06-25 17:30:00,17.5,-0.9914448613738104,-0.13052619222005163,3,0,0,0
2026-06-25 17:35:00,17.583333333333332,-0.9940563382223195,-0.10886687485196507,3,0,0,0
2026-06-25 17:40:00,17.666666666666668,-0.9961946980917455,-0.08715574274765825,3,0,0,0
2026-06-25 17:45:00,17.75,-0.9978589232386035,-0.06540312923014273,3,0,0,0
2026-06-25 17:50:00,17.833333333333332,-0.9990482215818578,-0.04361938736533613,3,0,0,0
2026-06-25 17:55:00,17.916666666666668,-0.9997620270799091,-0.021814885034560836,3,0,0,0
2026-06-25 18:00:00,18.0,-1.0,-1.8369701987210297e-16,3,0,0,0
2026-06-25 18:05:00,18.083333333333332,-0.9997620270799091,0.021814885034560468,3,0,0,0
2026-06-25 18:10:00,18.166666666666668,-0.9990482215818578,0.043619387365335764,3,0,0,0
2026-06-25 18:15:00,18.25,-0.9978589232386036,0.06540312923014237,3,0,0,0
2026-06-25 18:20:00,18.333333333333332,-0.9961946980917455,0.08715574274765789,3,0,0,0
2026-06-25 18:25:00,18.416666666666668,-0.9940563382223196,0.10886687485196471,3,0,0,0
2026-06-25 18:30:00,18.5,-0.9914448613738105,0.13052619222005127,3,0,0,0
2026-06-25 18:35:00,18.583333333333332,-0.9883615104677609,0.15212338618991592,3,0,0,0
2026-06-25 18:40:00,18.666666666666668,-0.984807753012208,0.17364817766693083,3,0,0,0
2026-06-25 18:45:00,18.75,-0.9807852804032304,0.1950903220161283,3,0,0,0
2026-06-25 18:50:00,18.833333333333332,-0.9762960071199335,0.21643961393810246,3,0,0,0
2026-06-25 18:55:00,18.916666666666668,-0.9713420698132614,0.23768589232617307,3,0,0,0
2026-06-25 19:00:00,19.0,-0.9659258262890684,0.2588190451025203,3,0,0,0
2026-06-25 19:05:00,19.083333333333332,-0.9600498543859287,0.279829014030992,3,0,0,0
2026-06-25 19:10:00,19.166666666666668,-0.9537169507482268,0.30070579950427345,3,0,0,0
2026-06-25 19:15:00,19.25,-0.9469301294951057,0.3214394653031615,3,0,0,0
2026-06-25 19:20:00,19.333333333333332,-0.9396926207859085,0.34202014332566816,3,0,0,0
2026-06-25 19:25:00,19.416666666666668,-0.9320078692827986,0.36243803828370147,3,0,0,0
2026-06-25 19:30:00,19.5,-0.923879532511287,0.38268343236508917,3,0,0,0
2026-06-25 19:35:00,19.583333333333332,-0.9153114791194472,0.402746689858737,3,0,0,0
2026-06-25 19:40:00,19.666666666666668,-0.9063077870366498,0.4226182617406996,3,0,0,0
2026-06-25 19:45:00,19.75,-0.8968727415326884,0.442288690219001,3,0,0,0
2026-06-25 19:50:00,19.833333333333332,-0.887010833178222,0.46174861323503325,3,0,0,0
2026-06-25 19:55:00,19.916666666666668,-0.8767267557075075,0.48098876891938813,3,0,0,0
2026-06-25 20:00:00,20.0,-0.8660254037844386,0.5000000000000001,3,0,0,0
2026-06-25 20:05:00,20.083333333333332,-0.8549118706729468,0.5187732581605211,3,0,0,0
2026-06-25 20:10:00,20.166666666666668,-0.8433914458128857,0.5372996083468239,3,0,0,0
2026-06-25 20:15:00,20.25,-0.8314696123025455,0.5555702330196018,3,0,0,0
2026-06-25 20:20:00,20.333333333333332,-0.8191520442889918,0.573576436351046,3,0,0,0
2026-06-25 20:25:00,20.416666666666668,-0.8064446042674829,0.591309648363582,3,0,0,0
2026-06-25 20:30:00,20.5,-0.7933533402912357,0.6087614290087199,3,0,0,0
2026-06-25 20:35:00,20.583333333333332,-0.7798844830928816,0.6259234721840593,3,0,0,0
2026-06-25 20:40:00,20.666666666666668,-0.7660444431189781,0.6427876096865393,3,0,0,0
2026-06-25 20:45:00,20.75,-0.7518398074789772,0.6593458151000691,3,0,0,0
2026-06-25 20:50:00,20.833333333333332,-0.7372773368101242,0.6755902076156601,3,0,0,0
2026-06-25 20:55:00,20.916666666666668,-0.7223639620597554,0.6915130557822695,3,0,0,0
2026-06-25 21:00:00,21.0,-0.7071067811865477,0.7071067811865474,3,0,0,0
2026-06-25 21:05:00,21.083333333333332,-0.6915130557822698,0.7223639620597551,3,0,0,0
2026-06-25 21:10:00,21.166666666666668,-0.6755902076156598,0.7372773368101244,3,0,0,0
2026-06-25 21:15:00,21.25,-0.6593458151000687,0.7518398074789775,3,0,0,0
2026-06-25 21:20:00,21.333333333333332,-0.6427876096865396,0.7660444431189778,3,0,0,0
2026-06-25 21:25:00,21.416666666666668,-0.625923472184059,0.7798844830928818,3,0,0,0
2026-06-25 21:30:00,21.5,-0.608761429008721,0.7933533402912349,3,0,0,0
2026-06-25 21:35:00,21.583333333333332,-0.591309648363583,0.8064446042674821,3,0,0,0
2026-06-25 21:40:00,21.666666666666668,-0.5735764363510465,0.8191520442889916,3,0,0,0
2026-06-25 21:45:00,21.75,-0.555570233019603,0.8314696123025447,3,0,0,0
2026-06-25 21:50:00,21.833333333333332,-0.537299608346825,0.8433914458128849,3,0,0,0
2026-06-25 21:55:00,21.916666666666668,-0.5187732581605214,0.8549118706729466,3,0,0,0
2026-06-25 22:00:00,22.0,-0.5000000000000004,0.8660254037844384,3,0,0,0
2026-06-25 22:05:00,22.083333333333332,-0.48098876891938774,0.8767267557075077,3,0,0,0
2026-06-25 22:10:00,22.166666666666668,-0.46174861323503363,0.8870108331782218,3,0,0,0
2026-06-25 22:15:00,22.25,-0.4422886902190014,0.8968727415326883,3,0,0,0
2026-06-25 22:20:00,22.333333333333332,-0.4226182617407,0.9063077870366497,3,0,0,0
2026-06-25 22:25:00,22.416666666666668,-0.40274668985873663,0.9153114791194474,3,0,0,0
2026-06-25 22:30:00,22.5,-0.38268343236508956,0.9238795325112868,3,0,0,0
2026-06-25 22:35:00,22.583333333333332,-0.36243803828370186,0.9320078692827984,3,0,0,0
2026-06-25 22:40:00,22.666666666666668,-0.3420201433256686,0.9396926207859084,3,0,0,0
2026-06-25 22:45:00,22.75,-0.32143946530316186,0.9469301294951056,3,0,0,0
2026-06-25 22:50:00,22.833333333333332,-0.30070579950427384,0.9537169507482267,3,0,0,0
2026-06-25 22:55:00,22.916666666666668,-0.2798290140309924,0.9600498543859286,3,0,0,0
2026-06-25 23:00:00,23.0,-0.25881904510252157,0.9659258262890681,3,0,0,0
2026-06-25 23:05:00,23.083333333333332,-0.23768589232617435,0.9713420698132611,3,0,0,0
2026-06-25 23:10:00,23.166666666666668,-0.21643961393810288,0.9762960071199334,3,0,0,0
2026-06-25 23:15:00,23.25,-0.19509032201612872,0.9807852804032303,3,0,0,0
2026-06-25 23:20:00,23.333333333333332,-0.1736481776669304,0.984807753012208,3,0,0,0
2026-06-25 23:25:00,23.416666666666668,-0.1521233861899172,0.9883615104677607,3,0,0,0
2026-06-25 23:30:00,23.5,-0.13052619222005168,0.9914448613738104,3,0,0,0
2026-06-25 23:35:00,23.583333333333332,-0.10886687485196514,0.9940563382223195,3,0,0,0
2026-06-25 23:40:00,23.666666666666668,-0.08715574274765743,0.9961946980917455,3,0,0,0
2026-06-25 23:45:00,23.75,-0.0654031292301428,0.9978589232386035,3,0,0,0
2026-06-25 23:50:00,23.833333333333332,-0.043619387365336194,0.9990482215818578,3,0,0,0
2026-06-25 23:55:00,23.916666666666668,-0.0218148850345609,0.9997620270799091,3,0,0,0
2026-06-26 00:00:00,0.0,0.0,1.0,4,0,0,0
2026-06-26 00:05:00,0.08333333333333333,0.02181488503456112,0.9997620270799091,4,0,0,0
2026-06-26 00:10:00,0.16666666666666666,0.043619387365336,0.9990482215818578,4,0,0,0
2026-06-26 00:15:00,0.25,0.06540312923014306,0.9978589232386035,4,0,0,0
2026-06-26 00:20:00,0.3333333333333333,0.08715574274765817,0.9961946980917455,4,0,0,0
2026-06-26 00:25:00,0.4166666666666667,0.10886687485196457,0.9940563382223196,4,0,0,0
2026-06-26 00:30:00,0.5,0.13052619222005157,0.9914448613738104,4,0,0,0
2026-06-26 00:35:00,0.5833333333333334,0.15212338618991672,0.9883615104677607,4,0,0,0
2026-06-26 00:40:00,0.6666666666666666,0.17364817766693033,0.984807753012208,4,0,0,0
2026-06-26 00:45:00,0.75,0.19509032201612825,0.9807852804032304,4,0,0,0
2026-06-26 00:50:00,0.8333333333333334,0.21643961393810288,0.9762960071199334,4,0,0,0
2026-06-26 00:55:00,0.9166666666666666,0.23768589232617307,0.9713420698132614,4,0,0,0
2026-06-26 01:00:00,1.0,0.25881904510252074,0.9659258262890683,4,0,0,0
2026-06-26 01:05:00,1.0833333333333333,0.27982901403099203,0.9600498543859287,4,0,0,0
2026-06-26 01:10:00,1.1666666666666667,0.3007057995042732,0.9537169507482269,4,0,0,0
2026-06-26 01:15:00,1.25,0.3214394653031616,0.9469301294951057,4,0,0,0
2026-06-26 01:20:00,1.3333333333333333,0.3420201433256687,0.9396926207859084,4,0,0,0
2026-06-26 01:25:00,1.4166666666666667,0.36243803828370164,0.9320078692827986,4,0,0,0
2026-06-26 01:30:00,1.5,0.3826834323650898,0.9238795325112867,4,0,0,0
2026-06-26 01:35:00,1.5833333333333335,0.40274668985873724,0.9153114791194471,4,0,0,0
2026-06-26 01:40:00,1.6666666666666665,0.4226182617406994,0.9063077870366499,4,0,0,0
2026-06-26 01:45:00,1.75,0.44228869021900125,0.8968727415326884,4,0,0,0
2026-06-26 01:50:00,1.8333333333333335,0.46174861323503397,0.8870108331782217,4,0,0,0
2026-06-26 01:55:00,1.9166666666666665,0.48098876891938763,0.8767267557075077,4,0,0,0
2026-06-26 02:00:00,2.0,0.49999999999999994,0.8660254037844387,4,0,0,0
2026-06-26 02:05:00,2.0833333333333335,0.5187732581605214,0.8549118706729466,4,0,0,0
2026-06-26 02:10:00,2.1666666666666665,0.5372996083468238,0.8433914458128857,4,0,0,0
2026-06-26 02:15:00,2.25,0.5555702330196022,0.8314696123025452,4,0,0,0
2026-06-26 02:20:00,2.3333333333333335,0.5735764363510462,0.8191520442889918,4,0,0,0
2026-06-26 02:25:00,2.4166666666666665,0.5913096483635824,0.8064446042674827,4,0,0,0
2026-06-26 02:30:00,2.5,0.6087614290087207,0.7933533402912352,4,0,0,0
2026-06-26 02:35:00,2.5833333333333335,0.6259234721840591,0.7798844830928818,4,0,0,0
2026-06-26 02:40:00,2.6666666666666665,0.6427876096865393,0.766044443118978,4,0,0,0
2026-06-26 02:45:00,2.75,0.6593458151000688,0.7518398074789774,4,0,0,0
2026-06-26 02:50:00,2.8333333333333335,0.6755902076156602,0.7372773368101241,4,0,0,0
2026-06-26 02:55:00,2.9166666666666665,0.6915130557822694,0.7223639620597556,4,0,0,0
2026-06-26 03:00:00,3.0,0.7071067811865476,0.7071067811865476,4,0,0,0
2026-06-26 03:05:00,3.0833333333333335,0.7223639620597555,0.6915130557822694,4,0,0,0
2026-06-26 03:10:00,3.1666666666666665,0.737277336810124,0.6755902076156602,4,0,0,0
2026-06-26 03:15:00,3.25,0.7518398074789774,0.6593458151000688,4,0,0,0
2026-06-26 03:20:00,3.3333333333333335,0.766044443118978,0.6427876096865394,4,0,0,0
2026-06-26 03:25:00,3.4166666666666665,0.7798844830928817,0.6259234721840591,4,0,0,0
2026-06-26 03:30:00,3.5,0.7933533402912352,0.6087614290087207,4,0,0,0
2026-06-26 03:35:00,3.5833333333333335,0.8064446042674825,0.5913096483635825,4,0,0,0
2026-06-26 03:40:00,3.6666666666666665,0.8191520442889917,0.5735764363510462,4,0,0,0
2026-06-26 03:45:00,3.75,0.8314696123025451,0.5555702330196024,4,0,0,0
2026-06-26 03:50:00,3.8333333333333335,0.8433914458128856,0.5372996083468239,4,0,0,0
2026-06-26 03:55:00,3.9166666666666665,0.8549118706729466,0.5187732581605216,4,0,0,0
2026-06-26 04:00:00,4.0,0.8660254037844386,0.5000000000000001,4,0,0,0
2026-06-26 04:05:00,4.083333333333333,0.8767267557075077,0.48098876891938774,4,0,0,0
2026-06-26 04:10:00,4.166666666666667,0.8870108331782217,0.46174861323503386,4,0,0,0
2026-06-26 04:15:00,4.25,0.8968727415326884,0.44228869021900125,4,0,0,0
2026-06-26 04:20:00,4.333333333333333,0.9063077870366498,0.4226182617406996,4,0,0,0
2026-06-26 04:25:00,4.416666666666667,0.9153114791194471,0.40274668985873724,4,0,0,0
2026-06-26 04:30:00,4.5,0.9238795325112867,0.38268343236508984,4,0,0,0
2026-06-26 04:35:00,4.583333333333333,0.9320078692827984,0.3624380382837017,4,0,0,0
2026-06-26 04:40:00,4.666666666666667,0.9396926207859084,0.3420201433256686,4,0,0,0
2026-06-26 04:45:00,4.75,0.9469301294951056,0.3214394653031617,4,0,0,0
2026-06-26 04:50:00,4.833333333333333,0.9537169507482268,0.3007057995042733,4,0,0,0
2026-06-26 04:55:00,4.916666666666667,0.9600498543859287,0.27982901403099203,4,0,0,0
2026-06-26 05:00:00,5.0,0.9659258262890683,0.25881904510252074,4,0,0,0
2026-06-26 05:05:00,5.083333333333333,0.9713420698132614,0.2376858923261731,4,0,0,0
2026-06-26 05:10:00,5.166666666666667,0.9762960071199334,0.2164396139381029,4,0,0,0
2026-06-26 05:15:00,5.25,0.9807852804032304,0.19509032201612833,4,0,0,0
2026-06-26 05:20:00,5.333333333333333,0.984807753012208,0.17364817766693041,4,0,0,0
2026-06-26 05:25:00,5.416666666666667,0.9883615104677607,0.1521233861899168,4,0,0,0
2026-06-26 05:30:00,5.5,0.9914448613738104,0.1305261922200517,4,0,0,0
2026-06-26 05:35:00,5.583333333333333,0.9940563382223196,0.10886687485196474,4,0,0,0
2026-06-26 05:40:00,5.666666666666667,0.9961946980917455,0.08715574274765814,4,0,0,0
2026-06-26 05:45:00,5.75,0.9978589232386035,0.06540312923014327,4,0,0,0
2026-06-26 05:50:00,5.833333333333333,0.9990482215818578,0.04361938736533601,4,0,0,0
2026-06-26 05:55:00,5.916666666666667,0.9997620270799091,0.021814885034560937,4,0,0,0
2026-06-26 06:00:00,6.0,1.0,6.123233995736766e-17,4,0,0,0
2026-06-26 06:05:00,6.083333333333333,0.9997620270799091,-0.02181488503456081,4,0,0,0
2026-06-26 06:10:00,6.166666666666667,0.9990482215818578,-0.04361938736533589,4,0,0,0
2026-06-26 06:15:00,6.25,0.9978589232386035,-0.06540312923014314,4,0,0,0
2026-06-26 06:20:00,6.333333333333333,0.9961946980917455,-0.08715574274765801,4,0,0,0
2026-06-26 06:25:00,6.416666666666667,0.9940563382223196,-0.10886687485196461,4,0,0,0
2026-06-26 06:30:00,6.5,0.9914448613738104,-0.1305261922200516,4,0,0,0
2026-06-26 06:35:00,6.583333333333333,0.9883615104677607,-0.1521233861899167,4,0,0,0
2026-06-26 06:40:00,6.666666666666667,0.984807753012208,-0.1736481776669303,4,0,0,0
2026-06-26 06:45:00,6.75,0.9807852804032304,-0.1950903220161282,4,0,0,0
2026-06-26 06:50:00,6.833333333333333,0.9762960071199334,-0.2164396139381028,4,0,0,0
2026-06-26 06:55:00,6.916666666666667,0.9713420698132614,-0.23768589232617318,4,0,0,0
2026-06-26 07:00:00,7.0,0.9659258262890683,-0.25881904510252063,4,0,0,0
2026-06-26 07:05:00,7.083333333333333,0.9600498543859287,-0.2798290140309919,4,0,0,0
2026-06-26 07:10:00,7.166666666666667,0.9537169507482269,-0.30070579950427295,4,0,0,0
2026-06-26 07:15:00,7.25,0.9469301294951057,-0.3214394653031616,4,0,0,0
2026-06-26 07:20:00,7.333333333333333,0.9396926207859084,-0.3420201433256685,4,0,0,0
2026-06-26 07:25:00,7.416666666666667,0.9320078692827986,-0.3624380382837016,4,0,0,0
2026-06-26 07:30:00,7.5,0.9238795325112868,-0.3826834323650895,4,0,0,0
2026-06-26 07:35:00,7.583333333333333,0.9153114791194472,-0.40274668985873713,4,0,0,0
2026-06-26 07:40:00,7.666666666666667,0.90630778703665,-0.42261826174069933,4,0,0,0
2026-06-26 07:45:00,7.75,0.8968727415326884,-0.44228869021900113,4,0,0,0
2026-06-26 07:50:00,7.833333333333333,0.8870108331782218,-0.4617486132350338,4,0,0,0
2026-06-26 07:55:00,7.916666666666667,0.8767267557075076,-0.48098876891938785,4,0,0,0
2026-06-26 08:00:00,8.0,0.8660254037844387,-0.4999999999999998,4,0,0,0
2026-06-26 08:05:00,8.083333333333334,0.8549118706729465,-0.5187732581605216,4,0,0,0
2026-06-26 08:10:00,8.166666666666666,0.8433914458128858,-0.5372996083468236,4,0,0,0
2026-06-26 08:15:00,8.25,0.8314696123025451,-0.5555702330196023,4,0,0,0
2026-06-26 08:20:00,8.333333333333334,0.8191520442889917,-0.5735764363510462,4,0,0,0
2026-06-26 08:25:00,8.416666666666666,0.8064446042674828,-0.5913096483635821,4,0,0,0
2026-06-26 08:30:00,8.5,0.7933533402912352,-0.6087614290087207,4,0,0,0
2026-06-26 08:35:00,8.583333333333334,0.7798844830928817,-0.6259234721840591,4,0,0,0
2026-06-26 08:40:00,8.666666666666666,0.7660444431189783,-0.642787609686539,4,0,0,0
2026-06-26 08:45:00,8.75,0.7518398074789774,-0.6593458151000688,4,0,0,0
2026-06-26 08:50:00,8.833333333333334,0.7372773368101241,-0.6755902076156602,4,0,0,0
2026-06-26 08:55:00,8.916666666666666,0.7223639620597556,-0.6915130557822693,4,0,0,0
2026-06-26 09:00:00,9.0,0.7071067811865476,-0.7071067811865475,4,0,0,0
2026-06-26 09:05:00,9.083333333333334,0.6915130557822694,-0.7223639620597555,4,0,0,0
2026-06-26 09:10:00,9.166666666666666,0.6755902076156604,-0.737277336810124,4,0,0,0
2026-06-26 09:15:00,9.25,0.659345815100069,-0.7518398074789773,4,0,0,0
2026-06-26 09:20:00,9.333333333333334,0.6427876096865391,-0.7660444431189782,4,0,0,0
2026-06-26 09:25:00,9.416666666666666,0.6259234721840592,-0.7798844830928817,4,0,0,0
2026-06-26 09:30:00,9.5,0.6087614290087209,-0.793353340291235,4,0,0,0
2026-06-26 09:35:00,9.583333333333334,0.5913096483635822,-0.8064446042674827,4,0,0,0
2026-06-26 09:40:00,9.666666666666666,0.5735764363510464,-0.8191520442889916,4,0,0,0
2026-06-26 09:45:00,9.75,0.5555702330196025,-0.831469612302545,4,0,0,0
2026-06-26 09:50:00,9.833333333333334,0.5372996083468238,-0.8433914458128857,4,0,0,0
2026-06-26 09:55:00,9.916666666666666,0.5187732581605218,-0.8549118706729464,4,0,0,0
2026-06-26 10:00:00,10.0,0.49999999999999994,-0.8660254037844387,4,0,0,0
2026-06-26 10:05:00,10.083333333333334,0.48098876891938763,-0.8767267557075077,4,0,0,0
2026-06-26 10:10:00,10.166666666666666,0.4617486132350339,-0.8870108331782217,4,0,0,0
2026-06-26 10:15:00,10.25,0.4422886902190017,-0.8968727415326881,4,0,0,0
2026-06-26 10:20:00,10.333333333333334,0.4226182617406995,-0.9063077870366499,4,0,0,0
2026-06-26 10:25:00,10.416666666666666,0.4027466898587373,-0.9153114791194471,4,0,0,0
2026-06-26 10:30:00,10.5,0.3826834323650899,-0.9238795325112867,4,0,0,0
2026-06-26 10:35:00,10.583333333333334,0.36243803828370136,-0.9320078692827987,4,0,0,0
2026-06-26 10:40:00,10.666666666666666,0.3420201433256689,-0.9396926207859083,4,0,0,0
2026-06-26 10:45:00,10.75,0.32143946530316175,-0.9469301294951056,4,0,0,0
2026-06-26 10:50:00,10.833333333333334,0.30070579950427334,-0.9537169507482268,4,0,0,0
2026-06-26 10:55:00,10.916666666666666,0.2798290140309927,-0.9600498543859285,4,0,0,0
2026-06-26 11:00:00,11.0,0.258819045102521,-0.9659258262890682,4,0,0,0
2026-06-26 11:05:00,11.083333333333334,0.23768589232617293,-0.9713420698132614,4,0,0,0
2026-06-26 11:10:00,11.166666666666666,0.21643961393810318,-0.9762960071199333,4,0,0,0
2026-06-26 11:15:00,11.25,0.19509032201612816,-0.9807852804032304,4,0,0,0
2026-06-26 11:20:00,11.333333333333334,0.17364817766693028,-0.984807753012208,4,0,0,0
2026-06-26 11:25:00,11.416666666666666,0.15212338618991708,-0.9883615104677607,4,0,0,0
2026-06-26 11:30:00,11.5,0.130526192220052,-0.9914448613738104,4,0,0,0
2026-06-26 11:35:00,11.583333333333334,0.10886687485196457,-0.9940563382223196,4,0,0,0
2026-06-26 11:40:00,11.666666666666666,0.0871557427476582,-0.9961946980917455,4,0,0,0
2026-06-26 11:45:00,11.75,0.06540312923014312,-0.9978589232386035,4,0,0,0
2026-06-26 11:50:00,11.833333333333334,0.043619387365335625,-0.9990482215818578,4,0,0,0
2026-06-26 11:55:00,11.916666666666666,0.021814885034561218,-0.9997620270799091,4,0,0,0
2026-06-26 12:00:00,12.0,1.2246467991473532e-16,-1.0,4,0,0,0
2026-06-26 12:05:00,12.083333333333334,-0.021814885034560975,-0.9997620270799091,4,0,0,0
2026-06-26 12:10:00,12.166666666666666,-0.04361938736533538,-0.9990482215818578,4,0,0,0
2026-06-26 12:15:00,12.25,-0.06540312923014287,-0.9978589232386035,4,0,0,0
2026-06-26 12:20:00,12.333333333333334,-0.08715574274765794,-0.9961946980917455,4,0,0,0
2026-06-26 12:25:00,12.416666666666666,-0.10886687485196432,-0.9940563382223196,4,0,0,0
2026-06-26 12:30:00,12.5,-0.13052619222005177,-0.9914448613738104,4,0,0,0
2026-06-26 12:35:00,12.583333333333334,-0.15212338618991683,-0.9883615104677607,4,0,0,0
2026-06-26 12:40:00,12.666666666666666,-0.17364817766693003,-0.9848077530122081,4,0,0,0
2026-06-26 12:45:00,12.75,-0.19509032201612792,-0.9807852804032305,4,0,0,0
2026-06-26 12:50:00,12.833333333333334,-0.21643961393810293,-0.9762960071199334,4,0,0,0
2026-06-26 12:55:00,12.916666666666666,-0.2376858923261727,-0.9713420698132615,4,0,0,0
2026-06-26 13:00:00,13.0,-0.2588190451025208,-0.9659258262890683,4,0,0,0
2026-06-26 13:05:00,13.083333333333334,-0.2798290140309925,-0.9600498543859286,4,0,0,0
2026-06-26 13:10:00,13.166666666666666,-0.30070579950427306,-0.9537169507482269,4,0,0,0
2026-06-26 13:15:00,13.25,-0.32143946530316153,-0.9469301294951057,4,0,0,0
2026-06-26 13:20:00,13.333333333333334,-0.34202014332566866,-0.9396926207859084,4,0,0,0
2026-06-26 13:25:00,13.416666666666666,-0.36243803828370114,-0.9320078692827987,4,0,0,0
2026-06-26 13:30:00,13.5,-0.38268343236508967,-0.9238795325112868,4,0,0,0
2026-06-26 13:35:00,13.583333333333334,-0.4027466898587371,-0.9153114791194472,4,0,0,0
2026-06-26 13:40:00,13.666666666666666,-0.4226182617406993,-0.90630778703665,4,0,0,0
2026-06-26 13:45:00,13.75,-0.44228869021900147,-0.8968727415326883,4,0,0,0
2026-06-26 13:50:00,13.833333333333334,-0.46174861323503413,-0.8870108331782216,4,0,0,0
2026-06-26 13:55:00,13.916666666666666,-0.4809887689193874,-0.8767267557075078,4,0,0,0
2026-06-26 14:00:00,14.0,-0.4999999999999997,-0.8660254037844388,4,0,0,0
2026-06-26 14:05:00,14.083333333333334,-0.5187732581605216,-0.8549118706729465,4,0,0,0
2026-06-26 14:10:00,14.166666666666666,-0.5372996083468236,-0.8433914458128858,4,0,0,0
2026-06-26 14:15:00,14.25,-0.555570233019602,-0.8314696123025455,4,0,0,0
2026-06-26 14:20:00,14.333333333333334,-0.5735764363510458,-0.819152044288992,4,0,0,0
2026-06-26 14:25:00,14.416666666666666,-0.5913096483635824,-0.8064446042674825,4,0,0,0
2026-06-26 14:30:00,14.5,-0.6087614290087207,-0.7933533402912352,4,0,0,0
2026-06-26 14:35:00,14.583333333333334,-0.6259234721840591,-0.7798844830928818,4,0,0,0
2026-06-26 14:40:00,14.666666666666666,-0.6427876096865389,-0.7660444431189783,4,0,0,0
2026-06-26 14:45:00,14.75,-0.6593458151000688,-0.7518398074789774,4,0,0,0
2026-06-26 14:50:00,14.833333333333334,-0.6755902076156601,-0.7372773368101241,4,0,0,0
2026-06-26 14:55:00,14.916666666666666,-0.691513055782269,-0.722363962059756,4,0,0,0
2026-06-26 15:00:00,15.0,-0.7071067811865471,-0.7071067811865479,4,0,0,0
2026-06-26 15:05:00,15.083333333333334,-0.7223639620597557,-0.6915130557822692,4,0,0,0
2026-06-26 15:10:00,15.166666666666666,-0.7372773368101239,-0.6755902076156604,4,0,0,0
2026-06-26 15:15:00,15.25,-0.7518398074789773,-0.6593458151000691,4,0,0,0
2026-06-26 15:20:00,15.333333333333334,-0.7660444431189779,-0.6427876096865395,4,0,0,0
2026-06-26 15:25:00,15.416666666666666,-0.7798844830928814,-0.6259234721840596,4,0,0,0
2026-06-26 15:30:00,15.5,-0.7933533402912349,-0.6087614290087209,4,0,0,0
2026-06-26 15:35:00,15.583333333333334,-0.8064446042674827,-0.5913096483635822,4,0,0,0
2026-06-26 15:40:00,15.666666666666666,-0.8191520442889916,-0.5735764363510464,4,0,0,0
2026-06-26 15:45:00,15.75,-0.8314696123025452,-0.5555702330196022,4,0,0,0
2026-06-26 15:50:00,15.833333333333334,-0.8433914458128859,-0.5372996083468234,4,0,0,0
2026-06-26 15:55:00,15.916666666666666,-0.8549118706729466,-0.5187732581605214,4,0,0,0
2026-06-26 16:00:00,16.0,-0.8660254037844385,-0.5000000000000004,4,0,0,0
2026-06-26 16:05:00,16.083333333333332,-0.8767267557075072,-0.48098876891938847,4,0,0,0
2026-06-26 16:10:00,16.166666666666668,-0.8870108331782218,-0.4617486132350336,4,0,0,0
2026-06-26 16:15:00,16.25,-0.8968727415326883,-0.44228869021900136,4,0,0,0
2026-06-26 16:20:00,16.333333333333332,-0.9063077870366497,-0.42261826174069994,4,0,0,0
2026-06-26 16:25:00,16.416666666666668,-0.9153114791194471,-0.40274668985873735,4,0,0,0
2026-06-26 16:30:00,16.5,-0.9238795325112868,-0.3826834323650895,4,0,0,0
2026-06-26 16:35:00,16.583333333333332,-0.9320078692827984,-0.3624380382837018,4,0,0,0
2026-06-26 16:40:00,16.666666666666668,-0.9396926207859084,-0.34202014332566855,4,0,0,0
2026-06-26 16:45:00,16.75,-0.9469301294951056,-0.3214394653031618,4,0,0,0
2026-06-26 16:50:00,16.833333333333332,-0.9537169507482267,-0.3007057995042738,4,0,0,0
2026-06-26 16:55:00,16.916666666666668,-0.9600498543859286,-0.27982901403099236,4,0,0,0
2026-06-26 17:00:00,17.0,-0.9659258262890683,-0.25881904510252063,4,0,0,0
2026-06-26 17:05:00,17.083333333333332,-0.9713420698132613,-0.23768589232617343,4,0,0,0
2026-06-26 17:10:00,17.166666666666668,-0.9762960071199334,-0.21643961393810282,4,0,0,0
2026-06-26 17:15:00,17.25,-0.9807852804032303,-0.19509032201612866,4,0,0,0
2026-06-26 17:20:00,17.333333333333332,-0.9848077530122079,-0.1736481776669312,4,0,0,0
2026-06-26 17:25:00,17.416666666666668,-0.9883615104677608,-0.15212338618991628,4,0,0,0
2026-06-26 17:30:00,17.5,-0.9914448613738104,-0.13052619222005163,4,0,0,0
2026-06-26 17:35:00,17.583333333333332,-0.9940563382223195,-0.10886687485196507,4,0,0,0
2026-06-26 17:40:00,17.666666666666668,-0.9961946980917455,-0.08715574274765825,4,0,0,0
2026-06-26 17:45:00,17.75,-0.9978589232386035,-0.06540312923014273,4,0,0,0
2026-06-26 17:50:00,17.833333333333332,-0.9990482215818578,-0.04361938736533613,4,0,0,0
2026-06-26 17:55:00,17.916666666666668,-0.9997620270799091,-0.021814885034560836,4,0,0,0
2026-06-26 18:00:00,18.0,-1.0,-1.8369701987210297e-16,4,0,0,0
2026-06-26 18:05:00,18.083333333333332,-0.9997620270799091,0.021814885034560468,4,0,0,0
2026-06-26 18:10:00,18.166666666666668,-0.9990482215818578,0.043619387365335764,4,0,0,0
2026-06-26 18:15:00,18.25,-0.9978589232386036,0.06540312923014237,4,0,0,0
2026-06-26 18:20:00,18.333333333333332,-0.9961946980917455,0.08715574274765789,4,0,0,0
2026-06-26 18:25:00,18.416666666666668,-0.9940563382223196,0.10886687485196471,4,0,0,0
2026-06-26 18:30:00,18.5,-0.9914448613738105,0.13052619222005127,4,0,0,0
2026-06-26 18:35:00,18.583333333333332,-0.9883615104677609,0.15212338618991592,4,0,0,0
2026-06-26 18:40:00,18.666666666666668,-0.984807753012208,0.17364817766693083,4,0,0,0
2026-06-26 18:45:00,18.75,-0.9807852804032304,0.1950903220161283,4,0,0,0
2026-06-26 18:50:00,18.833333333333332,-0.9762960071199335,0.21643961393810246,4,0,0,0
2026-06-26 18:55:00,18.916666666666668,-0.9713420698132614,0.23768589232617307,4,0,0,0
2026-06-26 19:00:00,19.0,-0.9659258262890684,0.2588190451025203,4,0,0,0
2026-06-26 19:05:00,19.083333333333332,-0.9600498543859287,0.279829014030992,4,0,0,0
2026-06-26 19:10:00,19.166666666666668,-0.9537169507482268,0.30070579950427345,4,0,0,0
2026-06-26 19:15:00,19.25,-0.9469301294951057,0.3214394653031615,4,0,0,0
2026-06-26 19:20:00,19.333333333333332,-0.9396926207859085,0.34202014332566816,4,0,0,0
2026-06-26 19:25:00,19.416666666666668,-0.9320078692827986,0.36243803828370147,4,0,0,0
2026-06-26 19:30:00,19.5,-0.923879532511287,0.38268343236508917,4,0,0,0
2026-06-26 19:35:00,19.583333333333332,-0.9153114791194472,0.402746689858737,4,0,0,0
2026-06-26 19:40:00,19.666666666666668,-0.9063077870366498,0.4226182617406996,4,0,0,0
2026-06-26 19:45:00,19.75,-0.8968727415326884,0.442288690219001,4,0,0,0
2026-06-26 19:50:00,19.833333333333332,-0.887010833178222,0.46174861323503325,4,0,0,0
2026-06-26 19:55:00,19.916666666666668,-0.8767267557075075,0.48098876891938813,4,0,0,0
2026-06-26 20:00:00,20.0,-0.8660254037844386,0.5000000000000001,4,0,0,0
2026-06-26 20:05:00,20.083333333333332,-0.8549118706729468,0.5187732581605211,4,0,0,0
2026-06-26 20:10:00,20.166666666666668,-0.8433914458128857,0.5372996083468239,4,0,0,0
2026-06-26 20:15:00,20.25,-0.8314696123025455,0.5555702330196018,4,0,0,0
2026-06-26 20:20:00,20.333333333333332,-0.8191520442889918,0.573576436351046,4,0,0,0
2026-06-26 20:25:00,20.416666666666668,-0.8064446042674829,0.591309648363582,4,0,0,0
2026-06-26 20:30:00,20.5,-0.7933533402912357,0.6087614290087199,4,0,0,0
2026-06-26 20:35:00,20.583333333333332,-0.7798844830928816,0.6259234721840593,4,0,0,0
2026-06-26 20:40:00,20.666666666666668,-0.7660444431189781,0.6427876096865393,4,0,0,0
2026-06-26 20:45:00,20.75,-0.7518398074789772,0.6593458151000691,4,0,0,0
2026-06-26 20:50:00,20.833333333333332,-0.7372773368101242,0.6755902076156601,4,0,0,0
2026-06-26 20:55:00,20.916666666666668,-0.7223639620597554,0.6915130557822695,4,0,0,0
2026-06-26 21:00:00,21.0,-0.7071067811865477,0.7071067811865474,4,0,0,0
2026-06-26 21:05:00,21.083333333333332,-0.6915130557822698,0.7223639620597551,4,0,0,0
2026-06-26 21:10:00,21.166666666666668,-0.6755902076156598,0.7372773368101244,4,0,0,0
2026-06-26 21:15:00,21.25,-0.6593458151000687,0.7518398074789775,4,0,0,0
2026-06-26 21:20:00,21.333333333333332,-0.6427876096865396,0.7660444431189778,4,0,0,0
2026-06-26 21:25:00,21.416666666666668,-0.625923472184059,0.7798844830928818,4,0,0,0
2026-06-26 21:30:00,21.5,-0.608761429008721,0.7933533402912349,4,0,0,0
2026-06-26 21:35:00,21.583333333333332,-0.591309648363583,0.8064446042674821,4,0,0,0
2026-06-26 21:40:00,21.666666666666668,-0.5735764363510465,0.8191520442889916,4,0,0,0
2026-06-26 21:45:00,21.75,-0.555570233019603,0.8314696123025447,4,0,0,0
2026-06-26 21:50:00,21.833333333333332,-0.537299608346825,0.8433914458128849,4,0,0,0
2026-06-26 21:55:00,21.916666666666668,-0.5187732581605214,0.8549118706729466,4,0,0,0
2026-06-26 22:00:00,22.0,-0.5000000000000004,0.8660254037844384,4,0,0,0
2026-06-26 22:05:00,22.083333333333332,-0.48098876891938774,0.8767267557075077,4,0,0,0
2026-06-26 22:10:00,22.166666666666668,-0.46174861323503363,0.8870108331782218,4,0,0,0
2026-06-26 22:15:00,22.25,-0.4422886902190014,0.8968727415326883,4,0,0,0
2026-06-26 22:20:00,22.333333333333332,-0.4226182617407,0.9063077870366497,4,0,0,0
2026-06-26 22:25:00,22.416666666666668,-0.40274668985873663,0.9153114791194474,4,0,0,0
2026-06-26 22:30:00,22.5,-0.38268343236508956,0.9238795325112868,4,0,0,0
2026-06-26 22:35:00,22.583333333333332,-0.36243803828370186,0.9320078692827984,4,0,0,0
2026-06-26 22:40:00,22.666666666666668,-0.3420201433256686,0.9396926207859084,4,0,0,0
2026-06-26 22:45:00,22.75,-0.32143946530316186,0.9469301294951056,4,0,0,0
2026-06-26 22:50:00,22.833333333333332,-0.30070579950427384,0.9537169507482267,4,0,0,0
2026-06-26 22:55:00,22.916666666666668,-0.2798290140309924,0.9600498543859286,4,0,0,0
2026-06-26 23:00:00,23.0,-0.25881904510252157,0.9659258262890681,4,0,0,0
2026-06-26 23:05:00,23.083333333333332,-0.23768589232617435,0.9713420698132611,4,0,0,0
2026-06-26 23:10:00,23.166666666666668,-0.21643961393810288,0.9762960071199334,4,0,0,0
2026-06-26 23:15:00,23.25,-0.19509032201612872,0.9807852804032303,4,0,0,0
2026-06-26 23:20:00,23.333333333333332,-0.1736481776669304,0.984807753012208,4,0,0,0
2026-06-26 23:25:00,23.416666666666668,-0.1521233861899172,0.9883615104677607,4,0,0,0
2026-06-26 23:30:00,23.5,-0.13052619222005168,0.9914448613738104,4,0,0,0
2026-06-26 23:35:00,23.583333333333332,-0.10886687485196514,0.9940563382223195,4,0,0,0
2026-06-26 23:40:00,23.666666666666668,-0.08715574274765743,0.9961946980917455,4,0,0,0
2026-06-26 23:45:00,23.75,-0.0654031292301428,0.9978589232386035,4,0,0,0
2026-06-26 23:50:00,23.833333333333332,-0.043619387365336194,0.9990482215818578,4,0,0,0
2026-06-26 23:55:00,23.916666666666668,-0.0218148850345609,0.9997620270799091,4,0,0,0
2026-06-27 00:00:00,0.0,0.0,1.0,5,1,0,1
2026-06-27 00:05:00,0.08333333333333333,0.02181488503456112,0.9997620270799091,5,1,0,0
2026-06-27 00:10:00,0.16666666666666666,0.043619387365336,0.9990482215818578,5,1,0,0
2026-06-27 00:15:00,0.25,0.06540312923014306,0.9978589232386035,5,1,0,0
2026-06-27 00:20:00,0.3333333333333333,0.08715574274765817,0.9961946980917455,5,1,0,0
2026-06-27 00:25:00,0.4166666666666667,0.10886687485196457,0.9940563382223196,5,1,0,0
2026-06-27 00:30:00,0.5,0.13052619222005157,0.9914448613738104,5,1,0,0
2026-06-27 00:35:00,0.5833333333333334,0.15212338618991672,0.9883615104677607,5,1,0,1
2026-06-27 00:40:00,0.6666666666666666,0.17364817766693033,0.984807753012208,5,1,0,0
2026-06-27 00:45:00,0.75,0.19509032201612825,0.9807852804032304,5,1,0,0
2026-06-27 00:50:00,0.8333333333333334,0.21643961393810288,0.9762960071199334,5,1,0,0
2026-06-27 00:55:00,0.9166666666666666,0.23768589232617307,0.9713420698132614,5,1,0,0
2026-06-27 01:00:00,1.0,0.25881904510252074,0.9659258262890683,5,1,0,1
2026-06-27 01:05:00,1.0833333333333333,0.27982901403099203,0.9600498543859287,5,1,0,1
2026-06-27 01:10:00,1.1666666666666667,0.3007057995042732,0.9537169507482269,5,1,0,1
2026-06-27 01:15:00,1.25,0.3214394653031616,0.9469301294951057,5,1,0,0
2026-06-27 01:20:00,1.3333333333333333,0.3420201433256687,0.9396926207859084,5,1,0,0
2026-06-27 01:25:00,1.4166666666666667,0.36243803828370164,0.9320078692827986,5,1,0,0
2026-06-27 01:30:00,1.5,0.3826834323650898,0.9238795325112867,5,1,0,0
2026-06-27 01:35:00,1.5833333333333335,0.40274668985873724,0.9153114791194471,5,1,0,0
2026-06-27 01:40:00,1.6666666666666665,0.4226182617406994,0.9063077870366499,5,1,0,1
2026-06-27 01:45:00,1.75,0.44228869021900125,0.8968727415326884,5,1,0,0
2026-06-27 01:50:00,1.8333333333333335,0.46174861323503397,0.8870108331782217,5,1,0,0
2026-06-27 01:55:00,1.9166666666666665,0.48098876891938763,0.8767267557075077,5,1,0,0
2026-06-27 02:00:00,2.0,0.49999999999999994,0.8660254037844387,5,1,0,0
2026-06-27 02:05:00,2.0833333333333335,0.5187732581605214,0.8549118706729466,5,1,0,0
2026-06-27 02:10:00,2.1666666666666665,0.5372996083468238,0.8433914458128857,5,1,0,1
2026-06-27 02:15:00,2.25,0.5555702330196022,0.8314696123025452,5,1,0,1
2026-06-27 02:20:00,2.3333333333333335,0.5735764363510462,0.8191520442889918,5,1,0,1
2026-06-27 02:25:00,2.4166666666666665,0.5913096483635824,0.8064446042674827,5,1,0,0
2026-06-27 02:30:00,2.5,0.6087614290087207,0.7933533402912352,5,1,0,0
2026-06-27 02:35:00,2.5833333333333335,0.6259234721840591,0.7798844830928818,5,1,0,0
2026-06-27 02:40:00,2.6666666666666665,0.6427876096865393,0.766044443118978,5,1,0,0
2026-06-27 02:45:00,2.75,0.6593458151000688,0.7518398074789774,5,1,0,1
2026-06-27 02:50:00,2.8333333333333335,0.6755902076156602,0.7372773368101241,5,1,0,0
2026-06-27 02:55:00,2.9166666666666665,0.6915130557822694,0.7223639620597556,5,1,0,0
2026-06-27 03:00:00,3.0,0.7071067811865476,0.7071067811865476,5,1,0,0
2026-06-27 03:05:00,3.0833333333333335,0.7223639620597555,0.6915130557822694,5,1,0,0
2026-06-27 03:10:00,3.1666666666666665,0.737277336810124,0.6755902076156602,5,1,0,1
2026-06-27 03:15:00,3.25,0.7518398074789774,0.6593458151000688,5,1,0,0
2026-06-27 03:20:00,3.3333333333333335,0.766044443118978,0.6427876096865394,5,1,0,0
2026-06-27 03:25:00,3.4166666666666665,0.7798844830928817,0.6259234721840591,5,1,0,0
2026-06-27 03:30:00,3.5,0.7933533402912352,0.6087614290087207,5,1,0,0
2026-06-27 03:35:00,3.5833333333333335,0.8064446042674825,0.5913096483635825,5,1,0,1
2026-06-27 03:40:00,3.6666666666666665,0.8191520442889917,0.5735764363510462,5,1,0,1
2026-06-27 03:45:00,3.75,0.8314696123025451,0.5555702330196024,5,1,0,1
2026-06-27 03:50:00,3.8333333333333335,0.8433914458128856,0.5372996083468239,5,1,0,1
2026-06-27 03:55:00,3.9166666666666665,0.8549118706729466,0.5187732581605216,5,1,0,0
2026-06-27 04:00:00,4.0,0.8660254037844386,0.5000000000000001,5,1,0,0
2026-06-27 04:05:00,4.083333333333333,0.8767267557075077,0.48098876891938774,5,1,0,0
2026-06-27 04:10:00,4.166666666666667,0.8870108331782217,0.46174861323503386,5,1,0,0
2026-06-27 04:15:00,4.25,0.8968727415326884,0.44228869021900125,5,1,0,1
2026-06-27 04:20:00,4.333333333333333,0.9063077870366498,0.4226182617406996,5,1,0,0
2026-06-27 04:25:00,4.416666666666667,0.9153114791194471,0.40274668985873724,5,1,0,1
2026-06-27 04:30:00,4.5,0.9238795325112867,0.38268343236508984,5,1,0,0
2026-06-27 04:35:00,4.583333333333333,0.9320078692827984,0.3624380382837017,5,1,0,0
2026-06-27 04:40:00,4.666666666666667,0.9396926207859084,0.3420201433256686,5,1,0,0
2026-06-27 04:45:00,4.75,0.9469301294951056,0.3214394653031617,5,1,0,1
2026-06-27 04:50:00,4.833333333333333,0.9537169507482268,0.3007057995042733,5,1,0,0
2026-06-27 04:55:00,4.916666666666667,0.9600498543859287,0.27982901403099203,5,1,0,0
2026-06-27 05:00:00,5.0,0.9659258262890683,0.25881904510252074,5,1,0,0
2026-06-27 05:05:00,5.083333333333333,0.9713420698132614,0.2376858923261731,5,1,0,0
2026-06-27 05:10:00,5.166666666666667,0.9762960071199334,0.2164396139381029,5,1,0,0
2026-06-27 05:15:00,5.25,0.9807852804032304,0.19509032201612833,5,1,0,1
2026-06-27 05:20:00,5.333333333333333,0.984807753012208,0.17364817766693041,5,1,0,0
2026-06-27 05:25:00,5.416666666666667,0.9883615104677607,0.1521233861899168,5,1,0,0
2026-06-27 05:30:00,5.5,0.9914448613738104,0.1305261922200517,5,1,0,0
2026-06-27 05:35:00,5.583333333333333,0.9940563382223196,0.10886687485196474,5,1,0,0
2026-06-27 05:40:00,5.666666666666667,0.9961946980917455,0.08715574274765814,5,1,0,1
2026-06-27 05:45:00,5.75,0.9978589232386035,0.06540312923014327,5,1,0,0
2026-06-27 05:50:00,5.833333333333333,0.9990482215818578,0.04361938736533601,5,1,0,0
2026-06-27 05:55:00,5.916666666666667,0.9997620270799091,0.021814885034560937,5,1,0,0
2026-06-27 06:00:00,6.0,1.0,6.123233995736766e-17,5,1,0,1
2026-06-27 06:05:00,6.083333333333333,0.9997620270799091,-0.02181488503456081,5,1,0,1
2026-06-27 06:10:00,6.166666666666667,0.9990482215818578,-0.04361938736533589,5,1,0,0
2026-06-27 06:15:00,6.25,0.9978589232386035,-0.06540312923014314,5,1,0,0
2026-06-27 06:20:00,6.333333333333333,0.9961946980917455,-0.08715574274765801,5,1,0,0
2026-06-27 06:25:00,6.416666666666667,0.9940563382223196,-0.10886687485196461,5,1,0,1
2026-06-27 06:30:00,6.5,0.9914448613738104,-0.1305261922200516,5,1,0,0
2026-06-27 06:35:00,6.583333333333333,0.9883615104677607,-0.1521233861899167,5,1,0,0
2026-06-27 06:40:00,6.666666666666667,0.984807753012208,-0.1736481776669303,5,1,0,0
2026-06-27 06:45:00,6.75,0.9807852804032304,-0.1950903220161282,5,1,0,0
2026-06-27 06:50:00,6.833333333333333,0.9762960071199334,-0.2164396139381028,5,1,0,0
2026-06-27 06:55:00,6.916666666666667,0.9713420698132614,-0.23768589232617318,5,1,0,1
2026-06-27 07:00:00,7.0,0.9659258262890683,-0.25881904510252063,5,1,0,0
2026-06-27 07:05:00,7.083333333333333,0.9600498543859287,-0.2798290140309919,5,1,0,0
2026-06-27 07:10:00,7.166666666666667,0.9537169507482269,-0.30070579950427295,5,1,0,0
2026-06-27 07:15:00,7.25,0.9469301294951057,-0.3214394653031616,5,1,0,1
2026-06-27 07:20:00,7.333333333333333,0.9396926207859084,-0.3420201433256685,5,1,0,0
2026-06-27 07:25:00,7.416666666666667,0.9320078692827986,-0.3624380382837016,5,1,0,1
2026-06-27 07:30:00,7.5,0.9238795325112868,-0.3826834323650895,5,1,0,0
2026-06-27 07:35:00,7.583333333333333,0.9153114791194472,-0.40274668985873713,5,1,0,0
2026-06-27 07:40:00,7.666666666666667,0.90630778703665,-0.42261826174069933,5,1,0,0
2026-06-27 07:45:00,7.75,0.8968727415326884,-0.44228869021900113,5,1,0,0
2026-06-27 07:50:00,7.833333333333333,0.8870108331782218,-0.4617486132350338,5,1,0,0
2026-06-27 07:55:00,7.916666666666667,0.8767267557075076,-0.48098876891938785,5,1,0,1
2026-06-27 08:00:00,8.0,0.8660254037844387,-0.4999999999999998,5,1,0,0
2026-06-27 08:05:00,8.083333333333334,0.8549118706729465,-0.5187732581605216,5,1,0,0
2026-06-27 08:10:00,8.166666666666666,0.8433914458128858,-0.5372996083468236,5,1,0,0
2026-06-27 08:15:00,8.25,0.8314696123025451,-0.5555702330196023,5,1,0,1
2026-06-27 08:20:00,8.333333333333334,0.8191520442889917,-0.5735764363510462,5,1,0,1
2026-06-27 08:25:00,8.416666666666666,0.8064446042674828,-0.5913096483635821,5,1,0,0
2026-06-27 08:30:00,8.5,0.7933533402912352,-0.6087614290087207,5,1,0,1
2026-06-27 08:35:00,8.583333333333334,0.7798844830928817,-0.6259234721840591,5,1,0,0
2026-06-27 08:40:00,8.666666666666666,0.7660444431189783,-0.642787609686539,5,1,0,0
2026-06-27 08:45:00,8.75,0.7518398074789774,-0.6593458151000688,5,1,0,1
2026-06-27 08:50:00,8.833333333333334,0.7372773368101241,-0.6755902076156602,5,1,0,1
2026-06-27 08:55:00,8.916666666666666,0.7223639620597556,-0.6915130557822693,5,1,0,0
2026-06-27 09:00:00,9.0,0.7071067811865476,-0.7071067811865475,5,1,0,0
2026-06-27 09:05:00,9.083333333333334,0.6915130557822694,-0.7223639620597555,5,1,0,0
2026-06-27 09:10:00,9.166666666666666,0.6755902076156604,-0.737277336810124,5,1,0,1
2026-06-27 09:15:00,9.25,0.659345815100069,-0.7518398074789773,5,1,0,0
2026-06-27 09:20:00,9.333333333333334,0.6427876096865391,-0.7660444431189782,5,1,0,0
2026-06-27 09:25:00,9.416666666666666,0.6259234721840592,-0.7798844830928817,5,1,0,0
2026-06-27 09:30:00,9.5,0.6087614290087209,-0.793353340291235,5,1,0,0
2026-06-27 09:35:00,9.583333333333334,0.5913096483635822,-0.8064446042674827,5,1,0,0
2026-06-27 09:40:00,9.666666666666666,0.5735764363510464,-0.8191520442889916,5,1,0,1
2026-06-27 09:45:00,9.75,0.5555702330196025,-0.831469612302545,5,1,0,0
2026-06-27 09:50:00,9.833333333333334,0.5372996083468238,-0.8433914458128857,5,1,0,0
2026-06-27 09:55:00,9.916666666666666,0.5187732581605218,-0.8549118706729464,5,1,0,0
2026-06-27 10:00:00,10.0,0.49999999999999994,-0.8660254037844387,5,1,0,1
2026-06-27 10:05:00,10.083333333333334,0.48098876891938763,-0.8767267557075077,5,1,0,0
2026-06-27 10:10:00,10.166666666666666,0.4617486132350339,-0.8870108331782217,5,1,0,0
2026-06-27 10:15:00,10.25,0.4422886902190017,-0.8968727415326881,5,1,0,1
2026-06-27 10:20:00,10.333333333333334,0.4226182617406995,-0.9063077870366499,5,1,0,1
2026-06-27 10:25:00,10.416666666666666,0.4027466898587373,-0.9153114791194471,5,1,0,1
2026-06-27 10:30:00,10.5,0.3826834323650899,-0.9238795325112867,5,1,0,1
2026-06-27 10:35:00,10.583333333333334,0.36243803828370136,-0.9320078692827987,5,1,0,0
2026-06-27 10:40:00,10.666666666666666,0.3420201433256689,-0.9396926207859083,5,1,0,1
2026-06-27 10:45:00,10.75,0.32143946530316175,-0.9469301294951056,5,1,0,0
2026-06-27 10:50:00,10.833333333333334,0.30070579950427334,-0.9537169507482268,5,1,0,1
2026-06-27 10:55:00,10.916666666666666,0.2798290140309927,-0.9600498543859285,5,1,0,1
2026-06-27 11:00:00,11.0,0.258819045102521,-0.9659258262890682,5,1,0,1
2026-06-27 11:05:00,11.083333333333334,0.23768589232617293,-0.9713420698132614,5,1,0,0
2026-06-27 11:10:00,11.166666666666666,0.21643961393810318,-0.9762960071199333,5,1,0,0
2026-06-27 11:15:00,11.25,0.19509032201612816,-0.9807852804032304,5,1,0,0
2026-06-27 11:20:00,11.333333333333334,0.17364817766693028,-0.984807753012208,5,1,0,1
2026-06-27 11:25:00,11.416666666666666,0.15212338618991708,-0.9883615104677607,5,1,0,1
2026-06-27 11:30:00,11.5,0.130526192220052,-0.9914448613738104,5,1,0,0
2026-06-27 11:35:00,11.583333333333334,0.10886687485196457,-0.9940563382223196,5,1,0,0
2026-06-27 11:40:00,11.666666666666666,0.0871557427476582,-0.9961946980917455,5,1,0,0
2026-06-27 11:45:00,11.75,0.06540312923014312,-0.9978589232386035,5,1,0,1
2026-06-27 11:50:00,11.833333333333334,0.043619387365335625,-0.9990482215818578,5,1,0,1
2026-06-27 11:55:00,11.916666666666666,0.021814885034561218,-0.9997620270799091,5,1,0,0
2026-06-27 12:00:00,12.0,1.2246467991473532e-16,-1.0,5,1,0,0
2026-06-27 12:05:00,12.083333333333334,-0.021814885034560975,-0.9997620270799091,5,1,0,1
2026-06-27 12:10:00,12.166666666666666,-0.04361938736533538,-0.9990482215818578,5,1,0,1
2026-06-27 12:15:00,12.25,-0.06540312923014287,-0.9978589232386035,5,1,0,0
2026-06-27 12:20:00,12.333333333333334,-0.08715574274765794,-0.9961946980917455,5,1,0,0
2026-06-27 12:25:00,12.416666666666666,-0.10886687485196432,-0.9940563382223196,5,1,0,0
2026-06-27 12:30:00,12.5,-0.13052619222005177,-0.9914448613738104,5,1,0,0
2026-06-27 12:35:00,12.583333333333334,-0.15212338618991683,-0.9883615104677607,5,1,0,0
2026-06-27 12:40:00,12.666666666666666,-0.17364817766693003,-0.9848077530122081,5,1,0,0
2026-06-27 12:45:00,12.75,-0.19509032201612792,-0.9807852804032305,5,1,0,1
2026-06-27 12:50:00,12.833333333333334,-0.21643961393810293,-0.9762960071199334,5,1,0,0
2026-06-27 12:55:00,12.916666666666666,-0.2376858923261727,-0.9713420698132615,5,1,0,1
2026-06-27 13:00:00,13.0,-0.2588190451025208,-0.9659258262890683,5,1,0,0
2026-06-27 13:05:00,13.083333333333334,-0.2798290140309925,-0.9600498543859286,5,1,0,0
2026-06-27 13:10:00,13.166666666666666,-0.30070579950427306,-0.9537169507482269,5,1,0,0
2026-06-27 13:15:00,13.25,-0.32143946530316153,-0.9469301294951057,5,1,0,0
2026-06-27 13:20:00,13.333333333333334,-0.34202014332566866,-0.9396926207859084,5,1,0,1
2026-06-27 13:25:00,13.416666666666666,-0.36243803828370114,-0.9320078692827987,5,1,0,1
2026-06-27 13:30:00,13.5,-0.38268343236508967,-0.9238795325112868,5,1,0,0
2026-06-27 13:35:00,13.583333333333334,-0.4027466898587371,-0.9153114791194472,5,1,0,0
2026-06-27 13:40:00,13.666666666666666,-0.4226182617406993,-0.90630778703665,5,1,0,1
2026-06-27 13:45:00,13.75,-0.44228869021900147,-0.8968727415326883,5,1,0,0
2026-06-27 13:50:00,13.833333333333334,-0.46174861323503413,-0.8870108331782216,5,1,0,0
2026-06-27 13:55:00,13.916666666666666,-0.4809887689193874,-0.8767267557075078,5,1,0,1
2026-06-27 14:00:00,14.0,-0.4999999999999997,-0.8660254037844388,5,1,0,0
2026-06-27 14:05:00,14.083333333333334,-0.5187732581605216,-0.8549118706729465,5,1,0,0
2026-06-27 14:10:00,14.166666666666666,-0.5372996083468236,-0.8433914458128858,5,1,0,0
2026-06-27 14:15:00,14.25,-0.555570233019602,-0.8314696123025455,5,1,0,1
2026-06-27 14:20:00,14.333333333333334,-0.5735764363510458,-0.819152044288992,5,1,0,0
2026-06-27 14:25:00,14.416666666666666,-0.5913096483635824,-0.8064446042674825,5,1,0,0
2026-06-27 14:30:00,14.5,-0.6087614290087207,-0.7933533402912352,5,1,0,1
2026-06-27 14:35:00,14.583333333333334,-0.6259234721840591,-0.7798844830928818,5,1,0,0
2026-06-27 14:40:00,14.666666666666666,-0.6427876096865389,-0.7660444431189783,5,1,0,1
2026-06-27 14:45:00,14.75,-0.6593458151000688,-0.7518398074789774,5,1,0,0
2026-06-27 14:50:00,14.833333333333334,-0.6755902076156601,-0.7372773368101241,5,1,0,1
2026-06-27 14:55:00,14.916666666666666,-0.691513055782269,-0.722363962059756,5,1,0,0
2026-06-27 15:00:00,15.0,-0.7071067811865471,-0.7071067811865479,5,1,0,0
2026-06-27 15:05:00,15.083333333333334,-0.7223639620597557,-0.6915130557822692,5,1,0,0
2026-06-27 15:10:00,15.166666666666666,-0.7372773368101239,-0.6755902076156604,5,1,0,0
2026-06-27 15:15:00,15.25,-0.7518398074789773,-0.6593458151000691,5,1,0,1
2026-06-27 15:20:00,15.333333333333334,-0.7660444431189779,-0.6427876096865395,5,1,0,1
2026-06-27 15:25:00,15.416666666666666,-0.7798844830928814,-0.6259234721840596,5,1,0,0
2026-06-27 15:30:00,15.5,-0.7933533402912349,-0.6087614290087209,5,1,0,0
2026-06-27 15:35:00,15.583333333333334,-0.8064446042674827,-0.5913096483635822,5,1,0,1
2026-06-27 15:40:00,15.666666666666666,-0.8191520442889916,-0.5735764363510464,5,1,0,1
2026-06-27 15:45:00,15.75,-0.8314696123025452,-0.5555702330196022,5,1,0,0
2026-06-27 15:50:00,15.833333333333334,-0.8433914458128859,-0.5372996083468234,5,1,0,0
2026-06-27 15:55:00,15.916666666666666,-0.8549118706729466,-0.5187732581605214,5,1,0,0
2026-06-27 16:00:00,16.0,-0.8660254037844385,-0.5000000000000004,5,1,0,0
2026-06-27 16:05:00,16.083333333333332,-0.8767267557075072,-0.48098876891938847,5,1,0,0
2026-06-27 16:10:00,16.166666666666668,-0.8870108331782218,-0.4617486132350336,5,1,0,0
2026-06-27 16:15:00,16.25,-0.8968727415326883,-0.44228869021900136,5,1,0,0
2026-06-27 16:20:00,16.333333333333332,-0.9063077870366497,-0.42261826174069994,5,1,0,1
2026-06-27 16:25:00,16.416666666666668,-0.9153114791194471,-0.40274668985873735,5,1,0,0
2026-06-27 16:30:00,16.5,-0.9238795325112868,-0.3826834323650895,5,1,0,0
2026-06-27 16:35:00,16.583333333333332,-0.9320078692827984,-0.3624380382837018,5,1,0,0
2026-06-27 16:40:00,16.666666666666668,-0.9396926207859084,-0.34202014332566855,5,1,0,0
2026-06-27 16:45:00,16.75,-0.9469301294951056,-0.3214394653031618,5,1,0,0
2026-06-27 16:50:00,16.833333333333332,-0.9537169507482267,-0.3007057995042738,5,1,0,0
2026-06-27 16:55:00,16.916666666666668,-0.9600498543859286,-0.27982901403099236,5,1,0,0
2026-06-27 17:00:00,17.0,-0.9659258262890683,-0.25881904510252063,5,1,0,0
2026-06-27 17:05:00,17.083333333333332,-0.9713420698132613,-0.23768589232617343,5,1,0,0
2026-06-27 17:10:00,17.166666666666668,-0.9762960071199334,-0.21643961393810282,5,1,0,0
2026-06-27 17:15:00,17.25,-0.9807852804032303,-0.19509032201612866,5,1,0,1
2026-06-27 17:20:00,17.333333333333332,-0.9848077530122079,-0.1736481776669312,5,1,0,0
2026-06-27 17:25:00,17.416666666666668,-0.9883615104677608,-0.15212338618991628,5,1,0,1
2026-06-27 17:30:00,17.5,-0.9914448613738104,-0.13052619222005163,5,1,0,0
2026-06-27 17:35:00,17.583333333333332,-0.9940563382223195,-0.10886687485196507,5,1,0,0
2026-06-27 17:40:00,17.666666666666668,-0.9961946980917455,-0.08715574274765825,5,1,0,0
2026-06-27 17:45:00,17.75,-0.9978589232386035,-0.06540312923014273,5,1,0,0
2026-06-27 17:50:00,17.833333333333332,-0.9990482215818578,-0.04361938736533613,5,1,0,1
2026-06-27 17:55:00,17.916666666666668,-0.9997620270799091,-0.021814885034560836,5,1,0,1
2026-06-27 18:00:00,18.0,-1.0,-1.8369701987210297e-16,5,1,0,1
2026-06-27 18:05:00,18.083333333333332,-0.9997620270799091,0.021814885034560468,5,1,0,0
2026-06-27 18:10:00,18.166666666666668,-0.9990482215818578,0.043619387365335764,5,1,0,0
2026-06-27 18:15:00,18.25,-0.9978589232386036,0.06540312923014237,5,1,0,0
2026-06-27 18:20:00,18.333333333333332,-0.9961946980917455,0.08715574274765789,5,1,0,0
2026-06-27 18:25:00,18.416666666666668,-0.9940563382223196,0.10886687485196471,5,1,0,0
2026-06-27 18:30:00,18.5,-0.9914448613738105,0.13052619222005127,5,1,0,0
2026-06-27 18:35:00,18.583333333333332,-0.9883615104677609,0.15212338618991592,5,1,0,0
2026-06-27 18:40:00,18.666666666666668,-0.984807753012208,0.17364817766693083,5,1,0,0
2026-06-27 18:45:00,18.75,-0.9807852804032304,0.1950903220161283,5,1,0,1
2026-06-27 18:50:00,18.833333333333332,-0.9762960071199335,0.21643961393810246,5,1,0,1
2026-06-27 18:55:00,18.916666666666668,-0.9713420698132614,0.23768589232617307,5,1,0,1
2026-06-27 19:00:00,19.0,-0.9659258262890684,0.2588190451025203,5,1,0,0
2026-06-27 19:05:00,19.083333333333332,-0.9600498543859287,0.279829014030992,5,1,0,0
2026-06-27 19:10:00,19.166666666666668,-0.9537169507482268,0.30070579950427345,5,1,0,0
2026-06-27 19:15:00,19.25,-0.9469301294951057,0.3214394653031615,5,1,0,1
2026-06-27 19:20:00,19.333333333333332,-0.9396926207859085,0.34202014332566816,5,1,0,0
2026-06-27 19:25:00,19.416666666666668,-0.9320078692827986,0.36243803828370147,5,1,0,0
2026-06-27 19:30:00,19.5,-0.923879532511287,0.38268343236508917,5,1,0,1
2026-06-27 19:35:00,19.583333333333332,-0.9153114791194472,0.402746689858737,5,1,0,0
2026-06-27 19:40:00,19.666666666666668,-0.9063077870366498,0.4226182617406996,5,1,0,0
2026-06-27 19:45:00,19.75,-0.8968727415326884,0.442288690219001,5,1,0,0
2026-06-27 19:50:00,19.833333333333332,-0.887010833178222,0.46174861323503325,5,1,0,0
2026-06-27 19:55:00,19.916666666666668,-0.8767267557075075,0.48098876891938813,5,1,0,0
2026-06-27 20:00:00,20.0,-0.8660254037844386,0.5000000000000001,5,1,0,0
2026-06-27 20:05:00,20.083333333333332,-0.8549118706729468,0.5187732581605211,5,1,0,0
2026-06-27 20:10:00,20.166666666666668,-0.8433914458128857,0.5372996083468239,5,1,0,0
2026-06-27 20:15:00,20.25,-0.8314696123025455,0.5555702330196018,5,1,0,1
2026-06-27 20:20:00,20.333333333333332,-0.8191520442889918,0.573576436351046,5,1,0,0
2026-06-27 20:25:00,20.416666666666668,-0.8064446042674829,0.591309648363582,5,1,0,0
2026-06-27 20:30:00,20.5,-0.7933533402912357,0.6087614290087199,5,1,0,0
2026-06-27 20:35:00,20.583333333333332,-0.7798844830928816,0.6259234721840593,5,1,0,1
2026-06-27 20:40:00,20.666666666666668,-0.7660444431189781,0.6427876096865393,5,1,0,0
2026-06-27 20:45:00,20.75,-0.7518398074789772,0.6593458151000691,5,1,0,0
2026-06-27 20:50:00,20.833333333333332,-0.7372773368101242,0.6755902076156601,5,1,0,1
2026-06-27 20:55:00,20.916666666666668,-0.7223639620597554,0.6915130557822695,5,1,0,1
2026-06-27 21:00:00,21.0,-0.7071067811865477,0.7071067811865474,5,1,0,0
2026-06-27 21:05:00,21.083333333333332,-0.6915130557822698,0.7223639620597551,5,1,0,1
2026-06-27 21:10:00,21.166666666666668,-0.6755902076156598,0.7372773368101244,5,1,0,0
2026-06-27 21:15:00,21.25,-0.6593458151000687,0.7518398074789775,5,1,0,0
2026-06-27 21:20:00,21.333333333333332,-0.6427876096865396,0.7660444431189778,5,1,0,0
2026-06-27 21:25:00,21.416666666666668,-0.625923472184059,0.7798844830928818,5,1,0,0
2026-06-27 21:30:00,21.5,-0.608761429008721,0.7933533402912349,5,1,0,1
2026-06-27 21:35:00,21.583333333333332,-0.591309648363583,0.8064446042674821,5,1,0,0
2026-06-27 21:40:00,21.666666666666668,-0.5735764363510465,0.8191520442889916,5,1,0,0
2026-06-27 21:45:00,21.75,-0.555570233019603,0.8314696123025447,5,1,0,1
2026-06-27 21:50:00,21.833333333333332,-0.537299608346825,0.8433914458128849,5,1,0,1
2026-06-27 21:55:00,21.916666666666668,-0.5187732581605214,0.8549118706729466,5,1,0,0
2026-06-27 22:00:00,22.0,-0.5000000000000004,0.8660254037844384,5,1,0,0
2026-06-27 22:05:00,22.083333333333332,-0.48098876891938774,0.8767267557075077,5,1,0,0
2026-06-27 22:10:00,22.166666666666668,-0.46174861323503363,0.8870108331782218,5,1,0,1
2026-06-27 22:15:00,22.25,-0.4422886902190014,0.8968727415326883,5,1,0,0
2026-06-27 22:20:00,22.333333333333332,-0.4226182617407,0.9063077870366497,5,1,0,1
2026-06-27 22:25:00,22.416666666666668,-0.40274668985873663,0.9153114791194474,5,1,0,0
2026-06-27 22:30:00,22.5,-0.38268343236508956,0.9238795325112868,5,1,0,0
2026-06-27 22:35:00,22.583333333333332,-0.36243803828370186,0.9320078692827984,5,1,0,0
2026-06-27 22:40:00,22.666666666666668,-0.3420201433256686,0.9396926207859084,5,1,0,0
2026-06-27 22:45:00,22.75,-0.32143946530316186,0.9469301294951056,5,1,0,0
2026-06-27 22:50:00,22.833333333333332,-0.30070579950427384,0.9537169507482267,5,1,0,1
2026-06-27 22:55:00,22.916666666666668,-0.2798290140309924,0.9600498543859286,5,1,0,0
2026-06-27 23:00:00,23.0,-0.25881904510252157,0.9659258262890681,5,1,0,0
2026-06-27 23:05:00,23.083333333333332,-0.23768589232617435,0.9713420698132611,5,1,0,1
2026-06-27 23:10:00,23.166666666666668,-0.21643961393810288,0.9762960071199334,5,1,0,0
2026-06-27 23:15:00,23.25,-0.19509032201612872,0.9807852804032303,5,1,0,1
2026-06-27 23:20:00,23.333333333333332,-0.1736481776669304,0.984807753012208,5,1,0,0
2026-06-27 23:25:00,23.416666666666668,-0.1521233861899172,0.9883615104677607,5,1,0,0
2026-06-27 23:30:00,23.5,-0.13052619222005168,0.9914448613738104,5,1,0,0
2026-06-27 23:35:00,23.583333333333332,-0.10886687485196514,0.9940563382223195,5,1,0,0
2026-06-27 23:40:00,23.666666666666668,-0.08715574274765743,0.9961946980917455,5,1,0,1
2026-06-27 23:45:00,23.75,-0.0654031292301428,0.9978589232386035,5,1,0,0
2026-06-27 23:50:00,23.833333333333332,-0.043619387365336194,0.9990482215818578,5,1,0,0
2026-06-27 23:55:00,23.916666666666668,-0.0218148850345609,0.9997620270799091,5,1,0,0
2026-06-28 00:00:00,0.0,0.0,1.0,6,1,0,0
2026-06-28 00:05:00,0.08333333333333333,0.02181488503456112,0.9997620270799091,6,1,0,1
2026-06-28 00:10:00,0.16666666666666666,0.043619387365336,0.9990482215818578,6,1,0,0
2026-06-28 00:15:00,0.25,0.06540312923014306,0.9978589232386035,6,1,0,0
2026-06-28 00:20:00,0.3333333333333333,0.08715574274765817,0.9961946980917455,6,1,0,1
2026-06-28 00:25:00,0.4166666666666667,0.10886687485196457,0.9940563382223196,6,1,0,0
2026-06-28 00:30:00,0.5,0.13052619222005157,0.9914448613738104,6,1,0,1
2026-06-28 00:35:00,0.5833333333333334,0.15212338618991672,0.9883615104677607,6,1,0,0
2026-06-28 00:40:00,0.6666666666666666,0.17364817766693033,0.984807753012208,6,1,0,0
2026-06-28 00:45:00,0.75,0.19509032201612825,0.9807852804032304,6,1,0,0
2026-06-28 00:50:00,0.8333333333333334,0.21643961393810288,0.9762960071199334,6,1,0,1
2026-06-28 00:55:00,0.9166666666666666,0.23768589232617307,0.9713420698132614,6,1,0,1
2026-06-28 01:00:00,1.0,0.25881904510252074,0.9659258262890683,6,1,0,0
2026-06-28 01:05:00,1.0833333333333333,0.27982901403099203,0.9600498543859287,6,1,0,0
2026-06-28 01:10:00,1.1666666666666667,0.3007057995042732,0.9537169507482269,6,1,0,0
2026-06-28 01:15:00,1.25,0.3214394653031616,0.9469301294951057,6,1,0,0
2026-06-28 01:20:00,1.3333333333333333,0.3420201433256687,0.9396926207859084,6,1,0,0
2026-06-28 01:25:00,1.4166666666666667,0.36243803828370164,0.9320078692827986,6,1,0,1
2026-06-28 01:30:00,1.5,0.3826834323650898,0.9238795325112867,6,1,0,0
2026-06-28 01:35:00,1.5833333333333335,0.40274668985873724,0.9153114791194471,6,1,0,0
2026-06-28 01:40:00,1.6666666666666665,0.4226182617406994,0.9063077870366499,6,1,0,0
2026-06-28 01:45:00,1.75,0.44228869021900125,0.8968727415326884,6,1,0,0
2026-06-28 01:50:00,1.8333333333333335,0.46174861323503397,0.8870108331782217,6,1,0,0
2026-06-28 01:55:00,1.9166666666666665,0.48098876891938763,0.8767267557075077,6,1,0,0
2026-06-28 02:00:00,2.0,0.49999999999999994,0.8660254037844387,6,1,0,1
2026-06-28 02:05:00,2.0833333333333335,0.5187732581605214,0.8549118706729466,6,1,0,0
2026-06-28 02:10:00,2.1666666666666665,0.5372996083468238,0.8433914458128857,6,1,0,0
2026-06-28 02:15:00,2.25,0.5555702330196022,0.8314696123025452,6,1,0,0
2026-06-28 02:20:00,2.3333333333333335,0.5735764363510462,0.8191520442889918,6,1,0,1
2026-06-28 02:25:00,2.4166666666666665,0.5913096483635824,0.8064446042674827,6,1,0,1
2026-06-28 02:30:00,2.5,0.6087614290087207,0.7933533402912352,6,1,0,0
2026-06-28 02:35:00,2.5833333333333335,0.6259234721840591,0.7798844830928818,6,1,0,1
2026-06-28 02:40:00,2.6666666666666665,0.6427876096865393,0.766044443118978,6,1,0,0
2026-06-28 02:45:00,2.75,0.6593458151000688,0.7518398074789774,6,1,0,0
2026-06-28 02:50:00,2.8333333333333335,0.6755902076156602,0.7372773368101241,6,1,0,0
2026-06-28 02:55:00,2.9166666666666665,0.6915130557822694,0.7223639620597556,6,1,0,0
2026-06-28 03:00:00,3.0,0.7071067811865476,0.7071067811865476,6,1,0,0
2026-06-28 03:05:00,3.0833333333333335,0.7223639620597555,0.6915130557822694,6,1,0,1
2026-06-28 03:10:00,3.1666666666666665,0.737277336810124,0.6755902076156602,6,1,0,1
2026-06-28 03:15:00,3.25,0.7518398074789774,0.6593458151000688,6,1,0,0
2026-06-28 03:20:00,3.3333333333333335,0.766044443118978,0.6427876096865394,6,1,0,0
2026-06-28 03:25:00,3.4166666666666665,0.7798844830928817,0.6259234721840591,6,1,0,0
2026-06-28 03:30:00,3.5,0.7933533402912352,0.6087614290087207,6,1,0,0
2026-06-28 03:35:00,3.5833333333333335,0.8064446042674825,0.5913096483635825,6,1,0,0
2026-06-28 03:40:00,3.6666666666666665,0.8191520442889917,0.5735764363510462,6,1,0,0
2026-06-28 03:45:00,3.75,0.8314696123025451,0.5555702330196024,6,1,0,0
2026-06-28 03:50:00,3.8333333333333335,0.8433914458128856,0.5372996083468239,6,1,0,1
2026-06-28 03:55:00,3.9166666666666665,0.8549118706729466,0.5187732581605216,6,1,0,0
2026-06-28 04:00:00,4.0,0.8660254037844386,0.5000000000000001,6,1,0,0
2026-06-28 04:05:00,4.083333333333333,0.8767267557075077,0.48098876891938774,6,1,0,1
2026-06-28 04:10:00,4.166666666666667,0.8870108331782217,0.46174861323503386,6,1,0,0
2026-06-28 04:15:00,4.25,0.8968727415326884,0.44228869021900125,6,1,0,0
2026-06-28 04:20:00,4.333333333333333,0.9063077870366498,0.4226182617406996,6,1,0,0
2026-06-28 04:25:00,4.416666666666667,0.9153114791194471,0.40274668985873724,6,1,0,0
2026-06-28 04:30:00,4.5,0.9238795325112867,0.38268343236508984,6,1,0,1
2026-06-28 04:35:00,4.583333333333333,0.9320078692827984,0.3624380382837017,6,1,0,0
2026-06-28 04:40:00,4.666666666666667,0.9396926207859084,0.3420201433256686,6,1,0,0
2026-06-28 04:45:00,4.75,0.9469301294951056,0.3214394653031617,6,1,0,1
2026-06-28 04:50:00,4.833333333333333,0.9537169507482268,0.3007057995042733,6,1,0,1
2026-06-28 04:55:00,4.916666666666667,0.9600498543859287,0.27982901403099203,6,1,0,1
2026-06-28 05:00:00,5.0,0.9659258262890683,0.25881904510252074,6,1,0,0
2026-06-28 05:05:00,5.083333333333333,0.9713420698132614,0.2376858923261731,6,1,0,0
2026-06-28 05:10:00,5.166666666666667,0.9762960071199334,0.2164396139381029,6,1,0,1
2026-06-28 05:15:00,5.25,0.9807852804032304,0.19509032201612833,6,1,0,1
2026-06-28 05:20:00,5.333333333333333,0.984807753012208,0.17364817766693041,6,1,0,0
2026-06-28 05:25:00,5.416666666666667,0.9883615104677607,0.1521233861899168,6,1,0,0
2026-06-28 05:30:00,5.5,0.9914448613738104,0.1305261922200517,6,1,0,0
2026-06-28 05:35:00,5.583333333333333,0.9940563382223196,0.10886687485196474,6,1,0,1
2026-06-28 05:40:00,5.666666666666667,0.9961946980917455,0.08715574274765814,6,1,0,0
2026-06-28 05:45:00,5.75,0.9978589232386035,0.06540312923014327,6,1,0,0
2026-06-28 05:50:00,5.833333333333333,0.9990482215818578,0.04361938736533601,6,1,0,0
2026-06-28 05:55:00,5.916666666666667,0.9997620270799091,0.021814885034560937,6,1,0,0
2026-06-28 06:00:00,6.0,1.0,6.123233995736766e-17,6,1,0,1
2026-06-28 06:05:00,6.083333333333333,0.9997620270799091,-0.02181488503456081,6,1,0,0
2026-06-28 06:10:00,6.166666666666667,0.9990482215818578,-0.04361938736533589,6,1,0,1
2026-06-28 06:15:00,6.25,0.9978589232386035,-0.06540312923014314,6,1,0,1
2026-06-28 06:20:00,6.333333333333333,0.9961946980917455,-0.08715574274765801,6,1,0,0
2026-06-28 06:25:00,6.416666666666667,0.9940563382223196,-0.10886687485196461,6,1,0,0
2026-06-28 06:30:00,6.5,0.9914448613738104,-0.1305261922200516,6,1,0,0
2026-06-28 06:35:00,6.583333333333333,0.9883615104677607,-0.1521233861899167,6,1,0,1
2026-06-28 06:40:00,6.666666666666667,0.984807753012208,-0.1736481776669303,6,1,0,0
2026-06-28 06:45:00,6.75,0.9807852804032304,-0.1950903220161282,6,1,0,0
2026-06-28 06:50:00,6.833333333333333,0.9762960071199334,-0.2164396139381028,6,1,0,1
2026-06-28 06:55:00,6.916666666666667,0.9713420698132614,-0.23768589232617318,6,1,0,0
2026-06-28 07:00:00,7.0,0.9659258262890683,-0.25881904510252063,6,1,0,1
2026-06-28 07:05:00,7.083333333333333,0.9600498543859287,-0.2798290140309919,6,1,0,0
2026-06-28 07:10:00,7.166666666666667,0.9537169507482269,-0.30070579950427295,6,1,0,0
2026-06-28 07:15:00,7.25,0.9469301294951057,-0.3214394653031616,6,1,0,0
2026-06-28 07:20:00,7.333333333333333,0.9396926207859084,-0.3420201433256685,6,1,0,1
2026-06-28 07:25:00,7.416666666666667,0.9320078692827986,-0.3624380382837016,6,1,0,0
2026-06-28 07:30:00,7.5,0.9238795325112868,-0.3826834323650895,6,1,0,1
2026-06-28 07:35:00,7.583333333333333,0.9153114791194472,-0.40274668985873713,6,1,0,1
2026-06-28 07:40:00,7.666666666666667,0.90630778703665,-0.42261826174069933,6,1,0,0
2026-06-28 07:45:00,7.75,0.8968727415326884,-0.44228869021900113,6,1,0,1
2026-06-28 07:50:00,7.833333333333333,0.8870108331782218,-0.4617486132350338,6,1,0,0
2026-06-28 07:55:00,7.916666666666667,0.8767267557075076,-0.48098876891938785,6,1,0,0
2026-06-28 08:00:00,8.0,0.8660254037844387,-0.4999999999999998,6,1,0,0
2026-06-28 08:05:00,8.083333333333334,0.8549118706729465,-0.5187732581605216,6,1,0,1
2026-06-28 08:10:00,8.166666666666666,0.8433914458128858,-0.5372996083468236,6,1,0,0
2026-06-28 08:15:00,8.25,0.8314696123025451,-0.5555702330196023,6,1,0,0
2026-06-28 08:20:00,8.333333333333334,0.8191520442889917,-0.5735764363510462,6,1,0,0
2026-06-28 08:25:00,8.416666666666666,0.8064446042674828,-0.5913096483635821,6,1,0,0
2026-06-28 08:30:00,8.5,0.7933533402912352,-0.6087614290087207,6,1,0,0
2026-06-28 08:35:00,8.583333333333334,0.7798844830928817,-0.6259234721840591,6,1,0,1
2026-06-28 08:40:00,8.666666666666666,0.7660444431189783,-0.642787609686539,6,1,0,1
2026-06-28 08:45:00,8.75,0.7518398074789774,-0.6593458151000688,6,1,0,0
2026-06-28 08:50:00,8.833333333333334,0.7372773368101241,-0.6755902076156602,6,1,0,1
2026-06-28 08:55:00,8.916666666666666,0.7223639620597556,-0.6915130557822693,6,1,0,0
2026-06-28 09:00:00,9.0,0.7071067811865476,-0.7071067811865475,6,1,0,1
2026-06-28 09:05:00,9.083333333333334,0.6915130557822694,-0.7223639620597555,6,1,0,0
2026-06-28 09:10:00,9.166666666666666,0.6755902076156604,-0.737277336810124,6,1,0,0
2026-06-28 09:15:00,9.25,0.659345815100069,-0.7518398074789773,6,1,0,0
2026-06-28 09:20:00,9.333333333333334,0.6427876096865391,-0.7660444431189782,6,1,0,1
2026-06-28 09:25:00,9.416666666666666,0.6259234721840592,-0.7798844830928817,6,1,0,0
2026-06-28 09:30:00,9.5,0.6087614290087209,-0.793353340291235,6,1,0,0
2026-06-28 09:35:00,9.583333333333334,0.5913096483635822,-0.8064446042674827,6,1,0,0
2026-06-28 09:40:00,9.666666666666666,0.5735764363510464,-0.8191520442889916,6,1,0,0
2026-06-28 09:45:00,9.75,0.5555702330196025,-0.831469612302545,6,1,0,0
2026-06-28 09:50:00,9.833333333333334,0.5372996083468238,-0.8433914458128857,6,1,0,1
2026-06-28 09:55:00,9.916666666666666,0.5187732581605218,-0.8549118706729464,6,1,0,1
2026-06-28 10:00:00,10.0,0.49999999999999994,-0.8660254037844387,6,1,0,0
2026-06-28 10:05:00,10.083333333333334,0.48098876891938763,-0.8767267557075077,6,1,0,1
2026-06-28 10:10:00,10.166666666666666,0.4617486132350339,-0.8870108331782217,6,1,0,0
2026-06-28 10:15:00,10.25,0.4422886902190017,-0.8968727415326881,6,1,0,1
2026-06-28 10:20:00,10.333333333333334,0.4226182617406995,-0.9063077870366499,6,1,0,1
2026-06-28 10:25:00,10.416666666666666,0.4027466898587373,-0.9153114791194471,6,1,0,0
2026-06-28 10:30:00,10.5,0.3826834323650899,-0.9238795325112867,6,1,0,1
2026-06-28 10:35:00,10.583333333333334,0.36243803828370136,-0.9320078692827987,6,1,0,0
2026-06-28 10:40:00,10.666666666666666,0.3420201433256689,-0.9396926207859083,6,1,0,0
2026-06-28 10:45:00,10.75,0.32143946530316175,-0.9469301294951056,6,1,0,1
2026-06-28 10:50:00,10.833333333333334,0.30070579950427334,-0.9537169507482268,6,1,0,0
2026-06-28 10:55:00,10.916666666666666,0.2798290140309927,-0.9600498543859285,6,1,0,0
2026-06-28 11:00:00,11.0,0.258819045102521,-0.9659258262890682,6,1,0,0
2026-06-28 11:05:00,11.083333333333334,0.23768589232617293,-0.9713420698132614,6,1,0,1
2026-06-28 11:10:00,11.166666666666666,0.21643961393810318,-0.9762960071199333,6,1,0,0
2026-06-28 11:15:00,11.25,0.19509032201612816,-0.9807852804032304,6,1,0,0
2026-06-28 11:20:00,11.333333333333334,0.17364817766693028,-0.984807753012208,6,1,0,1
2026-06-28 11:25:00,11.416666666666666,0.15212338618991708,-0.9883615104677607,6,1,0,1
2026-06-28 11:30:00,11.5,0.130526192220052,-0.9914448613738104,6,1,0,0
2026-06-28 11:35:00,11.583333333333334,0.10886687485196457,-0.9940563382223196,6,1,0,0
2026-06-28 11:40:00,11.666666666666666,0.0871557427476582,-0.9961946980917455,6,1,0,0
2026-06-28 11:45:00,11.75,0.06540312923014312,-0.9978589232386035,6,1,0,0
2026-06-28 11:50:00,11.833333333333334,0.043619387365335625,-0.9990482215818578,6,1,0,0
2026-06-28 11:55:00,11.916666666666666,0.021814885034561218,-0.9997620270799091,6,1,0,1
2026-06-28 12:00:00,12.0,1.2246467991473532e-16,-1.0,6,1,0,0
2026-06-28 12:05:00,12.083333333333334,-0.021814885034560975,-0.9997620270799091,6,1,0,0
2026-06-28 12:10:00,12.166666666666666,-0.04361938736533538,-0.9990482215818578,6,1,0,0
2026-06-28 12:15:00,12.25,-0.06540312923014287,-0.9978589232386035,6,1,0,1
2026-06-28 12:20:00,12.333333333333334,-0.08715574274765794,-0.9961946980917455,6,1,0,0
2026-06-28 12:25:00,12.416666666666666,-0.10886687485196432,-0.9940563382223196,6,1,0,1
2026-06-28 12:30:00,12.5,-0.13052619222005177,-0.9914448613738104,6,1,0,0
2026-06-28 12:35:00,12.583333333333334,-0.15212338618991683,-0.9883615104677607,6,1,0,0
2026-06-28 12:40:00,12.666666666666666,-0.17364817766693003,-0.9848077530122081,6,1,0,0
2026-06-28 12:45:00,12.75,-0.19509032201612792,-0.9807852804032305,6,1,0,0
2026-06-28 12:50:00,12.833333333333334,-0.21643961393810293,-0.9762960071199334,6,1,0,0
2026-06-28 12:55:00,12.916666666666666,-0.2376858923261727,-0.9713420698132615,6,1,0,0
2026-06-28 13:00:00,13.0,-0.2588190451025208,-0.9659258262890683,6,1,0,0
2026-06-28 13:05:00,13.083333333333334,-0.2798290140309925,-0.9600498543859286,6,1,0,1
2026-06-28 13:10:00,13.166666666666666,-0.30070579950427306,-0.9537169507482269,6,1,0,0
2026-06-28 13:15:00,13.25,-0.32143946530316153,-0.9469301294951057,6,1,0,1
2026-06-28 13:20:00,13.333333333333334,-0.34202014332566866,-0.9396926207859084,6,1,0,0
2026-06-28 13:25:00,13.416666666666666,-0.36243803828370114,-0.9320078692827987,6,1,0,0
2026-06-28 13:30:00,13.5,-0.38268343236508967,-0.9238795325112868,6,1,0,0
2026-06-28 13:35:00,13.583333333333334,-0.4027466898587371,-0.9153114791194472,6,1,0,0
2026-06-28 13:40:00,13.666666666666666,-0.4226182617406993,-0.90630778703665,6,1,0,0
2026-06-28 13:45:00,13.75,-0.44228869021900147,-0.8968727415326883,6,1,0,0
2026-06-28 13:50:00,13.833333333333334,-0.46174861323503413,-0.8870108331782216,6,1,0,0
2026-06-28 13:55:00,13.916666666666666,-0.4809887689193874,-0.8767267557075078,6,1,0,0
2026-06-28 14:00:00,14.0,-0.4999999999999997,-0.8660254037844388,6,1,0,0
2026-06-28 14:05:00,14.083333333333334,-0.5187732581605216,-0.8549118706729465,6,1,0,1
2026-06-28 14:10:00,14.166666666666666,-0.5372996083468236,-0.8433914458128858,6,1,0,1
2026-06-28 14:15:00,14.25,-0.555570233019602,-0.8314696123025455,6,1,0,1
2026-06-28 14:20:00,14.333333333333334,-0.5735764363510458,-0.819152044288992,6,1,0,1
2026-06-28 14:25:00,14.416666666666666,-0.5913096483635824,-0.8064446042674825,6,1,0,0
2026-06-28 14:30:00,14.5,-0.6087614290087207,-0.7933533402912352,6,1,0,0
2026-06-28 14:35:00,14.583333333333334,-0.6259234721840591,-0.7798844830928818,6,1,0,1
2026-06-28 14:40:00,14.666666666666666,-0.6427876096865389,-0.7660444431189783,6,1,0,0
2026-06-28 14:45:00,14.75,-0.6593458151000688,-0.7518398074789774,6,1,0,0
2026-06-28 14:50:00,14.833333333333334,-0.6755902076156601,-0.7372773368101241,6,1,0,0
2026-06-28 14:55:00,14.916666666666666,-0.691513055782269,-0.722363962059756,6,1,0,0
2026-06-28 15:00:00,15.0,-0.7071067811865471,-0.7071067811865479,6,1,0,0
2026-06-28 15:05:00,15.083333333333334,-0.7223639620597557,-0.6915130557822692,6,1,0,1
2026-06-28 15:10:00,15.166666666666666,-0.7372773368101239,-0.6755902076156604,6,1,0,0
2026-06-28 15:15:00,15.25,-0.7518398074789773,-0.6593458151000691,6,1,0,0
2026-06-28 15:20:00,15.333333333333334,-0.7660444431189779,-0.6427876096865395,6,1,0,1
2026-06-28 15:25:00,15.416666666666666,-0.7798844830928814,-0.6259234721840596,6,1,0,0
2026-06-28 15:30:00,15.5,-0.7933533402912349,-0.6087614290087209,6,1,0,0
2026-06-28 15:35:00,15.583333333333334,-0.8064446042674827,-0.5913096483635822,6,1,0,0
2026-06-28 15:40:00,15.666666666666666,-0.8191520442889916,-0.5735764363510464,6,1,0,1
2026-06-28 15:45:00,15.75,-0.8314696123025452,-0.5555702330196022,6,1,0,1
2026-06-28 15:50:00,15.833333333333334,-0.8433914458128859,-0.5372996083468234,6,1,0,0
2026-06-28 15:55:00,15.916666666666666,-0.8549118706729466,-0.5187732581605214,6,1,0,1
2026-06-28 16:00:00,16.0,-0.8660254037844385,-0.5000000000000004,6,1,0,0
2026-06-28 16:05:00,16.083333333333332,-0.8767267557075072,-0.48098876891938847,6,1,0,1
2026-06-28 16:10:00,16.166666666666668,-0.8870108331782218,-0.4617486132350336,6,1,0,1
2026-06-28 16:15:00,16.25,-0.8968727415326883,-0.44228869021900136,6,1,0,1
2026-06-28 16:20:00,16.333333333333332,-0.9063077870366497,-0.42261826174069994,6,1,0,0
2026-06-28 16:25:00,16.416666666666668,-0.9153114791194471,-0.40274668985873735,6,1,0,1
2026-06-28 16:30:00,16.5,-0.9238795325112868,-0.3826834323650895,6,1,0,1
2026-06-28 16:35:00,16.583333333333332,-0.9320078692827984,-0.3624380382837018,6,1,0,0
2026-06-28 16:40:00,16.666666666666668,-0.9396926207859084,-0.34202014332566855,6,1,0,1
2026-06-28 16:45:00,16.75,-0.9469301294951056,-0.3214394653031618,6,1,0,0
2026-06-28 16:50:00,16.833333333333332,-0.9537169507482267,-0.3007057995042738,6,1,0,1
2026-06-28 16:55:00,16.916666666666668,-0.9600498543859286,-0.27982901403099236,6,1,0,0
2026-06-28 17:00:00,17.0,-0.9659258262890683,-0.25881904510252063,6,1,0,1
2026-06-28 17:05:00,17.083333333333332,-0.9713420698132613,-0.23768589232617343,6,1,0,0
2026-06-28 17:10:00,17.166666666666668,-0.9762960071199334,-0.21643961393810282,6,1,0,0
2026-06-28 17:15:00,17.25,-0.9807852804032303,-0.19509032201612866,6,1,0,0
2026-06-28 17:20:00,17.333333333333332,-0.9848077530122079,-0.1736481776669312,6,1,0,0
2026-06-28 17:25:00,17.416666666666668,-0.9883615104677608,-0.15212338618991628,6,1,0,0
2026-06-28 17:30:00,17.5,-0.9914448613738104,-0.13052619222005163,6,1,0,0
2026-06-28 17:35:00,17.583333333333332,-0.9940563382223195,-0.10886687485196507,6,1,0,0
2026-06-28 17:40:00,17.666666666666668,-0.9961946980917455,-0.08715574274765825,6,1,0,0
2026-06-28 17:45:00,17.75,-0.9978589232386035,-0.06540312923014273,6,1,0,0
2026-06-28 17:50:00,17.833333333333332,-0.9990482215818578,-0.04361938736533613,6,1,0,1
2026-06-28 17:55:00,17.916666666666668,-0.9997620270799091,-0.021814885034560836,6,1,0,0
2026-06-28 18:00:00,18.0,-1.0,-1.8369701987210297e-16,6,1,0,1
2026-06-28 18:05:00,18.083333333333332,-0.9997620270799091,0.021814885034560468,6,1,0,1
2026-06-28 18:10:00,18.166666666666668,-0.9990482215818578,0.043619387365335764,6,1,0,0
2026-06-28 18:15:00,18.25,-0.9978589232386036,0.06540312923014237,6,1,0,0
2026-06-28 18:20:00,18.333333333333332,-0.9961946980917455,0.08715574274765789,6,1,0,1
2026-06-28 18:25:00,18.416666666666668,-0.9940563382223196,0.10886687485196471,6,1,0,0
2026-06-28 18:30:00,18.5,-0.9914448613738105,0.13052619222005127,6,1,0,0
2026-06-28 18:35:00,18.583333333333332,-0.9883615104677609,0.15212338618991592,6,1,0,0
2026-06-28 18:40:00,18.666666666666668,-0.984807753012208,0.17364817766693083,6,1,0,1
2026-06-28 18:45:00,18.75,-0.9807852804032304,0.1950903220161283,6,1,0,0
2026-06-28 18:50:00,18.833333333333332,-0.9762960071199335,0.21643961393810246,6,1,0,0
2026-06-28 18:55:00,18.916666666666668,-0.9713420698132614,0.23768589232617307,6,1,0,1
2026-06-28 19:00:00,19.0,-0.9659258262890684,0.2588190451025203,6,1,0,1
2026-06-28 19:05:00,19.083333333333332,-0.9600498543859287,0.279829014030992,6,1,0,0
2026-06-28 19:10:00,19.166666666666668,-0.9537169507482268,0.30070579950427345,6,1,0,0
2026-06-28 19:15:00,19.25,-0.9469301294951057,0.3214394653031615,6,1,0,1
2026-06-28 19:20:00,19.333333333333332,-0.9396926207859085,0.34202014332566816,6,1,0,0
2026-06-28 19:25:00,19.416666666666668,-0.9320078692827986,0.36243803828370147,6,1,0,0
2026-06-28 19:30:00,19.5,-0.923879532511287,0.38268343236508917,6,1,0,0
2026-06-28 19:35:00,19.583333333333332,-0.9153114791194472,0.402746689858737,6,1,0,1
2026-06-28 19:40:00,19.666666666666668,-0.9063077870366498,0.4226182617406996,6,1,0,0
2026-06-28 19:45:00,19.75,-0.8968727415326884,0.442288690219001,6,1,0,1
2026-06-28 19:50:00,19.833333333333332,-0.887010833178222,0.46174861323503325,6,1,0,1
2026-06-28 19:55:00,19.916666666666668,-0.8767267557075075,0.48098876891938813,6,1,0,0
2026-06-28 20:00:00,20.0,-0.8660254037844386,0.5000000000000001,6,1,0,0
2026-06-28 20:05:00,20.083333333333332,-0.8549118706729468,0.5187732581605211,6,1,0,0
2026-06-28 20:10:00,20.166666666666668,-0.8433914458128857,0.5372996083468239,6,1,0,0
2026-06-28 20:15:00,20.25,-0.8314696123025455,0.5555702330196018,6,1,0,0
2026-06-28 20:20:00,20.333333333333332,-0.8191520442889918,0.573576436351046,6,1,0,1
2026-06-28 20:25:00,20.416666666666668,-0.8064446042674829,0.591309648363582,6,1,0,0
2026-06-28 20:30:00,20.5,-0.7933533402912357,0.6087614290087199,6,1,0,1
2026-06-28 20:35:00,20.583333333333332,-0.7798844830928816,0.6259234721840593,6,1,0,0
2026-06-28 20:40:00,20.666666666666668,-0.7660444431189781,0.6427876096865393,6,1,0,0
2026-06-28 20:45:00,20.75,-0.7518398074789772,0.6593458151000691,6,1,0,0
2026-06-28 20:50:00,20.833333333333332,-0.7372773368101242,0.6755902076156601,6,1,0,0
2026-06-28 20:55:00,20.916666666666668,-0.7223639620597554,0.6915130557822695,6,1,0,1
2026-06-28 21:00:00,21.0,-0.7071067811865477,0.7071067811865474,6,1,0,0
2026-06-28 21:05:00,21.083333333333332,-0.6915130557822698,0.7223639620597551,6,1,0,0
2026-06-28 21:10:00,21.166666666666668,-0.6755902076156598,0.7372773368101244,6,1,0,0
2026-06-28 21:15:00,21.25,-0.6593458151000687,0.7518398074789775,6,1,0,0
2026-06-28 21:20:00,21.333333333333332,-0.6427876096865396,0.7660444431189778,6,1,0,0
2026-06-28 21:25:00,21.416666666666668,-0.625923472184059,0.7798844830928818,6,1,0,0
2026-06-28 21:30:00,21.5,-0.608761429008721,0.7933533402912349,6,1,0,1
2026-06-28 21:35:00,21.583333333333332,-0.591309648363583,0.8064446042674821,6,1,0,0
2026-06-28 21:40:00,21.666666666666668,-0.5735764363510465,0.8191520442889916,6,1,0,1
2026-06-28 21:45:00,21.75,-0.555570233019603,0.8314696123025447,6,1,0,0
2026-06-28 21:50:00,21.833333333333332,-0.537299608346825,0.8433914458128849,6,1,0,0
2026-06-28 21:55:00,21.916666666666668,-0.5187732581605214,0.8549118706729466,6,1,0,0
2026-06-28 22:00:00,22.0,-0.5000000000000004,0.8660254037844384,6,1,0,0
2026-06-28 22:05:00,22.083333333333332,-0.48098876891938774,0.8767267557075077,6,1,0,0
2026-06-28 22:10:00,22.166666666666668,-0.46174861323503363,0.8870108331782218,6,1,0,0
2026-06-28 22:15:00,22.25,-0.4422886902190014,0.8968727415326883,6,1,0,0
2026-06-28 22:20:00,22.333333333333332,-0.4226182617407,0.9063077870366497,6,1,0,0
2026-06-28 22:25:00,22.416666666666668,-0.40274668985873663,0.9153114791194474,6,1,0,0
2026-06-28 22:30:00,22.5,-0.38268343236508956,0.9238795325112868,6,1,0,1
2026-06-28 22:35:00,22.583333333333332,-0.36243803828370186,0.9320078692827984,6,1,0,0
2026-06-28 22:40:00,22.666666666666668,-0.3420201433256686,0.9396926207859084,6,1,0,0
2026-06-28 22:45:00,22.75,-0.32143946530316186,0.9469301294951056,6,1,0,0
2026-06-28 22:50:00,22.833333333333332,-0.30070579950427384,0.9537169507482267,6,1,0,0
2026-06-28 22:55:00,22.916666666666668,-0.2798290140309924,0.9600498543859286,6,1,0,0
2026-06-28 23:00:00,23.0,-0.25881904510252157,0.9659258262890681,6,1,0,0
2026-06-28 23:05:00,23.083333333333332,-0.23768589232617435,0.9713420698132611,6,1,0,0
2026-06-28 23:10:00,23.166666666666668,-0.21643961393810288,0.9762960071199334,6,1,0,0
2026-06-28 23:15:00,23.25,-0.19509032201612872,0.9807852804032303,6,1,0,0
2026-06-28 23:20:00,23.333333333333332,-0.1736481776669304,0.984807753012208,6,1,0,0
2026-06-28 23:25:00,23.416666666666668,-0.1521233861899172,0.9883615104677607,6,1,0,0
2026-06-28 23:30:00,23.5,-0.13052619222005168,0.9914448613738104,6,1,0,0
2026-06-28 23:35:00,23.583333333333332,-0.10886687485196514,0.9940563382223195,6,1,0,0
2026-06-28 23:40:00,23.666666666666668,-0.08715574274765743,0.9961946980917455,6,1,0,1
2026-06-28 23:45:00,23.75,-0.0654031292301428,0.9978589232386035,6,1,0,0
2026-06-28 23:50:00,23.833333333333332,-0.043619387365336194,0.9990482215818578,6,1,0,0
2026-06-28 23:55:00,23.916666666666668,-0.0218148850345609,0.9997620270799091,6,1,0,0
2026-06-29 00:00:00,0.0,0.0,1.0,0,0,0,0
2026-06-29 00:05:00,0.08333333333333333,0.02181488503456112,0.9997620270799091,0,0,0,0
2026-06-29 00:10:00,0.16666666666666666,0.043619387365336,0.9990482215818578,0,0,0,0
2026-06-29 00:15:00,0.25,0.06540312923014306,0.9978589232386035,0,0,0,0
2026-06-29 00:20:00,0.3333333333333333,0.08715574274765817,0.9961946980917455,0,0,0,0
2026-06-29 00:25:00,0.4166666666666667,0.10886687485196457,0.9940563382223196,0,0,0,0
2026-06-29 00:30:00,0.5,0.13052619222005157,0.9914448613738104,0,0,0,0
2026-06-29 00:35:00,0.5833333333333334,0.15212338618991672,0.9883615104677607,0,0,0,0
2026-06-29 00:40:00,0.6666666666666666,0.17364817766693033,0.984807753012208,0,0,0,0
2026-06-29 00:45:00,0.75,0.19509032201612825,0.9807852804032304,0,0,0,0
2026-06-29 00:50:00,0.8333333333333334,0.21643961393810288,0.9762960071199334,0,0,0,0
2026-06-29 00:55:00,0.9166666666666666,0.23768589232617307,0.9713420698132614,0,0,0,0
2026-06-29 01:00:00,1.0,0.25881904510252074,0.9659258262890683,0,0,0,0
2026-06-29 01:05:00,1.0833333333333333,0.27982901403099203,0.9600498543859287,0,0,0,0
2026-06-29 01:10:00,1.1666666666666667,0.3007057995042732,0.9537169507482269,0,0,0,0
2026-06-29 01:15:00,1.25,0.3214394653031616,0.9469301294951057,0,0,0,0
2026-06-29 01:20:00,1.3333333333333333,0.3420201433256687,0.9396926207859084,0,0,0,0
2026-06-29 01:25:00,1.4166666666666667,0.36243803828370164,0.9320078692827986,0,0,0,0
2026-06-29 01:30:00,1.5,0.3826834323650898,0.9238795325112867,0,0,0,0
2026-06-29 01:35:00,1.5833333333333335,0.40274668985873724,0.9153114791194471,0,0,0,0
2026-06-29 01:40:00,1.6666666666666665,0.4226182617406994,0.9063077870366499,0,0,0,0
2026-06-29 01:45:00,1.75,0.44228869021900125,0.8968727415326884,0,0,0,0
2026-06-29 01:50:00,1.8333333333333335,0.46174861323503397,0.8870108331782217,0,0,0,0
2026-06-29 01:55:00,1.9166666666666665,0.48098876891938763,0.8767267557075077,0,0,0,0
2026-06-29 02:00:00,2.0,0.49999999999999994,0.8660254037844387,0,0,0,0
2026-06-29 02:05:00,2.0833333333333335,0.5187732581605214,0.8549118706729466,0,0,0,0
2026-06-29 02:10:00,2.1666666666666665,0.5372996083468238,0.8433914458128857,0,0,0,0
2026-06-29 02:15:00,2.25,0.5555702330196022,0.8314696123025452,0,0,0,0
2026-06-29 02:20:00,2.3333333333333335,0.5735764363510462,0.8191520442889918,0,0,0,0
2026-06-29 02:25:00,2.4166666666666665,0.5913096483635824,0.8064446042674827,0,0,0,0
2026-06-29 02:30:00,2.5,0.6087614290087207,0.7933533402912352,0,0,0,0
2026-06-29 02:35:00,2.5833333333333335,0.6259234721840591,0.7798844830928818,0,0,0,0
2026-06-29 02:40:00,2.6666666666666665,0.6427876096865393,0.766044443118978,0,0,0,0
2026-06-29 02:45:00,2.75,0.6593458151000688,0.7518398074789774,0,0,0,0
2026-06-29 02:50:00,2.8333333333333335,0.6755902076156602,0.7372773368101241,0,0,0,0
2026-06-29 02:55:00,2.9166666666666665,0.6915130557822694,0.7223639620597556,0,0,0,0
2026-06-29 03:00:00,3.0,0.7071067811865476,0.7071067811865476,0,0,0,0
2026-06-29 03:05:00,3.0833333333333335,0.7223639620597555,0.6915130557822694,0,0,0,0
2026-06-29 03:10:00,3.1666666666666665,0.737277336810124,0.6755902076156602,0,0,0,0
2026-06-29 03:15:00,3.25,0.7518398074789774,0.6593458151000688,0,0,0,0
2026-06-29 03:20:00,3.3333333333333335,0.766044443118978,0.6427876096865394,0,0,0,0
2026-06-29 03:25:00,3.4166666666666665,0.7798844830928817,0.6259234721840591,0,0,0,0
2026-06-29 03:30:00,3.5,0.7933533402912352,0.6087614290087207,0,0,0,0
2026-06-29 03:35:00,3.5833333333333335,0.8064446042674825,0.5913096483635825,0,0,0,0
2026-06-29 03:40:00,3.6666666666666665,0.8191520442889917,0.5735764363510462,0,0,0,0
2026-06-29 03:45:00,3.75,0.8314696123025451,0.5555702330196024,0,0,0,0
2026-06-29 03:50:00,3.8333333333333335,0.8433914458128856,0.5372996083468239,0,0,0,0
2026-06-29 03:55:00,3.9166666666666665,0.8549118706729466,0.5187732581605216,0,0,0,0
2026-06-29 04:00:00,4.0,0.8660254037844386,0.5000000000000001,0,0,0,0
2026-06-29 04:05:00,4.083333333333333,0.8767267557075077,0.48098876891938774,0,0,0,0
2026-06-29 04:10:00,4.166666666666667,0.8870108331782217,0.46174861323503386,0,0,0,0
2026-06-29 04:15:00,4.25,0.8968727415326884,0.44228869021900125,0,0,0,0
2026-06-29 04:20:00,4.333333333333333,0.9063077870366498,0.4226182617406996,0,0,0,0
2026-06-29 04:25:00,4.416666666666667,0.9153114791194471,0.40274668985873724,0,0,0,0
2026-06-29 04:30:00,4.5,0.9238795325112867,0.38268343236508984,0,0,0,0
2026-06-29 04:35:00,4.583333333333333,0.9320078692827984,0.3624380382837017,0,0,0,0
2026-06-29 04:40:00,4.666666666666667,0.9396926207859084,0.3420201433256686,0,0,0,0
2026-06-29 04:45:00,4.75,0.9469301294951056,0.3214394653031617,0,0,0,0
2026-06-29 04:50:00,4.833333333333333,0.9537169507482268,0.3007057995042733,0,0,0,0
2026-06-29 04:55:00,4.916666666666667,0.9600498543859287,0.27982901403099203,0,0,0,0
2026-06-29 05:00:00,5.0,0.9659258262890683,0.25881904510252074,0,0,0,0
2026-06-29 05:05:00,5.083333333333333,0.9713420698132614,0.2376858923261731,0,0,0,0
2026-06-29 05:10:00,5.166666666666667,0.9762960071199334,0.2164396139381029,0,0,0,0
2026-06-29 05:15:00,5.25,0.9807852804032304,0.19509032201612833,0,0,0,0
2026-06-29 05:20:00,5.333333333333333,0.984807753012208,0.17364817766693041,0,0,0,0
2026-06-29 05:25:00,5.416666666666667,0.9883615104677607,0.1521233861899168,0,0,0,0
2026-06-29 05:30:00,5.5,0.9914448613738104,0.1305261922200517,0,0,0,0
2026-06-29 05:35:00,5.583333333333333,0.9940563382223196,0.10886687485196474,0,0,0,0
2026-06-29 05:40:00,5.666666666666667,0.9961946980917455,0.08715574274765814,0,0,0,0
2026-06-29 05:45:00,5.75,0.9978589232386035,0.06540312923014327,0,0,0,0
2026-06-29 05:50:00,5.833333333333333,0.9990482215818578,0.04361938736533601,0,0,0,0
2026-06-29 05:55:00,5.916666666666667,0.9997620270799091,0.021814885034560937,0,0,0,0
2026-06-29 06:00:00,6.0,1.0,6.123233995736766e-17,0,0,0,0
2026-06-29 06:05:00,6.083333333333333,0.9997620270799091,-0.02181488503456081,0,0,0,0
2026-06-29 06:10:00,6.166666666666667,0.9990482215818578,-0.04361938736533589,0,0,0,0
2026-06-29 06:15:00,6.25,0.9978589232386035,-0.06540312923014314,0,0,0,0
2026-06-29 06:20:00,6.333333333333333,0.9961946980917455,-0.08715574274765801,0,0,0,0
2026-06-29 06:25:00,6.416666666666667,0.9940563382223196,-0.10886687485196461,0,0,0,0
2026-06-29 06:30:00,6.5,0.9914448613738104,-0.1305261922200516,0,0,0,0
2026-06-29 06:35:00,6.583333333333333,0.9883615104677607,-0.1521233861899167,0,0,0,0
2026-06-29 06:40:00,6.666666666666667,0.984807753012208,-0.1736481776669303,0,0,0,0
2026-06-29 06:45:00,6.75,0.9807852804032304,-0.1950903220161282,0,0,0,0
2026-06-29 06:50:00,6.833333333333333,0.9762960071199334,-0.2164396139381028,0,0,0,0
2026-06-29 06:55:00,6.916666666666667,0.9713420698132614,-0.23768589232617318,0,0,0,0
2026-06-29 07:00:00,7.0,0.9659258262890683,-0.25881904510252063,0,0,0,0
2026-06-29 07:05:00,7.083333333333333,0.9600498543859287,-0.2798290140309919,0,0,0,0
2026-06-29 07:10:00,7.166666666666667,0.9537169507482269,-0.30070579950427295,0,0,0,0
2026-06-29 07:15:00,7.25,0.9469301294951057,-0.3214394653031616,0,0,0,0
2026-06-29 07:20:00,7.333333333333333,0.9396926207859084,-0.3420201433256685,0,0,0,0
2026-06-29 07:25:00,7.416666666666667,0.9320078692827986,-0.3624380382837016,0,0,0,0
2026-06-29 07:30:00,7.5,0.9238795325112868,-0.3826834323650895,0,0,0,0
2026-06-29 07:35:00,7.583333333333333,0.9153114791194472,-0.40274668985873713,0,0,0,0
2026-06-29 07:40:00,7.666666666666667,0.90630778703665,-0.42261826174069933,0,0,0,0
2026-06-29 07:45:00,7.75,0.8968727415326884,-0.44228869021900113,0,0,0,0
2026-06-29 07:50:00,7.833333333333333,0.8870108331782218,-0.4617486132350338,0,0,0,0
2026-06-29 07:55:00,7.916666666666667,0.8767267557075076,-0.48098876891938785,0,0,0,0
2026-06-29 08:00:00,8.0,0.8660254037844387,-0.4999999999999998,0,0,0,0
2026-06-29 08:05:00,8.083333333333334,0.8549118706729465,-0.5187732581605216,0,0,0,0
2026-06-29 08:10:00,8.166666666666666,0.8433914458128858,-0.5372996083468236,0,0,0,0
2026-06-29 08:15:00,8.25,0.8314696123025451,-0.5555702330196023,0,0,0,0
2026-06-29 08:20:00,8.333333333333334,0.8191520442889917,-0.5735764363510462,0,0,0,0
2026-06-29 08:25:00,8.416666666666666,0.8064446042674828,-0.5913096483635821,0,0,0,0
2026-06-29 08:30:00,8.5,0.7933533402912352,-0.6087614290087207,0,0,0,0
2026-06-29 08:35:00,8.583333333333334,0.7798844830928817,-0.6259234721840591,0,0,0,0
2026-06-29 08:40:00,8.666666666666666,0.7660444431189783,-0.642787609686539,0,0,0,0
2026-06-29 08:45:00,8.75,0.7518398074789774,-0.6593458151000688,0,0,0,0
2026-06-29 08:50:00,8.833333333333334,0.7372773368101241,-0.6755902076156602,0,0,0,0
2026-06-29 08:55:00,8.916666666666666,0.7223639620597556,-0.6915130557822693,0,0,0,0
2026-06-29 09:00:00,9.0,0.7071067811865476,-0.7071067811865475,0,0,0,0
2026-06-29 09:05:00,9.083333333333334,0.6915130557822694,-0.7223639620597555,0,0,0,0
2026-06-29 09:10:00,9.166666666666666,0.6755902076156604,-0.737277336810124,0,0,0,0
2026-06-29 09:15:00,9.25,0.659345815100069,-0.7518398074789773,0,0,0,0
2026-06-29 09:20:00,9.333333333333334,0.6427876096865391,-0.7660444431189782,0,0,0,0
2026-06-29 09:25:00,9.416666666666666,0.6259234721840592,-0.7798844830928817,0,0,0,0
2026-06-29 09:30:00,9.5,0.6087614290087209,-0.793353340291235,0,0,0,0
2026-06-29 09:35:00,9.583333333333334,0.5913096483635822,-0.8064446042674827,0,0,0,0
2026-06-29 09:40:00,9.666666666666666,0.5735764363510464,-0.8191520442889916,0,0,0,0
2026-06-29 09:45:00,9.75,0.5555702330196025,-0.831469612302545,0,0,0,0
2026-06-29 09:50:00,9.833333333333334,0.5372996083468238,-0.8433914458128857,0,0,0,0
2026-06-29 09:55:00,9.916666666666666,0.5187732581605218,-0.8549118706729464,0,0,0,0
2026-06-29 10:00:00,10.0,0.49999999999999994,-0.8660254037844387,0,0,0,0
2026-06-29 10:05:00,10.083333333333334,0.48098876891938763,-0.8767267557075077,0,0,0,0
2026-06-29 10:10:00,10.166666666666666,0.4617486132350339,-0.8870108331782217,0,0,0,0
2026-06-29 10:15:00,10.25,0.4422886902190017,-0.8968727415326881,0,0,0,0
2026-06-29 10:20:00,10.333333333333334,0.4226182617406995,-0.9063077870366499,0,0,0,0
2026-06-29 10:25:00,10.416666666666666,0.4027466898587373,-0.9153114791194471,0,0,0,0
2026-06-29 10:30:00,10.5,0.3826834323650899,-0.9238795325112867,0,0,0,0
2026-06-29 10:35:00,10.583333333333334,0.36243803828370136,-0.9320078692827987,0,0,0,0
2026-06-29 10:40:00,10.666666666666666,0.3420201433256689,-0.9396926207859083,0,0,0,0
2026-06-29 10:45:00,10.75,0.32143946530316175,-0.9469301294951056,0,0,0,0
2026-06-29 10:50:00,10.833333333333334,0.30070579950427334,-0.9537169507482268,0,0,0,0
2026-06-29 10:55:00,10.916666666666666,0.2798290140309927,-0.9600498543859285,0,0,0,0
2026-06-29 11:00:00,11.0,0.258819045102521,-0.9659258262890682,0,0,0,0
2026-06-29 11:05:00,11.083333333333334,0.23768589232617293,-0.9713420698132614,0,0,0,0
2026-06-29 11:10:00,11.166666666666666,0.21643961393810318,-0.9762960071199333,0,0,0,0
2026-06-29 11:15:00,11.25,0.19509032201612816,-0.9807852804032304,0,0,0,0
2026-06-29 11:20:00,11.333333333333334,0.17364817766693028,-0.984807753012208,0,0,0,0
2026-06-29 11:25:00,11.416666666666666,0.15212338618991708,-0.9883615104677607,0,0,0,0
2026-06-29 11:30:00,11.5,0.130526192220052,-0.9914448613738104,0,0,0,0
2026-06-29 11:35:00,11.583333333333334,0.10886687485196457,-0.9940563382223196,0,0,0,0
2026-06-29 11:40:00,11.666666666666666,0.0871557427476582,-0.9961946980917455,0,0,0,0
2026-06-29 11:45:00,11.75,0.06540312923014312,-0.9978589232386035,0,0,0,0
2026-06-29 11:50:00,11.833333333333334,0.043619387365335625,-0.9990482215818578,0,0,0,0
2026-06-29 11:55:00,11.916666666666666,0.021814885034561218,-0.9997620270799091,0,0,0,0
2026-06-29 12:00:00,12.0,1.2246467991473532e-16,-1.0,0,0,0,0
2026-06-29 12:05:00,12.083333333333334,-0.021814885034560975,-0.9997620270799091,0,0,0,0
2026-06-29 12:10:00,12.166666666666666,-0.04361938736533538,-0.9990482215818578,0,0,0,0
2026-06-29 12:15:00,12.25,-0.06540312923014287,-0.9978589232386035,0,0,0,0
2026-06-29 12:20:00,12.333333333333334,-0.08715574274765794,-0.9961946980917455,0,0,0,0
2026-06-29 12:25:00,12.416666666666666,-0.10886687485196432,-0.9940563382223196,0,0,0,0
2026-06-29 12:30:00,12.5,-0.13052619222005177,-0.9914448613738104,0,0,0,0
2026-06-29 12:35:00,12.583333333333334,-0.15212338618991683,-0.9883615104677607,0,0,0,0
2026-06-29 12:40:00,12.666666666666666,-0.17364817766693003,-0.9848077530122081,0,0,0,0
2026-06-29 12:45:00,12.75,-0.19509032201612792,-0.9807852804032305,0,0,0,0
2026-06-29 12:50:00,12.833333333333334,-0.21643961393810293,-0.9762960071199334,0,0,0,0
2026-06-29 12:55:00,12.916666666666666,-0.2376858923261727,-0.9713420698132615,0,0,0,0
2026-06-29 13:00:00,13.0,-0.2588190451025208,-0.9659258262890683,0,0,0,0
2026-06-29 13:05:00,13.083333333333334,-0.2798290140309925,-0.9600498543859286,0,0,0,0
2026-06-29 13:10:00,13.166666666666666,-0.30070579950427306,-0.9537169507482269,0,0,0,0
2026-06-29 13:15:00,13.25,-0.32143946530316153,-0.9469301294951057,0,0,0,0
2026-06-29 13:20:00,13.333333333333334,-0.34202014332566866,-0.9396926207859084,0,0,0,0
2026-06-29 13:25:00,13.416666666666666,-0.36243803828370114,-0.9320078692827987,0,0,0,0
2026-06-29 13:30:00,13.5,-0.38268343236508967,-0.9238795325112868,0,0,0,0
2026-06-29 13:35:00,13.583333333333334,-0.4027466898587371,-0.9153114791194472,0,0,0,0
2026-06-29 13:40:00,13.666666666666666,-0.4226182617406993,-0.90630778703665,0,0,0,0
2026-06-29 13:45:00,13.75,-0.44228869021900147,-0.8968727415326883,0,0,0,0
2026-06-29 13:50:00,13.833333333333334,-0.46174861323503413,-0.8870108331782216,0,0,0,0
2026-06-29 13:55:00,13.916666666666666,-0.4809887689193874,-0.8767267557075078,0,0,0,0
2026-06-29 14:00:00,14.0,-0.4999999999999997,-0.8660254037844388,0,0,0,0
2026-06-29 14:05:00,14.083333333333334,-0.5187732581605216,-0.8549118706729465,0,0,0,0
2026-06-29 14:10:00,14.166666666666666,-0.5372996083468236,-0.8433914458128858,0,0,0,0
2026-06-29 14:15:00,14.25,-0.555570233019602,-0.8314696123025455,0,0,0,0
2026-06-29 14:20:00,14.333333333333334,-0.5735764363510458,-0.819152044288992,0,0,0,0
2026-06-29 14:25:00,14.416666666666666,-0.5913096483635824,-0.8064446042674825,0,0,0,0
2026-06-29 14:30:00,14.5,-0.6087614290087207,-0.7933533402912352,0,0,0,0
2026-06-29 14:35:00,14.583333333333334,-0.6259234721840591,-0.7798844830928818,0,0,0,0
2026-06-29 14:40:00,14.666666666666666,-0.6427876096865389,-0.7660444431189783,0,0,0,0
2026-06-29 14:45:00,14.75,-0.6593458151000688,-0.7518398074789774,0,0,0,0
2026-06-29 14:50:00,14.833333333333334,-0.6755902076156601,-0.7372773368101241,0,0,0,0
2026-06-29 14:55:00,14.916666666666666,-0.691513055782269,-0.722363962059756,0,0,0,0
2026-06-29 15:00:00,15.0,-0.7071067811865471,-0.7071067811865479,0,0,0,0
2026-06-29 15:05:00,15.083333333333334,-0.7223639620597557,-0.6915130557822692,0,0,0,0
2026-06-29 15:10:00,15.166666666666666,-0.7372773368101239,-0.6755902076156604,0,0,0,0
2026-06-29 15:15:00,15.25,-0.7518398074789773,-0.6593458151000691,0,0,0,0
2026-06-29 15:20:00,15.333333333333334,-0.7660444431189779,-0.6427876096865395,0,0,0,0
2026-06-29 15:25:00,15.416666666666666,-0.7798844830928814,-0.6259234721840596,0,0,0,0
2026-06-29 15:30:00,15.5,-0.7933533402912349,-0.6087614290087209,0,0,0,0
2026-06-29 15:35:00,15.583333333333334,-0.8064446042674827,-0.5913096483635822,0,0,0,0
2026-06-29 15:40:00,15.666666666666666,-0.8191520442889916,-0.5735764363510464,0,0,0,0
2026-06-29 15:45:00,15.75,-0.8314696123025452,-0.5555702330196022,0,0,0,0
2026-06-29 15:50:00,15.833333333333334,-0.8433914458128859,-0.5372996083468234,0,0,0,0
2026-06-29 15:55:00,15.916666666666666,-0.8549118706729466,-0.5187732581605214,0,0,0,0
2026-06-29 16:00:00,16.0,-0.8660254037844385,-0.5000000000000004,0,0,0,0
2026-06-29 16:05:00,16.083333333333332,-0.8767267557075072,-0.48098876891938847,0,0,0,0
2026-06-29 16:10:00,16.166666666666668,-0.8870108331782218,-0.4617486132350336,0,0,0,0
2026-06-29 16:15:00,16.25,-0.8968727415326883,-0.44228869021900136,0,0,0,0
2026-06-29 16:20:00,16.333333333333332,-0.9063077870366497,-0.42261826174069994,0,0,0,0
2026-06-29 16:25:00,16.416666666666668,-0.9153114791194471,-0.40274668985873735,0,0,0,0
2026-06-29 16:30:00,16.5,-0.9238795325112868,-0.3826834323650895,0,0,0,0
2026-06-29 16:35:00,16.583333333333332,-0.9320078692827984,-0.3624380382837018,0,0,0,0
2026-06-29 16:40:00,16.666666666666668,-0.9396926207859084,-0.34202014332566855,0,0,0,0
2026-06-29 16:45:00,16.75,-0.9469301294951056,-0.3214394653031618,0,0,0,0
2026-06-29 16:50:00,16.833333333333332,-0.9537169507482267,-0.3007057995042738,0,0,0,0
2026-06-29 16:55:00,16.916666666666668,-0.9600498543859286,-0.27982901403099236,0,0,0,0
2026-06-29 17:00:00,17.0,-0.9659258262890683,-0.25881904510252063,0,0,0,0
2026-06-29 17:05:00,17.083333333333332,-0.9713420698132613,-0.23768589232617343,0,0,0,0
2026-06-29 17:10:00,17.166666666666668,-0.9762960071199334,-0.21643961393810282,0,0,0,0
2026-06-29 17:15:00,17.25,-0.9807852804032303,-0.19509032201612866,0,0,0,0
2026-06-29 17:20:00,17.333333333333332,-0.9848077530122079,-0.1736481776669312,0,0,0,0
2026-06-29 17:25:00,17.416666666666668,-0.9883615104677608,-0.15212338618991628,0,0,0,0
2026-06-29 17:30:00,17.5,-0.9914448613738104,-0.13052619222005163,0,0,0,0
2026-06-29 17:35:00,17.583333333333332,-0.9940563382223195,-0.10886687485196507,0,0,0,0
2026-06-29 17:40:00,17.666666666666668,-0.9961946980917455,-0.08715574274765825,0,0,0,0
2026-06-29 17:45:00,17.75,-0.9978589232386035,-0.06540312923014273,0,0,0,0
2026-06-29 17:50:00,17.833333333333332,-0.9990482215818578,-0.04361938736533613,0,0,0,0
2026-06-29 17:55:00,17.916666666666668,-0.9997620270799091,-0.021814885034560836,0,0,0,0
2026-06-29 18:00:00,18.0,-1.0,-1.8369701987210297e-16,0,0,0,0
2026-06-29 18:05:00,18.083333333333332,-0.9997620270799091,0.021814885034560468,0,0,0,0
2026-06-29 18:10:00,18.166666666666668,-0.9990482215818578,0.043619387365335764,0,0,0,0
2026-06-29 18:15:00,18.25,-0.9978589232386036,0.06540312923014237,0,0,0,0
2026-06-29 18:20:00,18.333333333333332,-0.9961946980917455,0.08715574274765789,0,0,0,0
2026-06-29 18:25:00,18.416666666666668,-0.9940563382223196,0.10886687485196471,0,0,0,0
2026-06-29 18:30:00,18.5,-0.9914448613738105,0.13052619222005127,0,0,0,0
2026-06-29 18:35:00,18.583333333333332,-0.9883615104677609,0.15212338618991592,0,0,0,0
2026-06-29 18:40:00,18.666666666666668,-0.984807753012208,0.17364817766693083,0,0,0,0
2026-06-29 18:45:00,18.75,-0.9807852804032304,0.1950903220161283,0,0,0,0
2026-06-29 18:50:00,18.833333333333332,-0.9762960071199335,0.21643961393810246,0,0,0,0
2026-06-29 18:55:00,18.916666666666668,-0.9713420698132614,0.23768589232617307,0,0,0,0
2026-06-29 19:00:00,19.0,-0.9659258262890684,0.2588190451025203,0,0,0,0
2026-06-29 19:05:00,19.083333333333332,-0.9600498543859287,0.279829014030992,0,0,0,0
2026-06-29 19:10:00,19.166666666666668,-0.9537169507482268,0.30070579950427345,0,0,0,0
2026-06-29 19:15:00,19.25,-0.9469301294951057,0.3214394653031615,0,0,0,0
2026-06-29 19:20:00,19.333333333333332,-0.9396926207859085,0.34202014332566816,0,0,0,0
2026-06-29 19:25:00,19.416666666666668,-0.9320078692827986,0.36243803828370147,0,0,0,0
2026-06-29 19:30:00,19.5,-0.923879532511287,0.38268343236508917,0,0,0,0
2026-06-29 19:35:00,19.583333333333332,-0.9153114791194472,0.402746689858737,0,0,0,0
2026-06-29 19:40:00,19.666666666666668,-0.9063077870366498,0.4226182617406996,0,0,0,0
2026-06-29 19:45:00,19.75,-0.8968727415326884,0.442288690219001,0,0,0,0
2026-06-29 19:50:00,19.833333333333332,-0.887010833178222,0.46174861323503325,0,0,0,0
2026-06-29 19:55:00,19.916666666666668,-0.8767267557075075,0.48098876891938813,0,0,0,0
2026-06-29 20:00:00,20.0,-0.8660254037844386,0.5000000000000001,0,0,0,0
2026-06-29 20:05:00,20.083333333333332,-0.8549118706729468,0.5187732581605211,0,0,0,0
2026-06-29 20:10:00,20.166666666666668,-0.8433914458128857,0.5372996083468239,0,0,0,0
2026-06-29 20:15:00,20.25,-0.8314696123025455,0.5555702330196018,0,0,0,0
2026-06-29 20:20:00,20.333333333333332,-0.8191520442889918,0.573576436351046,0,0,0,0
2026-06-29 20:25:00,20.416666666666668,-0.8064446042674829,0.591309648363582,0,0,0,0
2026-06-29 20:30:00,20.5,-0.7933533402912357,0.6087614290087199,0,0,0,0
2026-06-29 20:35:00,20.583333333333332,-0.7798844830928816,0.6259234721840593,0,0,0,0
2026-06-29 20:40:00,20.666666666666668,-0.7660444431189781,0.6427876096865393,0,0,0,0
2026-06-29 20:45:00,20.75,-0.7518398074789772,0.6593458151000691,0,0,0,0
2026-06-29 20:50:00,20.833333333333332,-0.7372773368101242,0.6755902076156601,0,0,0,0
2026-06-29 20:55:00,20.916666666666668,-0.7223639620597554,0.6915130557822695,0,0,0,0
2026-06-29 21:00:00,21.0,-0.7071067811865477,0.7071067811865474,0,0,0,0
2026-06-29 21:05:00,21.083333333333332,-0.6915130557822698,0.7223639620597551,0,0,0,0
2026-06-29 21:10:00,21.166666666666668,-0.6755902076156598,0.7372773368101244,0,0,0,0
2026-06-29 21:15:00,21.25,-0.6593458151000687,0.7518398074789775,0,0,0,0
2026-06-29 21:20:00,21.333333333333332,-0.6427876096865396,0.7660444431189778,0,0,0,0
2026-06-29 21:25:00,21.416666666666668,-0.625923472184059,0.7798844830928818,0,0,0,0
2026-06-29 21:30:00,21.5,-0.608761429008721,0.7933533402912349,0,0,0,0
2026-06-29 21:35:00,21.583333333333332,-0.591309648363583,0.8064446042674821,0,0,0,0
2026-06-29 21:40:00,21.666666666666668,-0.5735764363510465,0.8191520442889916,0,0,0,0
2026-06-29 21:45:00,21.75,-0.555570233019603,0.8314696123025447,0,0,0,0
2026-06-29 21:50:00,21.833333333333332,-0.537299608346825,0.8433914458128849,0,0,0,0
2026-06-29 21:55:00,21.916666666666668,-0.5187732581605214,0.8549118706729466,0,0,0,0
2026-06-29 22:00:00,22.0,-0.5000000000000004,0.8660254037844384,0,0,0,0
2026-06-29 22:05:00,22.083333333333332,-0.48098876891938774,0.8767267557075077,0,0,0,0
2026-06-29 22:10:00,22.166666666666668,-0.46174861323503363,0.8870108331782218,0,0,0,0
2026-06-29 22:15:00,22.25,-0.4422886902190014,0.8968727415326883,0,0,0,0
2026-06-29 22:20:00,22.333333333333332,-0.4226182617407,0.9063077870366497,0,0,0,0
2026-06-29 22:25:00,22.416666666666668,-0.40274668985873663,0.9153114791194474,0,0,0,0
2026-06-29 22:30:00,22.5,-0.38268343236508956,0.9238795325112868,0,0,0,0
2026-06-29 22:35:00,22.583333333333332,-0.36243803828370186,0.9320078692827984,0,0,0,0
2026-06-29 22:40:00,22.666666666666668,-0.3420201433256686,0.9396926207859084,0,0,0,0
2026-06-29 22:45:00,22.75,-0.32143946530316186,0.9469301294951056,0,0,0,0
2026-06-29 22:50:00,22.833333333333332,-0.30070579950427384,0.9537169507482267,0,0,0,0
2026-06-29 22:55:00,22.916666666666668,-0.2798290140309924,0.9600498543859286,0,0,0,0
2026-06-29 23:00:00,23.0,-0.25881904510252157,0.9659258262890681,0,0,0,0
2026-06-29 23:05:00,23.083333333333332,-0.23768589232617435,0.9713420698132611,0,0,0,0
2026-06-29 23:10:00,23.166666666666668,-0.21643961393810288,0.9762960071199334,0,0,0,0
2026-06-29 23:15:00,23.25,-0.19509032201612872,0.9807852804032303,0,0,0,0
2026-06-29 23:20:00,23.333333333333332,-0.1736481776669304,0.984807753012208,0,0,0,0
2026-06-29 23:25:00,23.416666666666668,-0.1521233861899172,0.9883615104677607,0,0,0,0
2026-06-29 23:30:00,23.5,-0.13052619222005168,0.9914448613738104,0,0,0,0
2026-06-29 23:35:00,23.583333333333332,-0.10886687485196514,0.9940563382223195,0,0,0,0
2026-06-29 23:40:00,23.666666666666668,-0.08715574274765743,0.9961946980917455,0,0,0,0
2026-06-29 23:45:00,23.75,-0.0654031292301428,0.9978589232386035,0,0,0,0
2026-06-29 23:50:00,23.833333333333332,-0.043619387365336194,0.9990482215818578,0,0,0,0
2026-06-29 23:55:00,23.916666666666668,-0.0218148850345609,0.9997620270799091,0,0,0,0
2026-06-30 00:00:00,0.0,0.0,1.0,1,0,0,0
2026-06-30 00:05:00,0.08333333333333333,0.02181488503456112,0.9997620270799091,1,0,0,0
2026-06-30 00:10:00,0.16666666666666666,0.043619387365336,0.9990482215818578,1,0,0,0
2026-06-30 00:15:00,0.25,0.06540312923014306,0.9978589232386035,1,0,0,0
2026-06-30 00:20:00,0.3333333333333333,0.08715574274765817,0.9961946980917455,1,0,0,0
2026-06-30 00:25:00,0.4166666666666667,0.10886687485196457,0.9940563382223196,1,0,0,0
2026-06-30 00:30:00,0.5,0.13052619222005157,0.9914448613738104,1,0,0,0
2026-06-30 00:35:00,0.5833333333333334,0.15212338618991672,0.9883615104677607,1,0,0,0
2026-06-30 00:40:00,0.6666666666666666,0.17364817766693033,0.984807753012208,1,0,0,0
2026-06-30 00:45:00,0.75,0.19509032201612825,0.9807852804032304,1,0,0,0
2026-06-30 00:50:00,0.8333333333333334,0.21643961393810288,0.9762960071199334,1,0,0,0
2026-06-30 00:55:00,0.9166666666666666,0.23768589232617307,0.9713420698132614,1,0,0,0
2026-06-30 01:00:00,1.0,0.25881904510252074,0.9659258262890683,1,0,0,0
2026-06-30 01:05:00,1.0833333333333333,0.27982901403099203,0.9600498543859287,1,0,0,0
2026-06-30 01:10:00,1.1666666666666667,0.3007057995042732,0.9537169507482269,1,0,0,0
2026-06-30 01:15:00,1.25,0.3214394653031616,0.9469301294951057,1,0,0,0
2026-06-30 01:20:00,1.3333333333333333,0.3420201433256687,0.9396926207859084,1,0,0,0
2026-06-30 01:25:00,1.4166666666666667,0.36243803828370164,0.9320078692827986,1,0,0,0
2026-06-30 01:30:00,1.5,0.3826834323650898,0.9238795325112867,1,0,0,0
2026-06-30 01:35:00,1.5833333333333335,0.40274668985873724,0.9153114791194471,1,0,0,0
2026-06-30 01:40:00,1.6666666666666665,0.4226182617406994,0.9063077870366499,1,0,0,0
2026-06-30 01:45:00,1.75,0.44228869021900125,0.8968727415326884,1,0,0,0
2026-06-30 01:50:00,1.8333333333333335,0.46174861323503397,0.8870108331782217,1,0,0,0
2026-06-30 01:55:00,1.9166666666666665,0.48098876891938763,0.8767267557075077,1,0,0,0
2026-06-30 02:00:00,2.0,0.49999999999999994,0.8660254037844387,1,0,0,0
2026-06-30 02:05:00,2.0833333333333335,0.5187732581605214,0.8549118706729466,1,0,0,0
2026-06-30 02:10:00,2.1666666666666665,0.5372996083468238,0.8433914458128857,1,0,0,0
2026-06-30 02:15:00,2.25,0.5555702330196022,0.8314696123025452,1,0,0,0
2026-06-30 02:20:00,2.3333333333333335,0.5735764363510462,0.8191520442889918,1,0,0,0
2026-06-30 02:25:00,2.4166666666666665,0.5913096483635824,0.8064446042674827,1,0,0,0
2026-06-30 02:30:00,2.5,0.6087614290087207,0.7933533402912352,1,0,0,0
2026-06-30 02:35:00,2.5833333333333335,0.6259234721840591,0.7798844830928818,1,0,0,0
2026-06-30 02:40:00,2.6666666666666665,0.6427876096865393,0.766044443118978,1,0,0,0
2026-06-30 02:45:00,2.75,0.6593458151000688,0.7518398074789774,1,0,0,0
2026-06-30 02:50:00,2.8333333333333335,0.6755902076156602,0.7372773368101241,1,0,0,0
2026-06-30 02:55:00,2.9166666666666665,0.6915130557822694,0.7223639620597556,1,0,0,0
2026-06-30 03:00:00,3.0,0.7071067811865476,0.7071067811865476,1,0,0,0
2026-06-30 03:05:00,3.0833333333333335,0.7223639620597555,0.6915130557822694,1,0,0,0
2026-06-30 03:10:00,3.1666666666666665,0.737277336810124,0.6755902076156602,1,0,0,0
2026-06-30 03:15:00,3.25,0.7518398074789774,0.6593458151000688,1,0,0,0
2026-06-30 03:20:00,3.3333333333333335,0.766044443118978,0.6427876096865394,1,0,0,0
2026-06-30 03:25:00,3.4166666666666665,0.7798844830928817,0.6259234721840591,1,0,0,0
2026-06-30 03:30:00,3.5,0.7933533402912352,0.6087614290087207,1,0,0,0
2026-06-30 03:35:00,3.5833333333333335,0.8064446042674825,0.5913096483635825,1,0,0,0
2026-06-30 03:40:00,3.6666666666666665,0.8191520442889917,0.5735764363510462,1,0,0,0
2026-06-30 03:45:00,3.75,0.8314696123025451,0.5555702330196024,1,0,0,0
2026-06-30 03:50:00,3.8333333333333335,0.8433914458128856,0.5372996083468239,1,0,0,0
2026-06-30 03:55:00,3.9166666666666665,0.8549118706729466,0.5187732581605216,1,0,0,0
2026-06-30 04:00:00,4.0,0.8660254037844386,0.5000000000000001,1,0,0,0
2026-06-30 04:05:00,4.083333333333333,0.8767267557075077,0.48098876891938774,1,0,0,0
2026-06-30 04:10:00,4.166666666666667,0.8870108331782217,0.46174861323503386,1,0,0,0
2026-06-30 04:15:00,4.25,0.8968727415326884,0.44228869021900125,1,0,0,0
2026-06-30 04:20:00,4.333333333333333,0.9063077870366498,0.4226182617406996,1,0,0,0
2026-06-30 04:25:00,4.416666666666667,0.9153114791194471,0.40274668985873724,1,0,0,0
2026-06-30 04:30:00,4.5,0.9238795325112867,0.38268343236508984,1,0,0,0
2026-06-30 04:35:00,4.583333333333333,0.9320078692827984,0.3624380382837017,1,0,0,0
2026-06-30 04:40:00,4.666666666666667,0.9396926207859084,0.3420201433256686,1,0,0,0
2026-06-30 04:45:00,4.75,0.9469301294951056,0.3214394653031617,1,0,0,0
2026-06-30 04:50:00,4.833333333333333,0.9537169507482268,0.3007057995042733,1,0,0,0
2026-06-30 04:55:00,4.916666666666667,0.9600498543859287,0.27982901403099203,1,0,0,0
2026-06-30 05:00:00,5.0,0.9659258262890683,0.25881904510252074,1,0,0,0
2026-06-30 05:05:00,5.083333333333333,0.9713420698132614,0.2376858923261731,1,0,0,0
2026-06-30 05:10:00,5.166666666666667,0.9762960071199334,0.2164396139381029,1,0,0,0
2026-06-30 05:15:00,5.25,0.9807852804032304,0.19509032201612833,1,0,0,0
2026-06-30 05:20:00,5.333333333333333,0.984807753012208,0.17364817766693041,1,0,0,0
2026-06-30 05:25:00,5.416666666666667,0.9883615104677607,0.1521233861899168,1,0,0,0
2026-06-30 05:30:00,5.5,0.9914448613738104,0.1305261922200517,1,0,0,0
2026-06-30 05:35:00,5.583333333333333,0.9940563382223196,0.10886687485196474,1,0,0,0
2026-06-30 05:40:00,5.666666666666667,0.9961946980917455,0.08715574274765814,1,0,0,0
2026-06-30 05:45:00,5.75,0.9978589232386035,0.06540312923014327,1,0,0,0
2026-06-30 05:50:00,5.833333333333333,0.9990482215818578,0.04361938736533601,1,0,0,0
2026-06-30 05:55:00,5.916666666666667,0.9997620270799091,0.021814885034560937,1,0,0,0
2026-06-30 06:00:00,6.0,1.0,6.123233995736766e-17,1,0,0,0
2026-06-30 06:05:00,6.083333333333333,0.9997620270799091,-0.02181488503456081,1,0,0,0
2026-06-30 06:10:00,6.166666666666667,0.9990482215818578,-0.04361938736533589,1,0,0,0
2026-06-30 06:15:00,6.25,0.9978589232386035,-0.06540312923014314,1,0,0,0
2026-06-30 06:20:00,6.333333333333333,0.9961946980917455,-0.08715574274765801,1,0,0,0
2026-06-30 06:25:00,6.416666666666667,0.9940563382223196,-0.10886687485196461,1,0,0,0
2026-06-30 06:30:00,6.5,0.9914448613738104,-0.1305261922200516,1,0,0,0
2026-06-30 06:35:00,6.583333333333333,0.9883615104677607,-0.1521233861899167,1,0,0,0
2026-06-30 06:40:00,6.666666666666667,0.984807753012208,-0.1736481776669303,1,0,0,0
2026-06-30 06:45:00,6.75,0.9807852804032304,-0.1950903220161282,1,0,0,0
2026-06-30 06:50:00,6.833333333333333,0.9762960071199334,-0.2164396139381028,1,0,0,0
2026-06-30 06:55:00,6.916666666666667,0.9713420698132614,-0.23768589232617318,1,0,0,0
2026-06-30 07:00:00,7.0,0.9659258262890683,-0.25881904510252063,1,0,0,0
2026-06-30 07:05:00,7.083333333333333,0.9600498543859287,-0.2798290140309919,1,0,0,0
2026-06-30 07:10:00,7.166666666666667,0.9537169507482269,-0.30070579950427295,1,0,0,0
2026-06-30 07:15:00,7.25,0.9469301294951057,-0.3214394653031616,1,0,0,0
2026-06-30 07:20:00,7.333333333333333,0.9396926207859084,-0.3420201433256685,1,0,0,0
2026-06-30 07:25:00,7.416666666666667,0.9320078692827986,-0.3624380382837016,1,0,0,0
2026-06-30 07:30:00,7.5,0.9238795325112868,-0.3826834323650895,1,0,0,0
2026-06-30 07:35:00,7.583333333333333,0.9153114791194472,-0.40274668985873713,1,0,0,0
2026-06-30 07:40:00,7.666666666666667,0.90630778703665,-0.42261826174069933,1,0,0,0
2026-06-30 07:45:00,7.75,0.8968727415326884,-0.44228869021900113,1,0,0,0
2026-06-30 07:50:00,7.833333333333333,0.8870108331782218,-0.4617486132350338,1,0,0,0
2026-06-30 07:55:00,7.916666666666667,0.8767267557075076,-0.48098876891938785,1,0,0,0
2026-06-30 08:00:00,8.0,0.8660254037844387,-0.4999999999999998,1,0,0,0
2026-06-30 08:05:00,8.083333333333334,0.8549118706729465,-0.5187732581605216,1,0,0,0
2026-06-30 08:10:00,8.166666666666666,0.8433914458128858,-0.5372996083468236,1,0,0,0
2026-06-30 08:15:00,8.25,0.8314696123025451,-0.5555702330196023,1,0,0,0
2026-06-30 08:20:00,8.333333333333334,0.8191520442889917,-0.5735764363510462,1,0,0,0
2026-06-30 08:25:00,8.416666666666666,0.8064446042674828,-0.5913096483635821,1,0,0,0
2026-06-30 08:30:00,8.5,0.7933533402912352,-0.6087614290087207,1,0,0,0
2026-06-30 08:35:00,8.583333333333334,0.7798844830928817,-0.6259234721840591,1,0,0,0
2026-06-30 08:40:00,8.666666666666666,0.7660444431189783,-0.642787609686539,1,0,0,0
2026-06-30 08:45:00,8.75,0.7518398074789774,-0.6593458151000688,1,0,0,0
2026-06-30 08:50:00,8.833333333333334,0.7372773368101241,-0.6755902076156602,1,0,0,0
2026-06-30 08:55:00,8.916666666666666,0.7223639620597556,-0.6915130557822693,1,0,0,0
2026-06-30 09:00:00,9.0,0.7071067811865476,-0.7071067811865475,1,0,0,0
2026-06-30 09:05:00,9.083333333333334,0.6915130557822694,-0.7223639620597555,1,0,0,0
2026-06-30 09:10:00,9.166666666666666,0.6755902076156604,-0.737277336810124,1,0,0,0
2026-06-30 09:15:00,9.25,0.659345815100069,-0.7518398074789773,1,0,0,0
2026-06-30 09:20:00,9.333333333333334,0.6427876096865391,-0.7660444431189782,1,0,0,0
2026-06-30 09:25:00,9.416666666666666,0.6259234721840592,-0.7798844830928817,1,0,0,0
2026-06-30 09:30:00,9.5,0.6087614290087209,-0.793353340291235,1,0,0,0
2026-06-30 09:35:00,9.583333333333334,0.5913096483635822,-0.8064446042674827,1,0,0,0
2026-06-30 09:40:00,9.666666666666666,0.5735764363510464,-0.8191520442889916,1,0,0,0
2026-06-30 09:45:00,9.75,0.5555702330196025,-0.831469612302545,1,0,0,0
2026-06-30 09:50:00,9.833333333333334,0.5372996083468238,-0.8433914458128857,1,0,0,0
2026-06-30 09:55:00,9.916666666666666,0.5187732581605218,-0.8549118706729464,1,0,0,0
2026-06-30 10:00:00,10.0,0.49999999999999994,-0.8660254037844387,1,0,0,0
2026-06-30 10:05:00,10.083333333333334,0.48098876891938763,-0.8767267557075077,1,0,0,0
2026-06-30 10:10:00,10.166666666666666,0.4617486132350339,-0.8870108331782217,1,0,0,0
2026-06-30 10:15:00,10.25,0.4422886902190017,-0.8968727415326881,1,0,0,0
2026-06-30 10:20:00,10.333333333333334,0.4226182617406995,-0.9063077870366499,1,0,0,0
2026-06-30 10:25:00,10.416666666666666,0.4027466898587373,-0.9153114791194471,1,0,0,0
2026-06-30 10:30:00,10.5,0.3826834323650899,-0.9238795325112867,1,0,0,0
2026-06-30 10:35:00,10.583333333333334,0.36243803828370136,-0.9320078692827987,1,0,0,0
2026-06-30 10:40:00,10.666666666666666,0.3420201433256689,-0.9396926207859083,1,0,0,0
2026-06-30 10:45:00,10.75,0.32143946530316175,-0.9469301294951056,1,0,0,0
2026-06-30 10:50:00,10.833333333333334,0.30070579950427334,-0.9537169507482268,1,0,0,0
2026-06-30 10:55:00,10.916666666666666,0.2798290140309927,-0.9600498543859285,1,0,0,0
2026-06-30 11:00:00,11.0,0.258819045102521,-0.9659258262890682,1,0,0,0
2026-06-30 11:05:00,11.083333333333334,0.23768589232617293,-0.9713420698132614,1,0,0,0
2026-06-30 11:10:00,11.166666666666666,0.21643961393810318,-0.9762960071199333,1,0,0,0
2026-06-30 11:15:00,11.25,0.19509032201612816,-0.9807852804032304,1,0,0,0
2026-06-30 11:20:00,11.333333333333334,0.17364817766693028,-0.984807753012208,1,0,0,0
2026-06-30 11:25:00,11.416666666666666,0.15212338618991708,-0.9883615104677607,1,0,0,0
2026-06-30 11:30:00,11.5,0.130526192220052,-0.9914448613738104,1,0,0,0
2026-06-30 11:35:00,11.583333333333334,0.10886687485196457,-0.9940563382223196,1,0,0,0
2026-06-30 11:40:00,11.666666666666666,0.0871557427476582,-0.9961946980917455,1,0,0,0
2026-06-30 11:45:00,11.75,0.06540312923014312,-0.9978589232386035,1,0,0,0
2026-06-30 11:50:00,11.833333333333334,0.043619387365335625,-0.9990482215818578,1,0,0,0
2026-06-30 11:55:00,11.916666666666666,0.021814885034561218,-0.9997620270799091,1,0,0,0
2026-06-30 12:00:00,12.0,1.2246467991473532e-16,-1.0,1,0,0,0
2026-06-30 12:05:00,12.083333333333334,-0.021814885034560975,-0.9997620270799091,1,0,0,0
2026-06-30 12:10:00,12.166666666666666,-0.04361938736533538,-0.9990482215818578,1,0,0,0
2026-06-30 12:15:00,12.25,-0.06540312923014287,-0.9978589232386035,1,0,0,0
2026-06-30 12:20:00,12.333333333333334,-0.08715574274765794,-0.9961946980917455,1,0,0,0
2026-06-30 12:25:00,12.416666666666666,-0.10886687485196432,-0.9940563382223196,1,0,0,0
2026-06-30 12:30:00,12.5,-0.13052619222005177,-0.9914448613738104,1,0,0,0
2026-06-30 12:35:00,12.583333333333334,-0.15212338618991683,-0.9883615104677607,1,0,0,0
2026-06-30 12:40:00,12.666666666666666,-0.17364817766693003,-0.9848077530122081,1,0,0,0
2026-06-30 12:45:00,12.75,-0.19509032201612792,-0.9807852804032305,1,0,0,0
2026-06-30 12:50:00,12.833333333333334,-0.21643961393810293,-0.9762960071199334,1,0,0,0
2026-06-30 12:55:00,12.916666666666666,-0.2376858923261727,-0.9713420698132615,1,0,0,0
2026-06-30 13:00:00,13.0,-0.2588190451025208,-0.9659258262890683,1,0,0,0
2026-06-30 13:05:00,13.083333333333334,-0.2798290140309925,-0.9600498543859286,1,0,0,0
2026-06-30 13:10:00,13.166666666666666,-0.30070579950427306,-0.9537169507482269,1,0,0,0
2026-06-30 13:15:00,13.25,-0.32143946530316153,-0.9469301294951057,1,0,0,0
2026-06-30 13:20:00,13.333333333333334,-0.34202014332566866,-0.9396926207859084,1,0,0,0
2026-06-30 13:25:00,13.416666666666666,-0.36243803828370114,-0.9320078692827987,1,0,0,0
2026-06-30 13:30:00,13.5,-0.38268343236508967,-0.9238795325112868,1,0,0,0
2026-06-30 13:35:00,13.583333333333334,-0.4027466898587371,-0.9153114791194472,1,0,0,0
2026-06-30 13:40:00,13.666666666666666,-0.4226182617406993,-0.90630778703665,1,0,0,0
2026-06-30 13:45:00,13.75,-0.44228869021900147,-0.8968727415326883,1,0,0,0
2026-06-30 13:50:00,13.833333333333334,-0.46174861323503413,-0.8870108331782216,1,0,0,0
2026-06-30 13:55:00,13.916666666666666,-0.4809887689193874,-0.8767267557075078,1,0,0,0
2026-06-30 14:00:00,14.0,-0.4999999999999997,-0.8660254037844388,1,0,0,0
2026-06-30 14:05:00,14.083333333333334,-0.5187732581605216,-0.8549118706729465,1,0,0,0
2026-06-30 14:10:00,14.166666666666666,-0.5372996083468236,-0.8433914458128858,1,0,0,0
2026-06-30 14:15:00,14.25,-0.555570233019602,-0.8314696123025455,1,0,0,0
2026-06-30 14:20:00,14.333333333333334,-0.5735764363510458,-0.819152044288992,1,0,0,0
2026-06-30 14:25:00,14.416666666666666,-0.5913096483635824,-0.8064446042674825,1,0,0,0
2026-06-30 14:30:00,14.5,-0.6087614290087207,-0.7933533402912352,1,0,0,0
2026-06-30 14:35:00,14.583333333333334,-0.6259234721840591,-0.7798844830928818,1,0,0,0
2026-06-30 14:40:00,14.666666666666666,-0.6427876096865389,-0.7660444431189783,1,0,0,0
2026-06-30 14:45:00,14.75,-0.6593458151000688,-0.7518398074789774,1,0,0,0
2026-06-30 14:50:00,14.833333333333334,-0.6755902076156601,-0.7372773368101241,1,0,0,0
2026-06-30 14:55:00,14.916666666666666,-0.691513055782269,-0.722363962059756,1,0,0,0
2026-06-30 15:00:00,15.0,-0.7071067811865471,-0.7071067811865479,1,0,0,0
2026-06-30 15:05:00,15.083333333333334,-0.7223639620597557,-0.6915130557822692,1,0,0,0
2026-06-30 15:10:00,15.166666666666666,-0.7372773368101239,-0.6755902076156604,1,0,0,0
2026-06-30 15:15:00,15.25,-0.7518398074789773,-0.6593458151000691,1,0,0,0
2026-06-30 15:20:00,15.333333333333334,-0.7660444431189779,-0.6427876096865395,1,0,0,0
2026-06-30 15:25:00,15.416666666666666,-0.7798844830928814,-0.6259234721840596,1,0,0,0
2026-06-30 15:30:00,15.5,-0.7933533402912349,-0.6087614290087209,1,0,0,0
2026-06-30 15:35:00,15.583333333333334,-0.8064446042674827,-0.5913096483635822,1,0,0,0
2026-06-30 15:40:00,15.666666666666666,-0.8191520442889916,-0.5735764363510464,1,0,0,0
2026-06-30 15:45:00,15.75,-0.8314696123025452,-0.5555702330196022,1,0,0,0
2026-06-30 15:50:00,15.833333333333334,-0.8433914458128859,-0.5372996083468234,1,0,0,0
2026-06-30 15:55:00,15.916666666666666,-0.8549118706729466,-0.5187732581605214,1,0,0,0
2026-06-30 16:00:00,16.0,-0.8660254037844385,-0.5000000000000004,1,0,0,0
2026-06-30 16:05:00,16.083333333333332,-0.8767267557075072,-0.48098876891938847,1,0,0,0
2026-06-30 16:10:00,16.166666666666668,-0.8870108331782218,-0.4617486132350336,1,0,0,0
2026-06-30 16:15:00,16.25,-0.8968727415326883,-0.44228869021900136,1,0,0,0
2026-06-30 16:20:00,16.333333333333332,-0.9063077870366497,-0.42261826174069994,1,0,0,0
2026-06-30 16:25:00,16.416666666666668,-0.9153114791194471,-0.40274668985873735,1,0,0,0
2026-06-30 16:30:00,16.5,-0.9238795325112868,-0.3826834323650895,1,0,0,0
2026-06-30 16:35:00,16.583333333333332,-0.9320078692827984,-0.3624380382837018,1,0,0,0
2026-06-30 16:40:00,16.666666666666668,-0.9396926207859084,-0.34202014332566855,1,0,0,0
2026-06-30 16:45:00,16.75,-0.9469301294951056,-0.3214394653031618,1,0,0,0
2026-06-30 16:50:00,16.833333333333332,-0.9537169507482267,-0.3007057995042738,1,0,0,0
2026-06-30 16:55:00,16.916666666666668,-0.9600498543859286,-0.27982901403099236,1,0,0,0
2026-06-30 17:00:00,17.0,-0.9659258262890683,-0.25881904510252063,1,0,0,0
2026-06-30 17:05:00,17.083333333333332,-0.9713420698132613,-0.23768589232617343,1,0,0,0
2026-06-30 17:10:00,17.166666666666668,-0.9762960071199334,-0.21643961393810282,1,0,0,0
2026-06-30 17:15:00,17.25,-0.9807852804032303,-0.19509032201612866,1,0,0,0
2026-06-30 17:20:00,17.333333333333332,-0.9848077530122079,-0.1736481776669312,1,0,0,0
2026-06-30 17:25:00,17.416666666666668,-0.9883615104677608,-0.15212338618991628,1,0,0,0
2026-06-30 17:30:00,17.5,-0.9914448613738104,-0.13052619222005163,1,0,0,0
2026-06-30 17:35:00,17.583333333333332,-0.9940563382223195,-0.10886687485196507,1,0,0,0
2026-06-30 17:40:00,17.666666666666668,-0.9961946980917455,-0.08715574274765825,1,0,0,0
2026-06-30 17:45:00,17.75,-0.9978589232386035,-0.06540312923014273,1,0,0,0
2026-06-30 17:50:00,17.833333333333332,-0.9990482215818578,-0.04361938736533613,1,0,0,0
2026-06-30 17:55:00,17.916666666666668,-0.9997620270799091,-0.021814885034560836,1,0,0,0
2026-06-30 18:00:00,18.0,-1.0,-1.8369701987210297e-16,1,0,0,0
2026-06-30 18:05:00,18.083333333333332,-0.9997620270799091,0.021814885034560468,1,0,0,0
2026-06-30 18:10:00,18.166666666666668,-0.9990482215818578,0.043619387365335764,1,0,0,0
2026-06-30 18:15:00,18.25,-0.9978589232386036,0.06540312923014237,1,0,0,0
2026-06-30 18:20:00,18.333333333333332,-0.9961946980917455,0.08715574274765789,1,0,0,0
2026-06-30 18:25:00,18.416666666666668,-0.9940563382223196,0.10886687485196471,1,0,0,0
2026-06-30 18:30:00,18.5,-0.9914448613738105,0.13052619222005127,1,0,0,0
2026-06-30 18:35:00,18.583333333333332,-0.9883615104677609,0.15212338618991592,1,0,0,0
2026-06-30 18:40:00,18.666666666666668,-0.984807753012208,0.17364817766693083,1,0,0,0
2026-06-30 18:45:00,18.75,-0.9807852804032304,0.1950903220161283,1,0,0,0
2026-06-30 18:50:00,18.833333333333332,-0.9762960071199335,0.21643961393810246,1,0,0,0
2026-06-30 18:55:00,18.916666666666668,-0.9713420698132614,0.23768589232617307,1,0,0,0
2026-06-30 19:00:00,19.0,-0.9659258262890684,0.2588190451025203,1,0,0,0
2026-06-30 19:05:00,19.083333333333332,-0.9600498543859287,0.279829014030992,1,0,0,0
2026-06-30 19:10:00,19.166666666666668,-0.9537169507482268,0.30070579950427345,1,0,0,0
2026-06-30 19:15:00,19.25,-0.9469301294951057,0.3214394653031615,1,0,0,0
2026-06-30 19:20:00,19.333333333333332,-0.9396926207859085,0.34202014332566816,1,0,0,0
2026-06-30 19:25:00,19.416666666666668,-0.9320078692827986,0.36243803828370147,1,0,0,0
2026-06-30 19:30:00,19.5,-0.923879532511287,0.38268343236508917,1,0,0,0
2026-06-30 19:35:00,19.583333333333332,-0.9153114791194472,0.402746689858737,1,0,0,0
2026-06-30 19:40:00,19.666666666666668,-0.9063077870366498,0.4226182617406996,1,0,0,0
2026-06-30 19:45:00,19.75,-0.8968727415326884,0.442288690219001,1,0,0,0
2026-06-30 19:50:00,19.833333333333332,-0.887010833178222,0.46174861323503325,1,0,0,0
2026-06-30 19:55:00,19.916666666666668,-0.8767267557075075,0.48098876891938813,1,0,0,0
2026-06-30 20:00:00,20.0,-0.8660254037844386,0.5000000000000001,1,0,0,0
2026-06-30 20:05:00,20.083333333333332,-0.8549118706729468,0.5187732581605211,1,0,0,0
2026-06-30 20:10:00,20.166666666666668,-0.8433914458128857,0.5372996083468239,1,0,0,0
2026-06-30 20:15:00,20.25,-0.8314696123025455,0.5555702330196018,1,0,0,0
2026-06-30 20:20:00,20.333333333333332,-0.8191520442889918,0.573576436351046,1,0,0,0
2026-06-30 20:25:00,20.416666666666668,-0.8064446042674829,0.591309648363582,1,0,0,0
2026-06-30 20:30:00,20.5,-0.7933533402912357,0.6087614290087199,1,0,0,0
2026-06-30 20:35:00,20.583333333333332,-0.7798844830928816,0.6259234721840593,1,0,0,0
2026-06-30 20:40:00,20.666666666666668,-0.7660444431189781,0.6427876096865393,1,0,0,0
2026-06-30 20:45:00,20.75,-0.7518398074789772,0.6593458151000691,1,0,0,0
2026-06-30 20:50:00,20.833333333333332,-0.7372773368101242,0.6755902076156601,1,0,0,0
2026-06-30 20:55:00,20.916666666666668,-0.7223639620597554,0.6915130557822695,1,0,0,0
2026-06-30 21:00:00,21.0,-0.7071067811865477,0.7071067811865474,1,0,0,0
2026-06-30 21:05:00,21.083333333333332,-0.6915130557822698,0.7223639620597551,1,0,0,0
2026-06-30 21:10:00,21.166666666666668,-0.6755902076156598,0.7372773368101244,1,0,0,0
2026-06-30 21:15:00,21.25,-0.6593458151000687,0.7518398074789775,1,0,0,0
2026-06-30 21:20:00,21.333333333333332,-0.6427876096865396,0.7660444431189778,1,0,0,0
2026-06-30 21:25:00,21.416666666666668,-0.625923472184059,0.7798844830928818,1,0,0,0
2026-06-30 21:30:00,21.5,-0.608761429008721,0.7933533402912349,1,0,0,0
2026-06-30 21:35:00,21.583333333333332,-0.591309648363583,0.8064446042674821,1,0,0,0
2026-06-30 21:40:00,21.666666666666668,-0.5735764363510465,0.8191520442889916,1,0,0,0
2026-06-30 21:45:00,21.75,-0.555570233019603,0.8314696123025447,1,0,0,0
2026-06-30 21:50:00,21.833333333333332,-0.537299608346825,0.8433914458128849,1,0,0,0
2026-06-30 21:55:00,21.916666666666668,-0.5187732581605214,0.8549118706729466,1,0,0,0
2026-06-30 22:00:00,22.0,-0.5000000000000004,0.8660254037844384,1,0,0,0
2026-06-30 22:05:00,22.083333333333332,-0.48098876891938774,0.8767267557075077,1,0,0,0
2026-06-30 22:10:00,22.166666666666668,-0.46174861323503363,0.8870108331782218,1,0,0,0
2026-06-30 22:15:00,22.25,-0.4422886902190014,0.8968727415326883,1,0,0,0
2026-06-30 22:20:00,22.333333333333332,-0.4226182617407,0.9063077870366497,1,0,0,0
2026-06-30 22:25:00,22.416666666666668,-0.40274668985873663,0.9153114791194474,1,0,0,0
2026-06-30 22:30:00,22.5,-0.38268343236508956,0.9238795325112868,1,0,0,0
2026-06-30 22:35:00,22.583333333333332,-0.36243803828370186,0.9320078692827984,1,0,0,0
2026-06-30 22:40:00,22.666666666666668,-0.3420201433256686,0.9396926207859084,1,0,0,0
2026-06-30 22:45:00,22.75,-0.32143946530316186,0.9469301294951056,1,0,0,0
2026-06-30 22:50:00,22.833333333333332,-0.30070579950427384,0.9537169507482267,1,0,0,0
2026-06-30 22:55:00,22.916666666666668,-0.2798290140309924,0.9600498543859286,1,0,0,0
2026-06-30 23:00:00,23.0,-0.25881904510252157,0.9659258262890681,1,0,0,0
2026-06-30 23:05:00,23.083333333333332,-0.23768589232617435,0.9713420698132611,1,0,0,0
2026-06-30 23:10:00,23.166666666666668,-0.21643961393810288,0.9762960071199334,1,0,0,0
2026-06-30 23:15:00,23.25,-0.19509032201612872,0.9807852804032303,1,0,0,0
2026-06-30 23:20:00,23.333333333333332,-0.1736481776669304,0.984807753012208,1,0,0,0
2026-06-30 23:25:00,23.416666666666668,-0.1521233861899172,0.9883615104677607,1,0,0,0
2026-06-30 23:30:00,23.5,-0.13052619222005168,0.9914448613738104,1,0,0,0
2026-06-30 23:35:00,23.583333333333332,-0.10886687485196514,0.9940563382223195,1,0,0,0
2026-06-30 23:40:00,23.666666666666668,-0.08715574274765743,0.9961946980917455,1,0,0,0
2026-06-30 23:45:00,23.75,-0.0654031292301428,0.9978589232386035,1,0,0,0
2026-06-30 23:50:00,23.833333333333332,-0.043619387365336194,0.9990482215818578,1,0,0,0
2026-06-30 23:55:00,23.916666666666668,-0.0218148850345609,0.9997620270799091,1,0,0,0
2026-07-01 00:00:00,0.0,0.0,1.0,2,0,0,0
2026-07-01 00:05:00,0.08333333333333333,0.02181488503456112,0.9997620270799091,2,0,0,0
2026-07-01 00:10:00,0.16666666666666666,0.043619387365336,0.9990482215818578,2,0,0,0
2026-07-01 00:15:00,0.25,0.06540312923014306,0.9978589232386035,2,0,0,0
2026-07-01 00:20:00,0.3333333333333333,0.08715574274765817,0.9961946980917455,2,0,0,0
2026-07-01 00:25:00,0.4166666666666667,0.10886687485196457,0.9940563382223196,2,0,0,0
2026-07-01 00:30:00,0.5,0.13052619222005157,0.9914448613738104,2,0,0,0
2026-07-01 00:35:00,0.5833333333333334,0.15212338618991672,0.9883615104677607,2,0,0,0
2026-07-01 00:40:00,0.6666666666666666,0.17364817766693033,0.984807753012208,2,0,0,0
2026-07-01 00:45:00,0.75,0.19509032201612825,0.9807852804032304,2,0,0,0
2026-07-01 00:50:00,0.8333333333333334,0.21643961393810288,0.9762960071199334,2,0,0,0
2026-07-01 00:55:00,0.9166666666666666,0.23768589232617307,0.9713420698132614,2,0,0,0
2026-07-01 01:00:00,1.0,0.25881904510252074,0.9659258262890683,2,0,0,0
2026-07-01 01:05:00,1.0833333333333333,0.27982901403099203,0.9600498543859287,2,0,0,0
2026-07-01 01:10:00,1.1666666666666667,0.3007057995042732,0.9537169507482269,2,0,0,0
2026-07-01 01:15:00,1.25,0.3214394653031616,0.9469301294951057,2,0,0,0
2026-07-01 01:20:00,1.3333333333333333,0.3420201433256687,0.9396926207859084,2,0,0,0
2026-07-01 01:25:00,1.4166666666666667,0.36243803828370164,0.9320078692827986,2,0,0,0
2026-07-01 01:30:00,1.5,0.3826834323650898,0.9238795325112867,2,0,0,0
2026-07-01 01:35:00,1.5833333333333335,0.40274668985873724,0.9153114791194471,2,0,0,0
2026-07-01 01:40:00,1.6666666666666665,0.4226182617406994,0.9063077870366499,2,0,0,0
2026-07-01 01:45:00,1.75,0.44228869021900125,0.8968727415326884,2,0,0,0
2026-07-01 01:50:00,1.8333333333333335,0.46174861323503397,0.8870108331782217,2,0,0,0
2026-07-01 01:55:00,1.9166666666666665,0.48098876891938763,0.8767267557075077,2,0,0,0
2026-07-01 02:00:00,2.0,0.49999999999999994,0.8660254037844387,2,0,0,0
2026-07-01 02:05:00,2.0833333333333335,0.5187732581605214,0.8549118706729466,2,0,0,0
2026-07-01 02:10:00,2.1666666666666665,0.5372996083468238,0.8433914458128857,2,0,0,0
2026-07-01 02:15:00,2.25,0.5555702330196022,0.8314696123025452,2,0,0,0
2026-07-01 02:20:00,2.3333333333333335,0.5735764363510462,0.8191520442889918,2,0,0,0
2026-07-01 02:25:00,2.4166666666666665,0.5913096483635824,0.8064446042674827,2,0,0,0
2026-07-01 02:30:00,2.5,0.6087614290087207,0.7933533402912352,2,0,0,0
2026-07-01 02:35:00,2.5833333333333335,0.6259234721840591,0.7798844830928818,2,0,0,0
2026-07-01 02:40:00,2.6666666666666665,0.6427876096865393,0.766044443118978,2,0,0,0
2026-07-01 02:45:00,2.75,0.6593458151000688,0.7518398074789774,2,0,0,0
2026-07-01 02:50:00,2.8333333333333335,0.6755902076156602,0.7372773368101241,2,0,0,0
2026-07-01 02:55:00,2.9166666666666665,0.6915130557822694,0.7223639620597556,2,0,0,0
2026-07-01 03:00:00,3.0,0.7071067811865476,0.7071067811865476,2,0,0,0
2026-07-01 03:05:00,3.0833333333333335,0.7223639620597555,0.6915130557822694,2,0,0,0
2026-07-01 03:10:00,3.1666666666666665,0.737277336810124,0.6755902076156602,2,0,0,0
2026-07-01 03:15:00,3.25,0.7518398074789774,0.6593458151000688,2,0,0,0
2026-07-01 03:20:00,3.3333333333333335,0.766044443118978,0.6427876096865394,2,0,0,0
2026-07-01 03:25:00,3.4166666666666665,0.7798844830928817,0.6259234721840591,2,0,0,0
2026-07-01 03:30:00,3.5,0.7933533402912352,0.6087614290087207,2,0,0,0
2026-07-01 03:35:00,3.5833333333333335,0.8064446042674825,0.5913096483635825,2,0,0,0
2026-07-01 03:40:00,3.6666666666666665,0.8191520442889917,0.5735764363510462,2,0,0,0
2026-07-01 03:45:00,3.75,0.8314696123025451,0.5555702330196024,2,0,0,0
2026-07-01 03:50:00,3.8333333333333335,0.8433914458128856,0.5372996083468239,2,0,0,0
2026-07-01 03:55:00,3.9166666666666665,0.8549118706729466,0.5187732581605216,2,0,0,0
2026-07-01 04:00:00,4.0,0.8660254037844386,0.5000000000000001,2,0,0,0
2026-07-01 04:05:00,4.083333333333333,0.8767267557075077,0.48098876891938774,2,0,0,0
2026-07-01 04:10:00,4.166666666666667,0.8870108331782217,0.46174861323503386,2,0,0,0
2026-07-01 04:15:00,4.25,0.8968727415326884,0.44228869021900125,2,0,0,0
2026-07-01 04:20:00,4.333333333333333,0.9063077870366498,0.4226182617406996,2,0,0,0
2026-07-01 04:25:00,4.416666666666667,0.9153114791194471,0.40274668985873724,2,0,0,0
2026-07-01 04:30:00,4.5,0.9238795325112867,0.38268343236508984,2,0,0,0
2026-07-01 04:35:00,4.583333333333333,0.9320078692827984,0.3624380382837017,2,0,0,0
2026-07-01 04:40:00,4.666666666666667,0.9396926207859084,0.3420201433256686,2,0,0,0
2026-07-01 04:45:00,4.75,0.9469301294951056,0.3214394653031617,2,0,0,0
2026-07-01 04:50:00,4.833333333333333,0.9537169507482268,0.3007057995042733,2,0,0,0
2026-07-01 04:55:00,4.916666666666667,0.9600498543859287,0.27982901403099203,2,0,0,0
2026-07-01 05:00:00,5.0,0.9659258262890683,0.25881904510252074,2,0,0,0
2026-07-01 05:05:00,5.083333333333333,0.9713420698132614,0.2376858923261731,2,0,0,0
2026-07-01 05:10:00,5.166666666666667,0.9762960071199334,0.2164396139381029,2,0,0,0
2026-07-01 05:15:00,5.25,0.9807852804032304,0.19509032201612833,2,0,0,0
2026-07-01 05:20:00,5.333333333333333,0.984807753012208,0.17364817766693041,2,0,0,0
2026-07-01 05:25:00,5.416666666666667,0.9883615104677607,0.1521233861899168,2,0,0,0
2026-07-01 05:30:00,5.5,0.9914448613738104,0.1305261922200517,2,0,0,0
2026-07-01 05:35:00,5.583333333333333,0.9940563382223196,0.10886687485196474,2,0,0,0
2026-07-01 05:40:00,5.666666666666667,0.9961946980917455,0.08715574274765814,2,0,0,0
2026-07-01 05:45:00,5.75,0.9978589232386035,0.06540312923014327,2,0,0,0
2026-07-01 05:50:00,5.833333333333333,0.9990482215818578,0.04361938736533601,2,0,0,0
2026-07-01 05:55:00,5.916666666666667,0.9997620270799091,0.021814885034560937,2,0,0,0
2026-07-01 06:00:00,6.0,1.0,6.123233995736766e-17,2,0,0,0
2026-07-01 06:05:00,6.083333333333333,0.9997620270799091,-0.02181488503456081,2,0,0,0
2026-07-01 06:10:00,6.166666666666667,0.9990482215818578,-0.04361938736533589,2,0,0,0
2026-07-01 06:15:00,6.25,0.9978589232386035,-0.06540312923014314,2,0,0,0
2026-07-01 06:20:00,6.333333333333333,0.9961946980917455,-0.08715574274765801,2,0,0,0
2026-07-01 06:25:00,6.416666666666667,0.9940563382223196,-0.10886687485196461,2,0,0,0
2026-07-01 06:30:00,6.5,0.9914448613738104,-0.1305261922200516,2,0,0,0
2026-07-01 06:35:00,6.583333333333333,0.9883615104677607,-0.1521233861899167,2,0,0,0
2026-07-01 06:40:00,6.666666666666667,0.984807753012208,-0.1736481776669303,2,0,0,0
2026-07-01 06:45:00,6.75,0.9807852804032304,-0.1950903220161282,2,0,0,0
2026-07-01 06:50:00,6.833333333333333,0.9762960071199334,-0.2164396139381028,2,0,0,0
2026-07-01 06:55:00,6.916666666666667,0.9713420698132614,-0.23768589232617318,2,0,0,0
2026-07-01 07:00:00,7.0,0.9659258262890683,-0.25881904510252063,2,0,0,0
2026-07-01 07:05:00,7.083333333333333,0.9600498543859287,-0.2798290140309919,2,0,0,0
2026-07-01 07:10:00,7.166666666666667,0.9537169507482269,-0.30070579950427295,2,0,0,0
2026-07-01 07:15:00,7.25,0.9469301294951057,-0.3214394653031616,2,0,0,0
2026-07-01 07:20:00,7.333333333333333,0.9396926207859084,-0.3420201433256685,2,0,0,0
2026-07-01 07:25:00,7.416666666666667,0.9320078692827986,-0.3624380382837016,2,0,0,0
2026-07-01 07:30:00,7.5,0.9238795325112868,-0.3826834323650895,2,0,0,0
2026-07-01 07:35:00,7.583333333333333,0.9153114791194472,-0.40274668985873713,2,0,0,0
2026-07-01 07:40:00,7.666666666666667,0.90630778703665,-0.42261826174069933,2,0,0,0
2026-07-01 07:45:00,7.75,0.8968727415326884,-0.44228869021900113,2,0,0,0
2026-07-01 07:50:00,7.833333333333333,0.8870108331782218,-0.4617486132350338,2,0,0,0
2026-07-01 07:55:00,7.916666666666667,0.8767267557075076,-0.48098876891938785,2,0,0,0
2026-07-01 08:00:00,8.0,0.8660254037844387,-0.4999999999999998,2,0,0,0
2026-07-01 08:05:00,8.083333333333334,0.8549118706729465,-0.5187732581605216,2,0,0,0
2026-07-01 08:10:00,8.166666666666666,0.8433914458128858,-0.5372996083468236,2,0,0,0
2026-07-01 08:15:00,8.25,0.8314696123025451,-0.5555702330196023,2,0,0,0
2026-07-01 08:20:00,8.333333333333334,0.8191520442889917,-0.5735764363510462,2,0,0,0
2026-07-01 08:25:00,8.416666666666666,0.8064446042674828,-0.5913096483635821,2,0,0,0
2026-07-01 08:30:00,8.5,0.7933533402912352,-0.6087614290087207,2,0,0,0
2026-07-01 08:35:00,8.583333333333334,0.7798844830928817,-0.6259234721840591,2,0,0,0
2026-07-01 08:40:00,8.666666666666666,0.7660444431189783,-0.642787609686539,2,0,0,0
2026-07-01 08:45:00,8.75,0.7518398074789774,-0.6593458151000688,2,0,0,0
2026-07-01 08:50:00,8.833333333333334,0.7372773368101241,-0.6755902076156602,2,0,0,0
2026-07-01 08:55:00,8.916666666666666,0.7223639620597556,-0.6915130557822693,2,0,0,0
2026-07-01 09:00:00,9.0,0.7071067811865476,-0.7071067811865475,2,0,0,0
2026-07-01 09:05:00,9.083333333333334,0.6915130557822694,-0.7223639620597555,2,0,0,0
2026-07-01 09:10:00,9.166666666666666,0.6755902076156604,-0.737277336810124,2,0,0,0
2026-07-01 09:15:00,9.25,0.659345815100069,-0.7518398074789773,2,0,0,0
2026-07-01 09:20:00,9.333333333333334,0.6427876096865391,-0.7660444431189782,2,0,0,0
2026-07-01 09:25:00,9.416666666666666,0.6259234721840592,-0.7798844830928817,2,0,0,0
2026-07-01 09:30:00,9.5,0.6087614290087209,-0.793353340291235,2,0,0,0
2026-07-01 09:35:00,9.583333333333334,0.5913096483635822,-0.8064446042674827,2,0,0,0
2026-07-01 09:40:00,9.666666666666666,0.5735764363510464,-0.8191520442889916,2,0,0,0
2026-07-01 09:45:00,9.75,0.5555702330196025,-0.831469612302545,2,0,0,0
2026-07-01 09:50:00,9.833333333333334,0.5372996083468238,-0.8433914458128857,2,0,0,0
2026-07-01 09:55:00,9.916666666666666,0.5187732581605218,-0.8549118706729464,2,0,0,0
2026-07-01 10:00:00,10.0,0.49999999999999994,-0.8660254037844387,2,0,0,0
2026-07-01 10:05:00,10.083333333333334,0.48098876891938763,-0.8767267557075077,2,0,0,0
2026-07-01 10:10:00,10.166666666666666,0.4617486132350339,-0.8870108331782217,2,0,0,0
2026-07-01 10:15:00,10.25,0.4422886902190017,-0.8968727415326881,2,0,0,0
2026-07-01 10:20:00,10.333333333333334,0.4226182617406995,-0.9063077870366499,2,0,0,0
2026-07-01 10:25:00,10.416666666666666,0.4027466898587373,-0.9153114791194471,2,0,0,0
2026-07-01 10:30:00,10.5,0.3826834323650899,-0.9238795325112867,2,0,0,0
2026-07-01 10:35:00,10.583333333333334,0.36243803828370136,-0.9320078692827987,2,0,0,0
2026-07-01 10:40:00,10.666666666666666,0.3420201433256689,-0.9396926207859083,2,0,0,0
2026-07-01 10:45:00,10.75,0.32143946530316175,-0.9469301294951056,2,0,0,0
2026-07-01 10:50:00,10.833333333333334,0.30070579950427334,-0.9537169507482268,2,0,0,0
2026-07-01 10:55:00,10.916666666666666,0.2798290140309927,-0.9600498543859285,2,0,0,0
2026-07-01 11:00:00,11.0,0.258819045102521,-0.9659258262890682,2,0,0,0
2026-07-01 11:05:00,11.083333333333334,0.23768589232617293,-0.9713420698132614,2,0,0,0
2026-07-01 11:10:00,11.166666666666666,0.21643961393810318,-0.9762960071199333,2,0,0,0
2026-07-01 11:15:00,11.25,0.19509032201612816,-0.9807852804032304,2,0,0,0
2026-07-01 11:20:00,11.333333333333334,0.17364817766693028,-0.984807753012208,2,0,0,0
2026-07-01 11:25:00,11.416666666666666,0.15212338618991708,-0.9883615104677607,2,0,0,0
2026-07-01 11:30:00,11.5,0.130526192220052,-0.9914448613738104,2,0,0,0
2026-07-01 11:35:00,11.583333333333334,0.10886687485196457,-0.9940563382223196,2,0,0,0
2026-07-01 11:40:00,11.666666666666666,0.0871557427476582,-0.9961946980917455,2,0,0,0
2026-07-01 11:45:00,11.75,0.06540312923014312,-0.9978589232386035,2,0,0,0
2026-07-01 11:50:00,11.833333333333334,0.043619387365335625,-0.9990482215818578,2,0,0,0
2026-07-01 11:55:00,11.916666666666666,0.021814885034561218,-0.9997620270799091,2,0,0,0
2026-07-01 12:00:00,12.0,1.2246467991473532e-16,-1.0,2,0,0,0
2026-07-01 12:05:00,12.083333333333334,-0.021814885034560975,-0.9997620270799091,2,0,0,0
2026-07-01 12:10:00,12.166666666666666,-0.04361938736533538,-0.9990482215818578,2,0,0,0
2026-07-01 12:15:00,12.25,-0.06540312923014287,-0.9978589232386035,2,0,0,0
2026-07-01 12:20:00,12.333333333333334,-0.08715574274765794,-0.9961946980917455,2,0,0,0
2026-07-01 12:25:00,12.416666666666666,-0.10886687485196432,-0.9940563382223196,2,0,0,0
2026-07-01 12:30:00,12.5,-0.13052619222005177,-0.9914448613738104,2,0,0,0
2026-07-01 12:35:00,12.583333333333334,-0.15212338618991683,-0.9883615104677607,2,0,0,0
2026-07-01 12:40:00,12.666666666666666,-0.17364817766693003,-0.9848077530122081,2,0,0,0
2026-07-01 12:45:00,12.75,-0.19509032201612792,-0.9807852804032305,2,0,0,0
2026-07-01 12:50:00,12.833333333333334,-0.21643961393810293,-0.9762960071199334,2,0,0,0
2026-07-01 12:55:00,12.916666666666666,-0.2376858923261727,-0.9713420698132615,2,0,0,0
2026-07-01 13:00:00,13.0,-0.2588190451025208,-0.9659258262890683,2,0,0,0
2026-07-01 13:05:00,13.083333333333334,-0.2798290140309925,-0.9600498543859286,2,0,0,0
2026-07-01 13:10:00,13.166666666666666,-0.30070579950427306,-0.9537169507482269,2,0,0,0
2026-07-01 13:15:00,13.25,-0.32143946530316153,-0.9469301294951057,2,0,0,0
2026-07-01 13:20:00,13.333333333333334,-0.34202014332566866,-0.9396926207859084,2,0,0,0
2026-07-01 13:25:00,13.416666666666666,-0.36243803828370114,-0.9320078692827987,2,0,0,0
2026-07-01 13:30:00,13.5,-0.38268343236508967,-0.9238795325112868,2,0,0,0
2026-07-01 13:35:00,13.583333333333334,-0.4027466898587371,-0.9153114791194472,2,0,0,0
2026-07-01 13:40:00,13.666666666666666,-0.4226182617406993,-0.90630778703665,2,0,0,0
2026-07-01 13:45:00,13.75,-0.44228869021900147,-0.8968727415326883,2,0,0,0
2026-07-01 13:50:00,13.833333333333334,-0.46174861323503413,-0.8870108331782216,2,0,0,0
2026-07-01 13:55:00,13.916666666666666,-0.4809887689193874,-0.8767267557075078,2,0,0,0
2026-07-01 14:00:00,14.0,-0.4999999999999997,-0.8660254037844388,2,0,0,0
2026-07-01 14:05:00,14.083333333333334,-0.5187732581605216,-0.8549118706729465,2,0,0,0
2026-07-01 14:10:00,14.166666666666666,-0.5372996083468236,-0.8433914458128858,2,0,0,0
2026-07-01 14:15:00,14.25,-0.555570233019602,-0.8314696123025455,2,0,0,0
2026-07-01 14:20:00,14.333333333333334,-0.5735764363510458,-0.819152044288992,2,0,0,0
2026-07-01 14:25:00,14.416666666666666,-0.5913096483635824,-0.8064446042674825,2,0,0,0
2026-07-01 14:30:00,14.5,-0.6087614290087207,-0.7933533402912352,2,0,0,0
2026-07-01 14:35:00,14.583333333333334,-0.6259234721840591,-0.7798844830928818,2,0,0,0
2026-07-01 14:40:00,14.666666666666666,-0.6427876096865389,-0.7660444431189783,2,0,0,0
2026-07-01 14:45:00,14.75,-0.6593458151000688,-0.7518398074789774,2,0,0,0
2026-07-01 14:50:00,14.833333333333334,-0.6755902076156601,-0.7372773368101241,2,0,0,0
2026-07-01 14:55:00,14.916666666666666,-0.691513055782269,-0.722363962059756,2,0,0,0
2026-07-01 15:00:00,15.0,-0.7071067811865471,-0.7071067811865479,2,0,0,0
2026-07-01 15:05:00,15.083333333333334,-0.7223639620597557,-0.6915130557822692,2,0,0,0
2026-07-01 15:10:00,15.166666666666666,-0.7372773368101239,-0.6755902076156604,2,0,0,0
2026-07-01 15:15:00,15.25,-0.7518398074789773,-0.6593458151000691,2,0,0,0
2026-07-01 15:20:00,15.333333333333334,-0.7660444431189779,-0.6427876096865395,2,0,0,0
2026-07-01 15:25:00,15.416666666666666,-0.7798844830928814,-0.6259234721840596,2,0,0,0
2026-07-01 15:30:00,15.5,-0.7933533402912349,-0.6087614290087209,2,0,0,0
2026-07-01 15:35:00,15.583333333333334,-0.8064446042674827,-0.5913096483635822,2,0,0,0
2026-07-01 15:40:00,15.666666666666666,-0.8191520442889916,-0.5735764363510464,2,0,0,0
2026-07-01 15:45:00,15.75,-0.8314696123025452,-0.5555702330196022,2,0,0,0
2026-07-01 15:50:00,15.833333333333334,-0.8433914458128859,-0.5372996083468234,2,0,0,0
2026-07-01 15:55:00,15.916666666666666,-0.8549118706729466,-0.5187732581605214,2,0,0,0
2026-07-01 16:00:00,16.0,-0.8660254037844385,-0.5000000000000004,2,0,0,0
2026-07-01 16:05:00,16.083333333333332,-0.8767267557075072,-0.48098876891938847,2,0,0,0
2026-07-01 16:10:00,16.166666666666668,-0.8870108331782218,-0.4617486132350336,2,0,0,0
2026-07-01 16:15:00,16.25,-0.8968727415326883,-0.44228869021900136,2,0,0,0
2026-07-01 16:20:00,16.333333333333332,-0.9063077870366497,-0.42261826174069994,2,0,0,0
2026-07-01 16:25:00,16.416666666666668,-0.9153114791194471,-0.40274668985873735,2,0,0,0
2026-07-01 16:30:00,16.5,-0.9238795325112868,-0.3826834323650895,2,0,0,0
2026-07-01 16:35:00,16.583333333333332,-0.9320078692827984,-0.3624380382837018,2,0,0,0
2026-07-01 16:40:00,16.666666666666668,-0.9396926207859084,-0.34202014332566855,2,0,0,0
2026-07-01 16:45:00,16.75,-0.9469301294951056,-0.3214394653031618,2,0,0,0
2026-07-01 16:50:00,16.833333333333332,-0.9537169507482267,-0.3007057995042738,2,0,0,0
2026-07-01 16:55:00,16.916666666666668,-0.9600498543859286,-0.27982901403099236,2,0,0,0
2026-07-01 17:00:00,17.0,-0.9659258262890683,-0.25881904510252063,2,0,0,0
2026-07-01 17:05:00,17.083333333333332,-0.9713420698132613,-0.23768589232617343,2,0,0,0
2026-07-01 17:10:00,17.166666666666668,-0.9762960071199334,-0.21643961393810282,2,0,0,0
2026-07-01 17:15:00,17.25,-0.9807852804032303,-0.19509032201612866,2,0,0,0
2026-07-01 17:20:00,17.333333333333332,-0.9848077530122079,-0.1736481776669312,2,0,0,0
2026-07-01 17:25:00,17.416666666666668,-0.9883615104677608,-0.15212338618991628,2,0,0,0
2026-07-01 17:30:00,17.5,-0.9914448613738104,-0.13052619222005163,2,0,0,0
2026-07-01 17:35:00,17.583333333333332,-0.9940563382223195,-0.10886687485196507,2,0,0,0
2026-07-01 17:40:00,17.666666666666668,-0.9961946980917455,-0.08715574274765825,2,0,0,0
2026-07-01 17:45:00,17.75,-0.9978589232386035,-0.06540312923014273,2,0,0,0
2026-07-01 17:50:00,17.833333333333332,-0.9990482215818578,-0.04361938736533613,2,0,0,0
2026-07-01 17:55:00,17.916666666666668,-0.9997620270799091,-0.021814885034560836,2,0,0,0
2026-07-01 18:00:00,18.0,-1.0,-1.8369701987210297e-16,2,0,0,0
2026-07-01 18:05:00,18.083333333333332,-0.9997620270799091,0.021814885034560468,2,0,0,0
2026-07-01 18:10:00,18.166666666666668,-0.9990482215818578,0.043619387365335764,2,0,0,0
2026-07-01 18:15:00,18.25,-0.9978589232386036,0.06540312923014237,2,0,0,0
2026-07-01 18:20:00,18.333333333333332,-0.9961946980917455,0.08715574274765789,2,0,0,0
2026-07-01 18:25:00,18.416666666666668,-0.9940563382223196,0.10886687485196471,2,0,0,0
2026-07-01 18:30:00,18.5,-0.9914448613738105,0.13052619222005127,2,0,0,0
2026-07-01 18:35:00,18.583333333333332,-0.9883615104677609,0.15212338618991592,2,0,0,0
2026-07-01 18:40:00,18.666666666666668,-0.984807753012208,0.17364817766693083,2,0,0,0
2026-07-01 18:45:00,18.75,-0.9807852804032304,0.1950903220161283,2,0,0,0
2026-07-01 18:50:00,18.833333333333332,-0.9762960071199335,0.21643961393810246,2,0,0,0
2026-07-01 18:55:00,18.916666666666668,-0.9713420698132614,0.23768589232617307,2,0,0,0
2026-07-01 19:00:00,19.0,-0.9659258262890684,0.2588190451025203,2,0,0,0
2026-07-01 19:05:00,19.083333333333332,-0.9600498543859287,0.279829014030992,2,0,0,0
2026-07-01 19:10:00,19.166666666666668,-0.9537169507482268,0.30070579950427345,2,0,0,0
2026-07-01 19:15:00,19.25,-0.9469301294951057,0.3214394653031615,2,0,0,0
2026-07-01 19:20:00,19.333333333333332,-0.9396926207859085,0.34202014332566816,2,0,0,0
2026-07-01 19:25:00,19.416666666666668,-0.9320078692827986,0.36243803828370147,2,0,0,0
2026-07-01 19:30:00,19.5,-0.923879532511287,0.38268343236508917,2,0,0,0
2026-07-01 19:35:00,19.583333333333332,-0.9153114791194472,0.402746689858737,2,0,0,0
2026-07-01 19:40:00,19.666666666666668,-0.9063077870366498,0.4226182617406996,2,0,0,0
2026-07-01 19:45:00,19.75,-0.8968727415326884,0.442288690219001,2,0,0,0
2026-07-01 19:50:00,19.833333333333332,-0.887010833178222,0.46174861323503325,2,0,0,0
2026-07-01 19:55:00,19.916666666666668,-0.8767267557075075,0.48098876891938813,2,0,0,0
2026-07-01 20:00:00,20.0,-0.8660254037844386,0.5000000000000001,2,0,0,0
2026-07-01 20:05:00,20.083333333333332,-0.8549118706729468,0.5187732581605211,2,0,0,0
2026-07-01 20:10:00,20.166666666666668,-0.8433914458128857,0.5372996083468239,2,0,0,0
2026-07-01 20:15:00,20.25,-0.8314696123025455,0.5555702330196018,2,0,0,0
2026-07-01 20:20:00,20.333333333333332,-0.8191520442889918,0.573576436351046,2,0,0,0
2026-07-01 20:25:00,20.416666666666668,-0.8064446042674829,0.591309648363582,2,0,0,0
2026-07-01 20:30:00,20.5,-0.7933533402912357,0.6087614290087199,2,0,0,0
2026-07-01 20:35:00,20.583333333333332,-0.7798844830928816,0.6259234721840593,2,0,0,0
2026-07-01 20:40:00,20.666666666666668,-0.7660444431189781,0.6427876096865393,2,0,0,0
2026-07-01 20:45:00,20.75,-0.7518398074789772,0.6593458151000691,2,0,0,0
2026-07-01 20:50:00,20.833333333333332,-0.7372773368101242,0.6755902076156601,2,0,0,0
2026-07-01 20:55:00,20.916666666666668,-0.7223639620597554,0.6915130557822695,2,0,0,0
2026-07-01 21:00:00,21.0,-0.7071067811865477,0.7071067811865474,2,0,0,0
2026-07-01 21:05:00,21.083333333333332,-0.6915130557822698,0.7223639620597551,2,0,0,0
2026-07-01 21:10:00,21.166666666666668,-0.6755902076156598,0.7372773368101244,2,0,0,0
2026-07-01 21:15:00,21.25,-0.6593458151000687,0.7518398074789775,2,0,0,0
2026-07-01 21:20:00,21.333333333333332,-0.6427876096865396,0.7660444431189778,2,0,0,0
2026-07-01 21:25:00,21.416666666666668,-0.625923472184059,0.7798844830928818,2,0,0,0
2026-07-01 21:30:00,21.5,-0.608761429008721,0.7933533402912349,2,0,0,0
2026-07-01 21:35:00,21.583333333333332,-0.591309648363583,0.8064446042674821,2,0,0,0
2026-07-01 21:40:00,21.666666666666668,-0.5735764363510465,0.8191520442889916,2,0,0,0
2026-07-01 21:45:00,21.75,-0.555570233019603,0.8314696123025447,2,0,0,0
2026-07-01 21:50:00,21.833333333333332,-0.537299608346825,0.8433914458128849,2,0,0,0
2026-07-01 21:55:00,21.916666666666668,-0.5187732581605214,0.8549118706729466,2,0,0,0
2026-07-01 22:00:00,22.0,-0.5000000000000004,0.8660254037844384,2,0,0,0
2026-07-01 22:05:00,22.083333333333332,-0.48098876891938774,0.8767267557075077,2,0,0,0
2026-07-01 22:10:00,22.166666666666668,-0.46174861323503363,0.8870108331782218,2,0,0,0
2026-07-01 22:15:00,22.25,-0.4422886902190014,0.8968727415326883,2,0,0,0
2026-07-01 22:20:00,22.333333333333332,-0.4226182617407,0.9063077870366497,2,0,0,0
2026-07-01 22:25:00,22.416666666666668,-0.40274668985873663,0.9153114791194474,2,0,0,0
2026-07-01 22:30:00,22.5,-0.38268343236508956,0.9238795325112868,2,0,0,0
2026-07-01 22:35:00,22.583333333333332,-0.36243803828370186,0.9320078692827984,2,0,0,0
2026-07-01 22:40:00,22.666666666666668,-0.3420201433256686,0.9396926207859084,2,0,0,0
2026-07-01 22:45:00,22.75,-0.32143946530316186,0.9469301294951056,2,0,0,0
2026-07-01 22:50:00,22.833333333333332,-0.30070579950427384,0.9537169507482267,2,0,0,0
2026-07-01 22:55:00,22.916666666666668,-0.2798290140309924,0.9600498543859286,2,0,0,0
2026-07-01 23:00:00,23.0,-0.25881904510252157,0.9659258262890681,2,0,0,0
2026-07-01 23:05:00,23.083333333333332,-0.23768589232617435,0.9713420698132611,2,0,0,0
2026-07-01 23:10:00,23.166666666666668,-0.21643961393810288,0.9762960071199334,2,0,0,0
2026-07-01 23:15:00,23.25,-0.19509032201612872,0.9807852804032303,2,0,0,0
2026-07-01 23:20:00,23.333333333333332,-0.1736481776669304,0.984807753012208,2,0,0,0
2026-07-01 23:25:00,23.416666666666668,-0.1521233861899172,0.9883615104677607,2,0,0,0
2026-07-01 23:30:00,23.5,-0.13052619222005168,0.9914448613738104,2,0,0,0
2026-07-01 23:35:00,23.583333333333332,-0.10886687485196514,0.9940563382223195,2,0,0,0
2026-07-01 23:40:00,23.666666666666668,-0.08715574274765743,0.9961946980917455,2,0,0,0
2026-07-01 23:45:00,23.75,-0.0654031292301428,0.9978589232386035,2,0,0,0
2026-07-01 23:50:00,23.833333333333332,-0.043619387365336194,0.9990482215818578,2,0,0,0
2026-07-01 23:55:00,23.916666666666668,-0.0218148850345609,0.9997620270799091,2,0,0,0
2026-07-02 00:00:00,0.0,0.0,1.0,3,0,0,0
2026-07-02 00:05:00,0.08333333333333333,0.02181488503456112,0.9997620270799091,3,0,0,0
2026-07-02 00:10:00,0.16666666666666666,0.043619387365336,0.9990482215818578,3,0,0,0
2026-07-02 00:15:00,0.25,0.06540312923014306,0.9978589232386035,3,0,0,0
2026-07-02 00:20:00,0.3333333333333333,0.08715574274765817,0.9961946980917455,3,0,0,0
2026-07-02 00:25:00,0.4166666666666667,0.10886687485196457,0.9940563382223196,3,0,0,0
2026-07-02 00:30:00,0.5,0.13052619222005157,0.9914448613738104,3,0,0,0
2026-07-02 00:35:00,0.5833333333333334,0.15212338618991672,0.9883615104677607,3,0,0,0
2026-07-02 00:40:00,0.6666666666666666,0.17364817766693033,0.984807753012208,3,0,0,0
2026-07-02 00:45:00,0.75,0.19509032201612825,0.9807852804032304,3,0,0,0
2026-07-02 00:50:00,0.8333333333333334,0.21643961393810288,0.9762960071199334,3,0,0,0
2026-07-02 00:55:00,0.9166666666666666,0.23768589232617307,0.9713420698132614,3,0,0,0
2026-07-02 01:00:00,1.0,0.25881904510252074,0.9659258262890683,3,0,0,0
2026-07-02 01:05:00,1.0833333333333333,0.27982901403099203,0.9600498543859287,3,0,0,0
2026-07-02 01:10:00,1.1666666666666667,0.3007057995042732,0.9537169507482269,3,0,0,0
2026-07-02 01:15:00,1.25,0.3214394653031616,0.9469301294951057,3,0,0,0
2026-07-02 01:20:00,1.3333333333333333,0.3420201433256687,0.9396926207859084,3,0,0,0
2026-07-02 01:25:00,1.4166666666666667,0.36243803828370164,0.9320078692827986,3,0,0,0
2026-07-02 01:30:00,1.5,0.3826834323650898,0.9238795325112867,3,0,0,0
2026-07-02 01:35:00,1.5833333333333335,0.40274668985873724,0.9153114791194471,3,0,0,0
2026-07-02 01:40:00,1.6666666666666665,0.4226182617406994,0.9063077870366499,3,0,0,0
2026-07-02 01:45:00,1.75,0.44228869021900125,0.8968727415326884,3,0,0,0
2026-07-02 01:50:00,1.8333333333333335,0.46174861323503397,0.8870108331782217,3,0,0,0
2026-07-02 01:55:00,1.9166666666666665,0.48098876891938763,0.8767267557075077,3,0,0,0
2026-07-02 02:00:00,2.0,0.49999999999999994,0.8660254037844387,3,0,0,0
2026-07-02 02:05:00,2.0833333333333335,0.5187732581605214,0.8549118706729466,3,0,0,0
2026-07-02 02:10:00,2.1666666666666665,0.5372996083468238,0.8433914458128857,3,0,0,0
2026-07-02 02:15:00,2.25,0.5555702330196022,0.8314696123025452,3,0,0,0
2026-07-02 02:20:00,2.3333333333333335,0.5735764363510462,0.8191520442889918,3,0,0,0
2026-07-02 02:25:00,2.4166666666666665,0.5913096483635824,0.8064446042674827,3,0,0,0
2026-07-02 02:30:00,2.5,0.6087614290087207,0.7933533402912352,3,0,0,0
2026-07-02 02:35:00,2.5833333333333335,0.6259234721840591,0.7798844830928818,3,0,0,0
2026-07-02 02:40:00,2.6666666666666665,0.6427876096865393,0.766044443118978,3,0,0,0
2026-07-02 02:45:00,2.75,0.6593458151000688,0.7518398074789774,3,0,0,0
2026-07-02 02:50:00,2.8333333333333335,0.6755902076156602,0.7372773368101241,3,0,0,0
2026-07-02 02:55:00,2.9166666666666665,0.6915130557822694,0.7223639620597556,3,0,0,0
2026-07-02 03:00:00,3.0,0.7071067811865476,0.7071067811865476,3,0,0,0
2026-07-02 03:05:00,3.0833333333333335,0.7223639620597555,0.6915130557822694,3,0,0,0
2026-07-02 03:10:00,3.1666666666666665,0.737277336810124,0.6755902076156602,3,0,0,0
2026-07-02 03:15:00,3.25,0.7518398074789774,0.6593458151000688,3,0,0,0
2026-07-02 03:20:00,3.3333333333333335,0.766044443118978,0.6427876096865394,3,0,0,0
2026-07-02 03:25:00,3.4166666666666665,0.7798844830928817,0.6259234721840591,3,0,0,0
2026-07-02 03:30:00,3.5,0.7933533402912352,0.6087614290087207,3,0,0,0
2026-07-02 03:35:00,3.5833333333333335,0.8064446042674825,0.5913096483635825,3,0,0,0
2026-07-02 03:40:00,3.6666666666666665,0.8191520442889917,0.5735764363510462,3,0,0,0
2026-07-02 03:45:00,3.75,0.8314696123025451,0.5555702330196024,3,0,0,0
2026-07-02 03:50:00,3.8333333333333335,0.8433914458128856,0.5372996083468239,3,0,0,0
2026-07-02 03:55:00,3.9166666666666665,0.8549118706729466,0.5187732581605216,3,0,0,0
2026-07-02 04:00:00,4.0,0.8660254037844386,0.5000000000000001,3,0,0,0
2026-07-02 04:05:00,4.083333333333333,0.8767267557075077,0.48098876891938774,3,0,0,0
2026-07-02 04:10:00,4.166666666666667,0.8870108331782217,0.46174861323503386,3,0,0,0
2026-07-02 04:15:00,4.25,0.8968727415326884,0.44228869021900125,3,0,0,0
2026-07-02 04:20:00,4.333333333333333,0.9063077870366498,0.4226182617406996,3,0,0,0
2026-07-02 04:25:00,4.416666666666667,0.9153114791194471,0.40274668985873724,3,0,0,0
2026-07-02 04:30:00,4.5,0.9238795325112867,0.38268343236508984,3,0,0,0
2026-07-02 04:35:00,4.583333333333333,0.9320078692827984,0.3624380382837017,3,0,0,0
2026-07-02 04:40:00,4.666666666666667,0.9396926207859084,0.3420201433256686,3,0,0,0
2026-07-02 04:45:00,4.75,0.9469301294951056,0.3214394653031617,3,0,0,0
2026-07-02 04:50:00,4.833333333333333,0.9537169507482268,0.3007057995042733,3,0,0,0
2026-07-02 04:55:00,4.916666666666667,0.9600498543859287,0.27982901403099203,3,0,0,0
2026-07-02 05:00:00,5.0,0.9659258262890683,0.25881904510252074,3,0,0,0
2026-07-02 05:05:00,5.083333333333333,0.9713420698132614,0.2376858923261731,3,0,0,0
2026-07-02 05:10:00,5.166666666666667,0.9762960071199334,0.2164396139381029,3,0,0,0
2026-07-02 05:15:00,5.25,0.9807852804032304,0.19509032201612833,3,0,0,0
2026-07-02 05:20:00,5.333333333333333,0.984807753012208,0.17364817766693041,3,0,0,0
2026-07-02 05:25:00,5.416666666666667,0.9883615104677607,0.1521233861899168,3,0,0,0
2026-07-02 05:30:00,5.5,0.9914448613738104,0.1305261922200517,3,0,0,0
2026-07-02 05:35:00,5.583333333333333,0.9940563382223196,0.10886687485196474,3,0,0,0
2026-07-02 05:40:00,5.666666666666667,0.9961946980917455,0.08715574274765814,3,0,0,0
2026-07-02 05:45:00,5.75,0.9978589232386035,0.06540312923014327,3,0,0,0
2026-07-02 05:50:00,5.833333333333333,0.9990482215818578,0.04361938736533601,3,0,0,0
2026-07-02 05:55:00,5.916666666666667,0.9997620270799091,0.021814885034560937,3,0,0,0
2026-07-02 06:00:00,6.0,1.0,6.123233995736766e-17,3,0,0,0
2026-07-02 06:05:00,6.083333333333333,0.9997620270799091,-0.02181488503456081,3,0,0,0
2026-07-02 06:10:00,6.166666666666667,0.9990482215818578,-0.04361938736533589,3,0,0,0
2026-07-02 06:15:00,6.25,0.9978589232386035,-0.06540312923014314,3,0,0,0
2026-07-02 06:20:00,6.333333333333333,0.9961946980917455,-0.08715574274765801,3,0,0,0
2026-07-02 06:25:00,6.416666666666667,0.9940563382223196,-0.10886687485196461,3,0,0,0
2026-07-02 06:30:00,6.5,0.9914448613738104,-0.1305261922200516,3,0,0,0
2026-07-02 06:35:00,6.583333333333333,0.9883615104677607,-0.1521233861899167,3,0,0,0
2026-07-02 06:40:00,6.666666666666667,0.984807753012208,-0.1736481776669303,3,0,0,0
2026-07-02 06:45:00,6.75,0.9807852804032304,-0.1950903220161282,3,0,0,0
2026-07-02 06:50:00,6.833333333333333,0.9762960071199334,-0.2164396139381028,3,0,0,0
2026-07-02 06:55:00,6.916666666666667,0.9713420698132614,-0.23768589232617318,3,0,0,0
2026-07-02 07:00:00,7.0,0.9659258262890683,-0.25881904510252063,3,0,0,0
2026-07-02 07:05:00,7.083333333333333,0.9600498543859287,-0.2798290140309919,3,0,0,0
2026-07-02 07:10:00,7.166666666666667,0.9537169507482269,-0.30070579950427295,3,0,0,0
2026-07-02 07:15:00,7.25,0.9469301294951057,-0.3214394653031616,3,0,0,0
2026-07-02 07:20:00,7.333333333333333,0.9396926207859084,-0.3420201433256685,3,0,0,0
2026-07-02 07:25:00,7.416666666666667,0.9320078692827986,-0.3624380382837016,3,0,0,0
2026-07-02 07:30:00,7.5,0.9238795325112868,-0.3826834323650895,3,0,0,0
2026-07-02 07:35:00,7.583333333333333,0.9153114791194472,-0.40274668985873713,3,0,0,0
2026-07-02 07:40:00,7.666666666666667,0.90630778703665,-0.42261826174069933,3,0,0,0
2026-07-02 07:45:00,7.75,0.8968727415326884,-0.44228869021900113,3,0,0,0
2026-07-02 07:50:00,7.833333333333333,0.8870108331782218,-0.4617486132350338,3,0,0,0
2026-07-02 07:55:00,7.916666666666667,0.8767267557075076,-0.48098876891938785,3,0,0,0
2026-07-02 08:00:00,8.0,0.8660254037844387,-0.4999999999999998,3,0,0,0
2026-07-02 08:05:00,8.083333333333334,0.8549118706729465,-0.5187732581605216,3,0,0,0
2026-07-02 08:10:00,8.166666666666666,0.8433914458128858,-0.5372996083468236,3,0,0,0
2026-07-02 08:15:00,8.25,0.8314696123025451,-0.5555702330196023,3,0,0,0
2026-07-02 08:20:00,8.333333333333334,0.8191520442889917,-0.5735764363510462,3,0,0,0
2026-07-02 08:25:00,8.416666666666666,0.8064446042674828,-0.5913096483635821,3,0,0,0
2026-07-02 08:30:00,8.5,0.7933533402912352,-0.6087614290087207,3,0,0,0
2026-07-02 08:35:00,8.583333333333334,0.7798844830928817,-0.6259234721840591,3,0,0,0
2026-07-02 08:40:00,8.666666666666666,0.7660444431189783,-0.642787609686539,3,0,0,0
2026-07-02 08:45:00,8.75,0.7518398074789774,-0.6593458151000688,3,0,0,0
2026-07-02 08:50:00,8.833333333333334,0.7372773368101241,-0.6755902076156602,3,0,0,0
2026-07-02 08:55:00,8.916666666666666,0.7223639620597556,-0.6915130557822693,3,0,0,0
2026-07-02 09:00:00,9.0,0.7071067811865476,-0.7071067811865475,3,0,0,0
2026-07-02 09:05:00,9.083333333333334,0.6915130557822694,-0.7223639620597555,3,0,0,0
2026-07-02 09:10:00,9.166666666666666,0.6755902076156604,-0.737277336810124,3,0,0,0
2026-07-02 09:15:00,9.25,0.659345815100069,-0.7518398074789773,3,0,0,0
2026-07-02 09:20:00,9.333333333333334,0.6427876096865391,-0.7660444431189782,3,0,0,0
2026-07-02 09:25:00,9.416666666666666,0.6259234721840592,-0.7798844830928817,3,0,0,0
2026-07-02 09:30:00,9.5,0.6087614290087209,-0.793353340291235,3,0,0,0
2026-07-02 09:35:00,9.583333333333334,0.5913096483635822,-0.8064446042674827,3,0,0,0
2026-07-02 09:40:00,9.666666666666666,0.5735764363510464,-0.8191520442889916,3,0,0,0
2026-07-02 09:45:00,9.75,0.5555702330196025,-0.831469612302545,3,0,0,0
2026-07-02 09:50:00,9.833333333333334,0.5372996083468238,-0.8433914458128857,3,0,0,0
2026-07-02 09:55:00,9.916666666666666,0.5187732581605218,-0.8549118706729464,3,0,0,0
2026-07-02 10:00:00,10.0,0.49999999999999994,-0.8660254037844387,3,0,0,0
2026-07-02 10:05:00,10.083333333333334,0.48098876891938763,-0.8767267557075077,3,0,0,0
2026-07-02 10:10:00,10.166666666666666,0.4617486132350339,-0.8870108331782217,3,0,0,0
2026-07-02 10:15:00,10.25,0.4422886902190017,-0.8968727415326881,3,0,0,0
2026-07-02 10:20:00,10.333333333333334,0.4226182617406995,-0.9063077870366499,3,0,0,0
2026-07-02 10:25:00,10.416666666666666,0.4027466898587373,-0.9153114791194471,3,0,0,0
2026-07-02 10:30:00,10.5,0.3826834323650899,-0.9238795325112867,3,0,0,0
2026-07-02 10:35:00,10.583333333333334,0.36243803828370136,-0.9320078692827987,3,0,0,0
2026-07-02 10:40:00,10.666666666666666,0.3420201433256689,-0.9396926207859083,3,0,0,0
2026-07-02 10:45:00,10.75,0.32143946530316175,-0.9469301294951056,3,0,0,0
2026-07-02 10:50:00,10.833333333333334,0.30070579950427334,-0.9537169507482268,3,0,0,0
2026-07-02 10:55:00,10.916666666666666,0.2798290140309927,-0.9600498543859285,3,0,0,0
2026-07-02 11:00:00,11.0,0.258819045102521,-0.9659258262890682,3,0,0,0
2026-07-02 11:05:00,11.083333333333334,0.23768589232617293,-0.9713420698132614,3,0,0,0
2026-07-02 11:10:00,11.166666666666666,0.21643961393810318,-0.9762960071199333,3,0,0,0
2026-07-02 11:15:00,11.25,0.19509032201612816,-0.9807852804032304,3,0,0,0
2026-07-02 11:20:00,11.333333333333334,0.17364817766693028,-0.984807753012208,3,0,0,0
2026-07-02 11:25:00,11.416666666666666,0.15212338618991708,-0.9883615104677607,3,0,0,0
2026-07-02 11:30:00,11.5,0.130526192220052,-0.9914448613738104,3,0,0,0
2026-07-02 11:35:00,11.583333333333334,0.10886687485196457,-0.9940563382223196,3,0,0,0
2026-07-02 11:40:00,11.666666666666666,0.0871557427476582,-0.9961946980917455,3,0,0,0
2026-07-02 11:45:00,11.75,0.06540312923014312,-0.9978589232386035,3,0,0,0
2026-07-02 11:50:00,11.833333333333334,0.043619387365335625,-0.9990482215818578,3,0,0,0
2026-07-02 11:55:00,11.916666666666666,0.021814885034561218,-0.9997620270799091,3,0,0,0
2026-07-02 12:00:00,12.0,1.2246467991473532e-16,-1.0,3,0,0,0
2026-07-02 12:05:00,12.083333333333334,-0.021814885034560975,-0.9997620270799091,3,0,0,0
2026-07-02 12:10:00,12.166666666666666,-0.04361938736533538,-0.9990482215818578,3,0,0,0
2026-07-02 12:15:00,12.25,-0.06540312923014287,-0.9978589232386035,3,0,0,0
2026-07-02 12:20:00,12.333333333333334,-0.08715574274765794,-0.9961946980917455,3,0,0,0
2026-07-02 12:25:00,12.416666666666666,-0.10886687485196432,-0.9940563382223196,3,0,0,0
2026-07-02 12:30:00,12.5,-0.13052619222005177,-0.9914448613738104,3,0,0,0
2026-07-02 12:35:00,12.583333333333334,-0.15212338618991683,-0.9883615104677607,3,0,0,0
2026-07-02 12:40:00,12.666666666666666,-0.17364817766693003,-0.9848077530122081,3,0,0,0
2026-07-02 12:45:00,12.75,-0.19509032201612792,-0.9807852804032305,3,0,0,0
2026-07-02 12:50:00,12.833333333333334,-0.21643961393810293,-0.9762960071199334,3,0,0,0
2026-07-02 12:55:00,12.916666666666666,-0.2376858923261727,-0.9713420698132615,3,0,0,0
2026-07-02 13:00:00,13.0,-0.2588190451025208,-0.9659258262890683,3,0,0,0
2026-07-02 13:05:00,13.083333333333334,-0.2798290140309925,-0.9600498543859286,3,0,0,0
2026-07-02 13:10:00,13.166666666666666,-0.30070579950427306,-0.9537169507482269,3,0,0,0
2026-07-02 13:15:00,13.25,-0.32143946530316153,-0.9469301294951057,3,0,0,0
2026-07-02 13:20:00,13.333333333333334,-0.34202014332566866,-0.9396926207859084,3,0,0,0
2026-07-02 13:25:00,13.416666666666666,-0.36243803828370114,-0.9320078692827987,3,0,0,0
2026-07-02 13:30:00,13.5,-0.38268343236508967,-0.9238795325112868,3,0,0,0
2026-07-02 13:35:00,13.583333333333334,-0.4027466898587371,-0.9153114791194472,3,0,0,0
2026-07-02 13:40:00,13.666666666666666,-0.4226182617406993,-0.90630778703665,3,0,0,0
2026-07-02 13:45:00,13.75,-0.44228869021900147,-0.8968727415326883,3,0,0,0
2026-07-02 13:50:00,13.833333333333334,-0.46174861323503413,-0.8870108331782216,3,0,0,0
2026-07-02 13:55:00,13.916666666666666,-0.4809887689193874,-0.8767267557075078,3,0,0,0
2026-07-02 14:00:00,14.0,-0.4999999999999997,-0.8660254037844388,3,0,0,0
2026-07-02 14:05:00,14.083333333333334,-0.5187732581605216,-0.8549118706729465,3,0,0,0
2026-07-02 14:10:00,14.166666666666666,-0.5372996083468236,-0.8433914458128858,3,0,0,0
2026-07-02 14:15:00,14.25,-0.555570233019602,-0.8314696123025455,3,0,0,0
2026-07-02 14:20:00,14.333333333333334,-0.5735764363510458,-0.819152044288992,3,0,0,0
2026-07-02 14:25:00,14.416666666666666,-0.5913096483635824,-0.8064446042674825,3,0,0,0
2026-07-02 14:30:00,14.5,-0.6087614290087207,-0.7933533402912352,3,0,0,0
2026-07-02 14:35:00,14.583333333333334,-0.6259234721840591,-0.7798844830928818,3,0,0,0
2026-07-02 14:40:00,14.666666666666666,-0.6427876096865389,-0.7660444431189783,3,0,0,0
2026-07-02 14:45:00,14.75,-0.6593458151000688,-0.7518398074789774,3,0,0,0
2026-07-02 14:50:00,14.833333333333334,-0.6755902076156601,-0.7372773368101241,3,0,0,0
2026-07-02 14:55:00,14.916666666666666,-0.691513055782269,-0.722363962059756,3,0,0,0
2026-07-02 15:00:00,15.0,-0.7071067811865471,-0.7071067811865479,3,0,0,0
2026-07-02 15:05:00,15.083333333333334,-0.7223639620597557,-0.6915130557822692,3,0,0,0
2026-07-02 15:10:00,15.166666666666666,-0.7372773368101239,-0.6755902076156604,3,0,0,0
2026-07-02 15:15:00,15.25,-0.7518398074789773,-0.6593458151000691,3,0,0,0
2026-07-02 15:20:00,15.333333333333334,-0.7660444431189779,-0.6427876096865395,3,0,0,0
2026-07-02 15:25:00,15.416666666666666,-0.7798844830928814,-0.6259234721840596,3,0,0,0
2026-07-02 15:30:00,15.5,-0.7933533402912349,-0.6087614290087209,3,0,0,0
2026-07-02 15:35:00,15.583333333333334,-0.8064446042674827,-0.5913096483635822,3,0,0,0
2026-07-02 15:40:00,15.666666666666666,-0.8191520442889916,-0.5735764363510464,3,0,0,0
2026-07-02 15:45:00,15.75,-0.8314696123025452,-0.5555702330196022,3,0,0,0
2026-07-02 15:50:00,15.833333333333334,-0.8433914458128859,-0.5372996083468234,3,0,0,0
2026-07-02 15:55:00,15.916666666666666,-0.8549118706729466,-0.5187732581605214,3,0,0,0
2026-07-02 16:00:00,16.0,-0.8660254037844385,-0.5000000000000004,3,0,0,0
2026-07-02 16:05:00,16.083333333333332,-0.8767267557075072,-0.48098876891938847,3,0,0,0
2026-07-02 16:10:00,16.166666666666668,-0.8870108331782218,-0.4617486132350336,3,0,0,0
2026-07-02 16:15:00,16.25,-0.8968727415326883,-0.44228869021900136,3,0,0,0
2026-07-02 16:20:00,16.333333333333332,-0.9063077870366497,-0.42261826174069994,3,0,0,0
2026-07-02 16:25:00,16.416666666666668,-0.9153114791194471,-0.40274668985873735,3,0,0,0
2026-07-02 16:30:00,16.5,-0.9238795325112868,-0.3826834323650895,3,0,0,0
2026-07-02 16:35:00,16.583333333333332,-0.9320078692827984,-0.3624380382837018,3,0,0,0
2026-07-02 16:40:00,16.666666666666668,-0.9396926207859084,-0.34202014332566855,3,0,0,0
2026-07-02 16:45:00,16.75,-0.9469301294951056,-0.3214394653031618,3,0,0,0
2026-07-02 16:50:00,16.833333333333332,-0.9537169507482267,-0.3007057995042738,3,0,0,0
2026-07-02 16:55:00,16.916666666666668,-0.9600498543859286,-0.27982901403099236,3,0,0,0
2026-07-02 17:00:00,17.0,-0.9659258262890683,-0.25881904510252063,3,0,0,0
2026-07-02 17:05:00,17.083333333333332,-0.9713420698132613,-0.23768589232617343,3,0,0,0
2026-07-02 17:10:00,17.166666666666668,-0.9762960071199334,-0.21643961393810282,3,0,0,0
2026-07-02 17:15:00,17.25,-0.9807852804032303,-0.19509032201612866,3,0,0,0
2026-07-02 17:20:00,17.333333333333332,-0.9848077530122079,-0.1736481776669312,3,0,0,0
2026-07-02 17:25:00,17.416666666666668,-0.9883615104677608,-0.15212338618991628,3,0,0,0
2026-07-02 17:30:00,17.5,-0.9914448613738104,-0.13052619222005163,3,0,0,0
2026-07-02 17:35:00,17.583333333333332,-0.9940563382223195,-0.10886687485196507,3,0,0,0
2026-07-02 17:40:00,17.666666666666668,-0.9961946980917455,-0.08715574274765825,3,0,0,0
2026-07-02 17:45:00,17.75,-0.9978589232386035,-0.06540312923014273,3,0,0,0
2026-07-02 17:50:00,17.833333333333332,-0.9990482215818578,-0.04361938736533613,3,0,0,0
2026-07-02 17:55:00,17.916666666666668,-0.9997620270799091,-0.021814885034560836,3,0,0,0
2026-07-02 18:00:00,18.0,-1.0,-1.8369701987210297e-16,3,0,0,0
2026-07-02 18:05:00,18.083333333333332,-0.9997620270799091,0.021814885034560468,3,0,0,0
2026-07-02 18:10:00,18.166666666666668,-0.9990482215818578,0.043619387365335764,3,0,0,0
2026-07-02 18:15:00,18.25,-0.9978589232386036,0.06540312923014237,3,0,0,0
2026-07-02 18:20:00,18.333333333333332,-0.9961946980917455,0.08715574274765789,3,0,0,0
2026-07-02 18:25:00,18.416666666666668,-0.9940563382223196,0.10886687485196471,3,0,0,0
2026-07-02 18:30:00,18.5,-0.9914448613738105,0.13052619222005127,3,0,0,0
2026-07-02 18:35:00,18.583333333333332,-0.9883615104677609,0.15212338618991592,3,0,0,0
2026-07-02 18:40:00,18.666666666666668,-0.984807753012208,0.17364817766693083,3,0,0,0
2026-07-02 18:45:00,18.75,-0.9807852804032304,0.1950903220161283,3,0,0,0
2026-07-02 18:50:00,18.833333333333332,-0.9762960071199335,0.21643961393810246,3,0,0,0
2026-07-02 18:55:00,18.916666666666668,-0.9713420698132614,0.23768589232617307,3,0,0,0
2026-07-02 19:00:00,19.0,-0.9659258262890684,0.2588190451025203,3,0,0,0
2026-07-02 19:05:00,19.083333333333332,-0.9600498543859287,0.279829014030992,3,0,0,0
2026-07-02 19:10:00,19.166666666666668,-0.9537169507482268,0.30070579950427345,3,0,0,0
2026-07-02 19:15:00,19.25,-0.9469301294951057,0.3214394653031615,3,0,0,0
2026-07-02 19:20:00,19.333333333333332,-0.9396926207859085,0.34202014332566816,3,0,0,0
2026-07-02 19:25:00,19.416666666666668,-0.9320078692827986,0.36243803828370147,3,0,0,0
2026-07-02 19:30:00,19.5,-0.923879532511287,0.38268343236508917,3,0,0,0
2026-07-02 19:35:00,19.583333333333332,-0.9153114791194472,0.402746689858737,3,0,0,0
2026-07-02 19:40:00,19.666666666666668,-0.9063077870366498,0.4226182617406996,3,0,0,0
2026-07-02 19:45:00,19.75,-0.8968727415326884,0.442288690219001,3,0,0,0
2026-07-02 19:50:00,19.833333333333332,-0.887010833178222,0.46174861323503325,3,0,0,0
2026-07-02 19:55:00,19.916666666666668,-0.8767267557075075,0.48098876891938813,3,0,0,0
2026-07-02 20:00:00,20.0,-0.8660254037844386,0.5000000000000001,3,0,0,0
2026-07-02 20:05:00,20.083333333333332,-0.8549118706729468,0.5187732581605211,3,0,0,0
2026-07-02 20:10:00,20.166666666666668,-0.8433914458128857,0.5372996083468239,3,0,0,0
2026-07-02 20:15:00,20.25,-0.8314696123025455,0.5555702330196018,3,0,0,0
2026-07-02 20:20:00,20.333333333333332,-0.8191520442889918,0.573576436351046,3,0,0,0
2026-07-02 20:25:00,20.416666666666668,-0.8064446042674829,0.591309648363582,3,0,0,0
2026-07-02 20:30:00,20.5,-0.7933533402912357,0.6087614290087199,3,0,0,0
2026-07-02 20:35:00,20.583333333333332,-0.7798844830928816,0.6259234721840593,3,0,0,0
2026-07-02 20:40:00,20.666666666666668,-0.7660444431189781,0.6427876096865393,3,0,0,0
2026-07-02 20:45:00,20.75,-0.7518398074789772,0.6593458151000691,3,0,0,0
2026-07-02 20:50:00,20.833333333333332,-0.7372773368101242,0.6755902076156601,3,0,0,0
2026-07-02 20:55:00,20.916666666666668,-0.7223639620597554,0.6915130557822695,3,0,0,0
2026-07-02 21:00:00,21.0,-0.7071067811865477,0.7071067811865474,3,0,0,0
2026-07-02 21:05:00,21.083333333333332,-0.6915130557822698,0.7223639620597551,3,0,0,0
2026-07-02 21:10:00,21.166666666666668,-0.6755902076156598,0.7372773368101244,3,0,0,0
2026-07-02 21:15:00,21.25,-0.6593458151000687,0.7518398074789775,3,0,0,0
2026-07-02 21:20:00,21.333333333333332,-0.6427876096865396,0.7660444431189778,3,0,0,0
2026-07-02 21:25:00,21.416666666666668,-0.625923472184059,0.7798844830928818,3,0,0,0
2026-07-02 21:30:00,21.5,-0.608761429008721,0.7933533402912349,3,0,0,0
2026-07-02 21:35:00,21.583333333333332,-0.591309648363583,0.8064446042674821,3,0,0,0
2026-07-02 21:40:00,21.666666666666668,-0.5735764363510465,0.8191520442889916,3,0,0,0
2026-07-02 21:45:00,21.75,-0.555570233019603,0.8314696123025447,3,0,0,0
2026-07-02 21:50:00,21.833333333333332,-0.537299608346825,0.8433914458128849,3,0,0,0
2026-07-02 21:55:00,21.916666666666668,-0.5187732581605214,0.8549118706729466,3,0,0,0
2026-07-02 22:00:00,22.0,-0.5000000000000004,0.8660254037844384,3,0,0,0
2026-07-02 22:05:00,22.083333333333332,-0.48098876891938774,0.8767267557075077,3,0,0,0
2026-07-02 22:10:00,22.166666666666668,-0.46174861323503363,0.8870108331782218,3,0,0,0
2026-07-02 22:15:00,22.25,-0.4422886902190014,0.8968727415326883,3,0,0,0
2026-07-02 22:20:00,22.333333333333332,-0.4226182617407,0.9063077870366497,3,0,0,0
2026-07-02 22:25:00,22.416666666666668,-0.40274668985873663,0.9153114791194474,3,0,0,0
2026-07-02 22:30:00,22.5,-0.38268343236508956,0.9238795325112868,3,0,0,0
2026-07-02 22:35:00,22.583333333333332,-0.36243803828370186,0.9320078692827984,3,0,0,0
2026-07-02 22:40:00,22.666666666666668,-0.3420201433256686,0.9396926207859084,3,0,0,0
2026-07-02 22:45:00,22.75,-0.32143946530316186,0.9469301294951056,3,0,0,0
2026-07-02 22:50:00,22.833333333333332,-0.30070579950427384,0.9537169507482267,3,0,0,0
2026-07-02 22:55:00,22.916666666666668,-0.2798290140309924,0.9600498543859286,3,0,0,0
2026-07-02 23:00:00,23.0,-0.25881904510252157,0.9659258262890681,3,0,0,0
2026-07-02 23:05:00,23.083333333333332,-0.23768589232617435,0.9713420698132611,3,0,0,0
2026-07-02 23:10:00,23.166666666666668,-0.21643961393810288,0.9762960071199334,3,0,0,0
2026-07-02 23:15:00,23.25,-0.19509032201612872,0.9807852804032303,3,0,0,0
2026-07-02 23:20:00,23.333333333333332,-0.1736481776669304,0.984807753012208,3,0,0,0
2026-07-02 23:25:00,23.416666666666668,-0.1521233861899172,0.9883615104677607,3,0,0,0
2026-07-02 23:30:00,23.5,-0.13052619222005168,0.9914448613738104,3,0,0,0
2026-07-02 23:35:00,23.583333333333332,-0.10886687485196514,0.9940563382223195,3,0,0,0
2026-07-02 23:40:00,23.666666666666668,-0.08715574274765743,0.9961946980917455,3,0,0,0
2026-07-02 23:45:00,23.75,-0.0654031292301428,0.9978589232386035,3,0,0,0
2026-07-02 23:50:00,23.833333333333332,-0.043619387365336194,0.9990482215818578,3,0,0,0
2026-07-02 23:55:00,23.916666666666668,-0.0218148850345609,0.9997620270799091,3,0,0,0
2026-07-03 00:00:00,0.0,0.0,1.0,4,0,0,0
2026-07-03 00:05:00,0.08333333333333333,0.02181488503456112,0.9997620270799091,4,0,0,0
2026-07-03 00:10:00,0.16666666666666666,0.043619387365336,0.9990482215818578,4,0,0,0
2026-07-03 00:15:00,0.25,0.06540312923014306,0.9978589232386035,4,0,0,0
2026-07-03 00:20:00,0.3333333333333333,0.08715574274765817,0.9961946980917455,4,0,0,0
2026-07-03 00:25:00,0.4166666666666667,0.10886687485196457,0.9940563382223196,4,0,0,0
2026-07-03 00:30:00,0.5,0.13052619222005157,0.9914448613738104,4,0,0,0
2026-07-03 00:35:00,0.5833333333333334,0.15212338618991672,0.9883615104677607,4,0,0,0
2026-07-03 00:40:00,0.6666666666666666,0.17364817766693033,0.984807753012208,4,0,0,0
2026-07-03 00:45:00,0.75,0.19509032201612825,0.9807852804032304,4,0,0,0
2026-07-03 00:50:00,0.8333333333333334,0.21643961393810288,0.9762960071199334,4,0,0,0
2026-07-03 00:55:00,0.9166666666666666,0.23768589232617307,0.9713420698132614,4,0,0,0
2026-07-03 01:00:00,1.0,0.25881904510252074,0.9659258262890683,4,0,0,0
2026-07-03 01:05:00,1.0833333333333333,0.27982901403099203,0.9600498543859287,4,0,0,0
2026-07-03 01:10:00,1.1666666666666667,0.3007057995042732,0.9537169507482269,4,0,0,0
2026-07-03 01:15:00,1.25,0.3214394653031616,0.9469301294951057,4,0,0,0
2026-07-03 01:20:00,1.3333333333333333,0.3420201433256687,0.9396926207859084,4,0,0,0
2026-07-03 01:25:00,1.4166666666666667,0.36243803828370164,0.9320078692827986,4,0,0,0
2026-07-03 01:30:00,1.5,0.3826834323650898,0.9238795325112867,4,0,0,0
2026-07-03 01:35:00,1.5833333333333335,0.40274668985873724,0.9153114791194471,4,0,0,0
2026-07-03 01:40:00,1.6666666666666665,0.4226182617406994,0.9063077870366499,4,0,0,0
2026-07-03 01:45:00,1.75,0.44228869021900125,0.8968727415326884,4,0,0,0
2026-07-03 01:50:00,1.8333333333333335,0.46174861323503397,0.8870108331782217,4,0,0,0
2026-07-03 01:55:00,1.9166666666666665,0.48098876891938763,0.8767267557075077,4,0,0,0
2026-07-03 02:00:00,2.0,0.49999999999999994,0.8660254037844387,4,0,0,0
2026-07-03 02:05:00,2.0833333333333335,0.5187732581605214,0.8549118706729466,4,0,0,0
2026-07-03 02:10:00,2.1666666666666665,0.5372996083468238,0.8433914458128857,4,0,0,0
2026-07-03 02:15:00,2.25,0.5555702330196022,0.8314696123025452,4,0,0,0
2026-07-03 02:20:00,2.3333333333333335,0.5735764363510462,0.8191520442889918,4,0,0,0
2026-07-03 02:25:00,2.4166666666666665,0.5913096483635824,0.8064446042674827,4,0,0,0
2026-07-03 02:30:00,2.5,0.6087614290087207,0.7933533402912352,4,0,0,0
2026-07-03 02:35:00,2.5833333333333335,0.6259234721840591,0.7798844830928818,4,0,0,0
2026-07-03 02:40:00,2.6666666666666665,0.6427876096865393,0.766044443118978,4,0,0,0
2026-07-03 02:45:00,2.75,0.6593458151000688,0.7518398074789774,4,0,0,0
2026-07-03 02:50:00,2.8333333333333335,0.6755902076156602,0.7372773368101241,4,0,0,0
2026-07-03 02:55:00,2.9166666666666665,0.6915130557822694,0.7223639620597556,4,0,0,0
2026-07-03 03:00:00,3.0,0.7071067811865476,0.7071067811865476,4,0,0,0
2026-07-03 03:05:00,3.0833333333333335,0.7223639620597555,0.6915130557822694,4,0,0,0
2026-07-03 03:10:00,3.1666666666666665,0.737277336810124,0.6755902076156602,4,0,0,0
2026-07-03 03:15:00,3.25,0.7518398074789774,0.6593458151000688,4,0,0,0
2026-07-03 03:20:00,3.3333333333333335,0.766044443118978,0.6427876096865394,4,0,0,0
2026-07-03 03:25:00,3.4166666666666665,0.7798844830928817,0.6259234721840591,4,0,0,0
2026-07-03 03:30:00,3.5,0.7933533402912352,0.6087614290087207,4,0,0,0
2026-07-03 03:35:00,3.5833333333333335,0.8064446042674825,0.5913096483635825,4,0,0,0
2026-07-03 03:40:00,3.6666666666666665,0.8191520442889917,0.5735764363510462,4,0,0,0
2026-07-03 03:45:00,3.75,0.8314696123025451,0.5555702330196024,4,0,0,0
2026-07-03 03:50:00,3.8333333333333335,0.8433914458128856,0.5372996083468239,4,0,0,0
2026-07-03 03:55:00,3.9166666666666665,0.8549118706729466,0.5187732581605216,4,0,0,0
2026-07-03 04:00:00,4.0,0.8660254037844386,0.5000000000000001,4,0,0,0
2026-07-03 04:05:00,4.083333333333333,0.8767267557075077,0.48098876891938774,4,0,0,0
2026-07-03 04:10:00,4.166666666666667,0.8870108331782217,0.46174861323503386,4,0,0,0
2026-07-03 04:15:00,4.25,0.8968727415326884,0.44228869021900125,4,0,0,0
2026-07-03 04:20:00,4.333333333333333,0.9063077870366498,0.4226182617406996,4,0,0,0
2026-07-03 04:25:00,4.416666666666667,0.9153114791194471,0.40274668985873724,4,0,0,0
2026-07-03 04:30:00,4.5,0.9238795325112867,0.38268343236508984,4,0,0,0
2026-07-03 04:35:00,4.583333333333333,0.9320078692827984,0.3624380382837017,4,0,0,0
2026-07-03 04:40:00,4.666666666666667,0.9396926207859084,0.3420201433256686,4,0,0,0
2026-07-03 04:45:00,4.75,0.9469301294951056,0.3214394653031617,4,0,0,0
2026-07-03 04:50:00,4.833333333333333,0.9537169507482268,0.3007057995042733,4,0,0,0
2026-07-03 04:55:00,4.916666666666667,0.9600498543859287,0.27982901403099203,4,0,0,0
2026-07-03 05:00:00,5.0,0.9659258262890683,0.25881904510252074,4,0,0,0
2026-07-03 05:05:00,5.083333333333333,0.9713420698132614,0.2376858923261731,4,0,0,0
2026-07-03 05:10:00,5.166666666666667,0.9762960071199334,0.2164396139381029,4,0,0,0
2026-07-03 05:15:00,5.25,0.9807852804032304,0.19509032201612833,4,0,0,0
2026-07-03 05:20:00,5.333333333333333,0.984807753012208,0.17364817766693041,4,0,0,0
2026-07-03 05:25:00,5.416666666666667,0.9883615104677607,0.1521233861899168,4,0,0,0
2026-07-03 05:30:00,5.5,0.9914448613738104,0.1305261922200517,4,0,0,0
2026-07-03 05:35:00,5.583333333333333,0.9940563382223196,0.10886687485196474,4,0,0,0
2026-07-03 05:40:00,5.666666666666667,0.9961946980917455,0.08715574274765814,4,0,0,0
2026-07-03 05:45:00,5.75,0.9978589232386035,0.06540312923014327,4,0,0,0
2026-07-03 05:50:00,5.833333333333333,0.9990482215818578,0.04361938736533601,4,0,0,0
2026-07-03 05:55:00,5.916666666666667,0.9997620270799091,0.021814885034560937,4,0,0,0
2026-07-03 06:00:00,6.0,1.0,6.123233995736766e-17,4,0,0,0
2026-07-03 06:05:00,6.083333333333333,0.9997620270799091,-0.02181488503456081,4,0,0,0
2026-07-03 06:10:00,6.166666666666667,0.9990482215818578,-0.04361938736533589,4,0,0,0
2026-07-03 06:15:00,6.25,0.9978589232386035,-0.06540312923014314,4,0,0,0
2026-07-03 06:20:00,6.333333333333333,0.9961946980917455,-0.08715574274765801,4,0,0,0
2026-07-03 06:25:00,6.416666666666667,0.9940563382223196,-0.10886687485196461,4,0,0,0
2026-07-03 06:30:00,6.5,0.9914448613738104,-0.1305261922200516,4,0,0,0
2026-07-03 06:35:00,6.583333333333333,0.9883615104677607,-0.1521233861899167,4,0,0,0
2026-07-03 06:40:00,6.666666666666667,0.984807753012208,-0.1736481776669303,4,0,0,0
2026-07-03 06:45:00,6.75,0.9807852804032304,-0.1950903220161282,4,0,0,0
2026-07-03 06:50:00,6.833333333333333,0.9762960071199334,-0.2164396139381028,4,0,0,0
2026-07-03 06:55:00,6.916666666666667,0.9713420698132614,-0.23768589232617318,4,0,0,0
2026-07-03 07:00:00,7.0,0.9659258262890683,-0.25881904510252063,4,0,0,0
2026-07-03 07:05:00,7.083333333333333,0.9600498543859287,-0.2798290140309919,4,0,0,0
2026-07-03 07:10:00,7.166666666666667,0.9537169507482269,-0.30070579950427295,4,0,0,0
2026-07-03 07:15:00,7.25,0.9469301294951057,-0.3214394653031616,4,0,0,0
2026-07-03 07:20:00,7.333333333333333,0.9396926207859084,-0.3420201433256685,4,0,0,0
2026-07-03 07:25:00,7.416666666666667,0.9320078692827986,-0.3624380382837016,4,0,0,0
2026-07-03 07:30:00,7.5,0.9238795325112868,-0.3826834323650895,4,0,0,0
2026-07-03 07:35:00,7.583333333333333,0.9153114791194472,-0.40274668985873713,4,0,0,0
2026-07-03 07:40:00,7.666666666666667,0.90630778703665,-0.42261826174069933,4,0,0,0
2026-07-03 07:45:00,7.75,0.8968727415326884,-0.44228869021900113,4,0,0,0
2026-07-03 07:50:00,7.833333333333333,0.8870108331782218,-0.4617486132350338,4,0,0,0
2026-07-03 07:55:00,7.916666666666667,0.8767267557075076,-0.48098876891938785,4,0,0,0
2026-07-03 08:00:00,8.0,0.8660254037844387,-0.4999999999999998,4,0,0,0
2026-07-03 08:05:00,8.083333333333334,0.8549118706729465,-0.5187732581605216,4,0,0,0
2026-07-03 08:10:00,8.166666666666666,0.8433914458128858,-0.5372996083468236,4,0,0,0
2026-07-03 08:15:00,8.25,0.8314696123025451,-0.5555702330196023,4,0,0,0
2026-07-03 08:20:00,8.333333333333334,0.8191520442889917,-0.5735764363510462,4,0,0,0
2026-07-03 08:25:00,8.416666666666666,0.8064446042674828,-0.5913096483635821,4,0,0,0
2026-07-03 08:30:00,8.5,0.7933533402912352,-0.6087614290087207,4,0,0,0
2026-07-03 08:35:00,8.583333333333334,0.7798844830928817,-0.6259234721840591,4,0,0,0
2026-07-03 08:40:00,8.666666666666666,0.7660444431189783,-0.642787609686539,4,0,0,0
2026-07-03 08:45:00,8.75,0.7518398074789774,-0.6593458151000688,4,0,0,0
2026-07-03 08:50:00,8.833333333333334,0.7372773368101241,-0.6755902076156602,4,0,0,0
2026-07-03 08:55:00,8.916666666666666,0.7223639620597556,-0.6915130557822693,4,0,0,0
2026-07-03 09:00:00,9.0,0.7071067811865476,-0.7071067811865475,4,0,0,0
2026-07-03 09:05:00,9.083333333333334,0.6915130557822694,-0.7223639620597555,4,0,0,0
2026-07-03 09:10:00,9.166666666666666,0.6755902076156604,-0.737277336810124,4,0,0,0
2026-07-03 09:15:00,9.25,0.659345815100069,-0.7518398074789773,4,0,0,0
2026-07-03 09:20:00,9.333333333333334,0.6427876096865391,-0.7660444431189782,4,0,0,0
2026-07-03 09:25:00,9.416666666666666,0.6259234721840592,-0.7798844830928817,4,0,0,0
2026-07-03 09:30:00,9.5,0.6087614290087209,-0.793353340291235,4,0,0,0
2026-07-03 09:35:00,9.583333333333334,0.5913096483635822,-0.8064446042674827,4,0,0,0
2026-07-03 09:40:00,9.666666666666666,0.5735764363510464,-0.8191520442889916,4,0,0,0
2026-07-03 09:45:00,9.75,0.5555702330196025,-0.831469612302545,4,0,0,0
2026-07-03 09:50:00,9.833333333333334,0.5372996083468238,-0.8433914458128857,4,0,0,0
2026-07-03 09:55:00,9.916666666666666,0.5187732581605218,-0.8549118706729464,4,0,0,0
2026-07-03 10:00:00,10.0,0.49999999999999994,-0.8660254037844387,4,0,0,0
2026-07-03 10:05:00,10.083333333333334,0.48098876891938763,-0.8767267557075077,4,0,0,0
2026-07-03 10:10:00,10.166666666666666,0.4617486132350339,-0.8870108331782217,4,0,0,0
2026-07-03 10:15:00,10.25,0.4422886902190017,-0.8968727415326881,4,0,0,0
2026-07-03 10:20:00,10.333333333333334,0.4226182617406995,-0.9063077870366499,4,0,0,0
2026-07-03 10:25:00,10.416666666666666,0.4027466898587373,-0.9153114791194471,4,0,0,0
2026-07-03 10:30:00,10.5,0.3826834323650899,-0.9238795325112867,4,0,0,0
2026-07-03 10:35:00,10.583333333333334,0.36243803828370136,-0.9320078692827987,4,0,0,0
2026-07-03 10:40:00,10.666666666666666,0.3420201433256689,-0.9396926207859083,4,0,0,0
2026-07-03 10:45:00,10.75,0.32143946530316175,-0.9469301294951056,4,0,0,0
2026-07-03 10:50:00,10.833333333333334,0.30070579950427334,-0.9537169507482268,4,0,0,0
2026-07-03 10:55:00,10.916666666666666,0.2798290140309927,-0.9600498543859285,4,0,0,0
2026-07-03 11:00:00,11.0,0.258819045102521,-0.9659258262890682,4,0,0,0
2026-07-03 11:05:00,11.083333333333334,0.23768589232617293,-0.9713420698132614,4,0,0,0
2026-07-03 11:10:00,11.166666666666666,0.21643961393810318,-0.9762960071199333,4,0,0,0
2026-07-03 11:15:00,11.25,0.19509032201612816,-0.9807852804032304,4,0,0,0
2026-07-03 11:20:00,11.333333333333334,0.17364817766693028,-0.984807753012208,4,0,0,0
2026-07-03 11:25:00,11.416666666666666,0.15212338618991708,-0.9883615104677607,4,0,0,0
2026-07-03 11:30:00,11.5,0.130526192220052,-0.9914448613738104,4,0,0,0
2026-07-03 11:35:00,11.583333333333334,0.10886687485196457,-0.9940563382223196,4,0,0,0
2026-07-03 11:40:00,11.666666666666666,0.0871557427476582,-0.9961946980917455,4,0,0,0
2026-07-03 11:45:00,11.75,0.06540312923014312,-0.9978589232386035,4,0,0,0
2026-07-03 11:50:00,11.833333333333334,0.043619387365335625,-0.9990482215818578,4,0,0,0
2026-07-03 11:55:00,11.916666666666666,0.021814885034561218,-0.9997620270799091,4,0,0,0
2026-07-03 12:00:00,12.0,1.2246467991473532e-16,-1.0,4,0,0,0
2026-07-03 12:05:00,12.083333333333334,-0.021814885034560975,-0.9997620270799091,4,0,0,0
2026-07-03 12:10:00,12.166666666666666,-0.04361938736533538,-0.9990482215818578,4,0,0,0
2026-07-03 12:15:00,12.25,-0.06540312923014287,-0.9978589232386035,4,0,0,0
2026-07-03 12:20:00,12.333333333333334,-0.08715574274765794,-0.9961946980917455,4,0,0,0
2026-07-03 12:25:00,12.416666666666666,-0.10886687485196432,-0.9940563382223196,4,0,0,0
2026-07-03 12:30:00,12.5,-0.13052619222005177,-0.9914448613738104,4,0,0,0
2026-07-03 12:35:00,12.583333333333334,-0.15212338618991683,-0.9883615104677607,4,0,0,0
2026-07-03 12:40:00,12.666666666666666,-0.17364817766693003,-0.9848077530122081,4,0,0,0
2026-07-03 12:45:00,12.75,-0.19509032201612792,-0.9807852804032305,4,0,0,0
2026-07-03 12:50:00,12.833333333333334,-0.21643961393810293,-0.9762960071199334,4,0,0,0
2026-07-03 12:55:00,12.916666666666666,-0.2376858923261727,-0.9713420698132615,4,0,0,0
2026-07-03 13:00:00,13.0,-0.2588190451025208,-0.9659258262890683,4,0,0,0
2026-07-03 13:05:00,13.083333333333334,-0.2798290140309925,-0.9600498543859286,4,0,0,0
2026-07-03 13:10:00,13.166666666666666,-0.30070579950427306,-0.9537169507482269,4,0,0,0
2026-07-03 13:15:00,13.25,-0.32143946530316153,-0.9469301294951057,4,0,0,0
2026-07-03 13:20:00,13.333333333333334,-0.34202014332566866,-0.9396926207859084,4,0,0,0
2026-07-03 13:25:00,13.416666666666666,-0.36243803828370114,-0.9320078692827987,4,0,0,0
2026-07-03 13:30:00,13.5,-0.38268343236508967,-0.9238795325112868,4,0,0,0
2026-07-03 13:35:00,13.583333333333334,-0.4027466898587371,-0.9153114791194472,4,0,0,0
2026-07-03 13:40:00,13.666666666666666,-0.4226182617406993,-0.90630778703665,4,0,0,0
2026-07-03 13:45:00,13.75,-0.44228869021900147,-0.8968727415326883,4,0,0,0
2026-07-03 13:50:00,13.833333333333334,-0.46174861323503413,-0.8870108331782216,4,0,0,0
2026-07-03 13:55:00,13.916666666666666,-0.4809887689193874,-0.8767267557075078,4,0,0,0
2026-07-03 14:00:00,14.0,-0.4999999999999997,-0.8660254037844388,4,0,0,0
2026-07-03 14:05:00,14.083333333333334,-0.5187732581605216,-0.8549118706729465,4,0,0,0
2026-07-03 14:10:00,14.166666666666666,-0.5372996083468236,-0.8433914458128858,4,0,0,0
2026-07-03 14:15:00,14.25,-0.555570233019602,-0.8314696123025455,4,0,0,0
2026-07-03 14:20:00,14.333333333333334,-0.5735764363510458,-0.819152044288992,4,0,0,0
2026-07-03 14:25:00,14.416666666666666,-0.5913096483635824,-0.8064446042674825,4,0,0,0
2026-07-03 14:30:00,14.5,-0.6087614290087207,-0.7933533402912352,4,0,0,0
2026-07-03 14:35:00,14.583333333333334,-0.6259234721840591,-0.7798844830928818,4,0,0,0
2026-07-03 14:40:00,14.666666666666666,-0.6427876096865389,-0.7660444431189783,4,0,0,0
2026-07-03 14:45:00,14.75,-0.6593458151000688,-0.7518398074789774,4,0,0,0
2026-07-03 14:50:00,14.833333333333334,-0.6755902076156601,-0.7372773368101241,4,0,0,0
2026-07-03 14:55:00,14.916666666666666,-0.691513055782269,-0.722363962059756,4,0,0,0
2026-07-03 15:00:00,15.0,-0.7071067811865471,-0.7071067811865479,4,0,0,0
2026-07-03 15:05:00,15.083333333333334,-0.7223639620597557,-0.6915130557822692,4,0,0,0
2026-07-03 15:10:00,15.166666666666666,-0.7372773368101239,-0.6755902076156604,4,0,0,0
2026-07-03 15:15:00,15.25,-0.7518398074789773,-0.6593458151000691,4,0,0,0
2026-07-03 15:20:00,15.333333333333334,-0.7660444431189779,-0.6427876096865395,4,0,0,0
2026-07-03 15:25:00,15.416666666666666,-0.7798844830928814,-0.6259234721840596,4,0,0,0
2026-07-03 15:30:00,15.5,-0.7933533402912349,-0.6087614290087209,4,0,0,0
2026-07-03 15:35:00,15.583333333333334,-0.8064446042674827,-0.5913096483635822,4,0,0,0
2026-07-03 15:40:00,15.666666666666666,-0.8191520442889916,-0.5735764363510464,4,0,0,0
2026-07-03 15:45:00,15.75,-0.8314696123025452,-0.5555702330196022,4,0,0,0
2026-07-03 15:50:00,15.833333333333334,-0.8433914458128859,-0.5372996083468234,4,0,0,0
2026-07-03 15:55:00,15.916666666666666,-0.8549118706729466,-0.5187732581605214,4,0,0,0
2026-07-03 16:00:00,16.0,-0.8660254037844385,-0.5000000000000004,4,0,0,0
2026-07-03 16:05:00,16.083333333333332,-0.8767267557075072,-0.48098876891938847,4,0,0,0
2026-07-03 16:10:00,16.166666666666668,-0.8870108331782218,-0.4617486132350336,4,0,0,0
2026-07-03 16:15:00,16.25,-0.8968727415326883,-0.44228869021900136,4,0,0,0
2026-07-03 16:20:00,16.333333333333332,-0.9063077870366497,-0.42261826174069994,4,0,0,0
2026-07-03 16:25:00,16.416666666666668,-0.9153114791194471,-0.40274668985873735,4,0,0,0
2026-07-03 16:30:00,16.5,-0.9238795325112868,-0.3826834323650895,4,0,0,0
2026-07-03 16:35:00,16.583333333333332,-0.9320078692827984,-0.3624380382837018,4,0,0,0
2026-07-03 16:40:00,16.666666666666668,-0.9396926207859084,-0.34202014332566855,4,0,0,0
2026-07-03 16:45:00,16.75,-0.9469301294951056,-0.3214394653031618,4,0,0,0
2026-07-03 16:50:00,16.833333333333332,-0.9537169507482267,-0.3007057995042738,4,0,0,0
2026-07-03 16:55:00,16.916666666666668,-0.9600498543859286,-0.27982901403099236,4,0,0,0
2026-07-03 17:00:00,17.0,-0.9659258262890683,-0.25881904510252063,4,0,0,0
2026-07-03 17:05:00,17.083333333333332,-0.9713420698132613,-0.23768589232617343,4,0,0,0
2026-07-03 17:10:00,17.166666666666668,-0.9762960071199334,-0.21643961393810282,4,0,0,0
2026-07-03 17:15:00,17.25,-0.9807852804032303,-0.19509032201612866,4,0,0,0
2026-07-03 17:20:00,17.333333333333332,-0.9848077530122079,-0.1736481776669312,4,0,0,0
2026-07-03 17:25:00,17.416666666666668,-0.9883615104677608,-0.15212338618991628,4,0,0,0
2026-07-03 17:30:00,17.5,-0.9914448613738104,-0.13052619222005163,4,0,0,0
2026-07-03 17:35:00,17.583333333333332,-0.9940563382223195,-0.10886687485196507,4,0,0,0
2026-07-03 17:40:00,17.666666666666668,-0.9961946980917455,-0.08715574274765825,4,0,0,0
2026-07-03 17:45:00,17.75,-0.9978589232386035,-0.06540312923014273,4,0,0,0
2026-07-03 17:50:00,17.833333333333332,-0.9990482215818578,-0.04361938736533613,4,0,0,0
2026-07-03 17:55:00,17.916666666666668,-0.9997620270799091,-0.021814885034560836,4,0,0,0
2026-07-03 18:00:00,18.0,-1.0,-1.8369701987210297e-16,4,0,0,0
2026-07-03 18:05:00,18.083333333333332,-0.9997620270799091,0.021814885034560468,4,0,0,0
2026-07-03 18:10:00,18.166666666666668,-0.9990482215818578,0.043619387365335764,4,0,0,0
2026-07-03 18:15:00,18.25,-0.9978589232386036,0.06540312923014237,4,0,0,0
2026-07-03 18:20:00,18.333333333333332,-0.9961946980917455,0.08715574274765789,4,0,0,0
2026-07-03 18:25:00,18.416666666666668,-0.9940563382223196,0.10886687485196471,4,0,0,0
2026-07-03 18:30:00,18.5,-0.9914448613738105,0.13052619222005127,4,0,0,0
2026-07-03 18:35:00,18.583333333333332,-0.9883615104677609,0.15212338618991592,4,0,0,0
2026-07-03 18:40:00,18.666666666666668,-0.984807753012208,0.17364817766693083,4,0,0,0
2026-07-03 18:45:00,18.75,-0.9807852804032304,0.1950903220161283,4,0,0,0
2026-07-03 18:50:00,18.833333333333332,-0.9762960071199335,0.21643961393810246,4,0,0,0
2026-07-03 18:55:00,18.916666666666668,-0.9713420698132614,0.23768589232617307,4,0,0,0
2026-07-03 19:00:00,19.0,-0.9659258262890684,0.2588190451025203,4,0,0,0
2026-07-03 19:05:00,19.083333333333332,-0.9600498543859287,0.279829014030992,4,0,0,0
2026-07-03 19:10:00,19.166666666666668,-0.9537169507482268,0.30070579950427345,4,0,0,0
2026-07-03 19:15:00,19.25,-0.9469301294951057,0.3214394653031615,4,0,0,0
2026-07-03 19:20:00,19.333333333333332,-0.9396926207859085,0.34202014332566816,4,0,0,0
2026-07-03 19:25:00,19.416666666666668,-0.9320078692827986,0.36243803828370147,4,0,0,0
2026-07-03 19:30:00,19.5,-0.923879532511287,0.38268343236508917,4,0,0,0
2026-07-03 19:35:00,19.583333333333332,-0.9153114791194472,0.402746689858737,4,0,0,0
2026-07-03 19:40:00,19.666666666666668,-0.9063077870366498,0.4226182617406996,4,0,0,0
2026-07-03 19:45:00,19.75,-0.8968727415326884,0.442288690219001,4,0,0,0
2026-07-03 19:50:00,19.833333333333332,-0.887010833178222,0.46174861323503325,4,0,0,0
2026-07-03 19:55:00,19.916666666666668,-0.8767267557075075,0.48098876891938813,4,0,0,0
2026-07-03 20:00:00,20.0,-0.8660254037844386,0.5000000000000001,4,0,0,0
2026-07-03 20:05:00,20.083333333333332,-0.8549118706729468,0.5187732581605211,4,0,0,0
2026-07-03 20:10:00,20.166666666666668,-0.8433914458128857,0.5372996083468239,4,0,0,0
2026-07-03 20:15:00,20.25,-0.8314696123025455,0.5555702330196018,4,0,0,0
2026-07-03 20:20:00,20.333333333333332,-0.8191520442889918,0.573576436351046,4,0,0,0
2026-07-03 20:25:00,20.416666666666668,-0.8064446042674829,0.591309648363582,4,0,0,0
2026-07-03 20:30:00,20.5,-0.7933533402912357,0.6087614290087199,4,0,0,0
2026-07-03 20:35:00,20.583333333333332,-0.7798844830928816,0.6259234721840593,4,0,0,0
2026-07-03 20:40:00,20.666666666666668,-0.7660444431189781,0.6427876096865393,4,0,0,0
2026-07-03 20:45:00,20.75,-0.7518398074789772,0.6593458151000691,4,0,0,0
2026-07-03 20:50:00,20.833333333333332,-0.7372773368101242,0.6755902076156601,4,0,0,0
2026-07-03 20:55:00,20.916666666666668,-0.7223639620597554,0.6915130557822695,4,0,0,0
2026-07-03 21:00:00,21.0,-0.7071067811865477,0.7071067811865474,4,0,0,0
2026-07-03 21:05:00,21.083333333333332,-0.6915130557822698,0.7223639620597551,4,0,0,0
2026-07-03 21:10:00,21.166666666666668,-0.6755902076156598,0.7372773368101244,4,0,0,0
2026-07-03 21:15:00,21.25,-0.6593458151000687,0.7518398074789775,4,0,0,0
2026-07-03 21:20:00,21.333333333333332,-0.6427876096865396,0.7660444431189778,4,0,0,0
2026-07-03 21:25:00,21.416666666666668,-0.625923472184059,0.7798844830928818,4,0,0,0
2026-07-03 21:30:00,21.5,-0.608761429008721,0.7933533402912349,4,0,0,0
2026-07-03 21:35:00,21.583333333333332,-0.591309648363583,0.8064446042674821,4,0,0,0
2026-07-03 21:40:00,21.666666666666668,-0.5735764363510465,0.8191520442889916,4,0,0,0
2026-07-03 21:45:00,21.75,-0.555570233019603,0.8314696123025447,4,0,0,0
2026-07-03 21:50:00,21.833333333333332,-0.537299608346825,0.8433914458128849,4,0,0,0
2026-07-03 21:55:00,21.916666666666668,-0.5187732581605214,0.8549118706729466,4,0,0,0
2026-07-03 22:00:00,22.0,-0.5000000000000004,0.8660254037844384,4,0,0,0
2026-07-03 22:05:00,22.083333333333332,-0.48098876891938774,0.8767267557075077,4,0,0,0
2026-07-03 22:10:00,22.166666666666668,-0.46174861323503363,0.8870108331782218,4,0,0,0
2026-07-03 22:15:00,22.25,-0.4422886902190014,0.8968727415326883,4,0,0,0
2026-07-03 22:20:00,22.333333333333332,-0.4226182617407,0.9063077870366497,4,0,0,0
2026-07-03 22:25:00,22.416666666666668,-0.40274668985873663,0.9153114791194474,4,0,0,0
2026-07-03 22:30:00,22.5,-0.38268343236508956,0.9238795325112868,4,0,0,0
2026-07-03 22:35:00,22.583333333333332,-0.36243803828370186,0.9320078692827984,4,0,0,0
2026-07-03 22:40:00,22.666666666666668,-0.3420201433256686,0.9396926207859084,4,0,0,0
2026-07-03 22:45:00,22.75,-0.32143946530316186,0.9469301294951056,4,0,0,0
2026-07-03 22:50:00,22.833333333333332,-0.30070579950427384,0.9537169507482267,4,0,0,0
2026-07-03 22:55:00,22.916666666666668,-0.2798290140309924,0.9600498543859286,4,0,0,0
2026-07-03 23:00:00,23.0,-0.25881904510252157,0.9659258262890681,4,0,0,0
2026-07-03 23:05:00,23.083333333333332,-0.23768589232617435,0.9713420698132611,4,0,0,0
2026-07-03 23:10:00,23.166666666666668,-0.21643961393810288,0.9762960071199334,4,0,0,0
2026-07-03 23:15:00,23.25,-0.19509032201612872,0.9807852804032303,4,0,0,0
2026-07-03 23:20:00,23.333333333333332,-0.1736481776669304,0.984807753012208,4,0,0,0
2026-07-03 23:25:00,23.416666666666668,-0.1521233861899172,0.9883615104677607,4,0,0,0
2026-07-03 23:30:00,23.5,-0.13052619222005168,0.9914448613738104,4,0,0,0
2026-07-03 23:35:00,23.583333333333332,-0.10886687485196514,0.9940563382223195,4,0,0,0
2026-07-03 23:40:00,23.666666666666668,-0.08715574274765743,0.9961946980917455,4,0,0,0
2026-07-03 23:45:00,23.75,-0.0654031292301428,0.9978589232386035,4,0,0,0
2026-07-03 23:50:00,23.833333333333332,-0.043619387365336194,0.9990482215818578,4,0,0,0
2026-07-03 23:55:00,23.916666666666668,-0.0218148850345609,0.9997620270799091,4,0,0,0
2026-07-04 00:00:00,0.0,0.0,1.0,5,1,0,1
2026-07-04 00:05:00,0.08333333333333333,0.02181488503456112,0.9997620270799091,5,1,0,0
2026-07-04 00:10:00,0.16666666666666666,0.043619387365336,0.9990482215818578,5,1,0,0
2026-07-04 00:15:00,0.25,0.06540312923014306,0.9978589232386035,5,1,0,0
2026-07-04 00:20:00,0.3333333333333333,0.08715574274765817,0.9961946980917455,5,1,0,0
2026-07-04 00:25:00,0.4166666666666667,0.10886687485196457,0.9940563382223196,5,1,0,0
2026-07-04 00:30:00,0.5,0.13052619222005157,0.9914448613738104,5,1,0,0
2026-07-04 00:35:00,0.5833333333333334,0.15212338618991672,0.9883615104677607,5,1,0,1
2026-07-04 00:40:00,0.6666666666666666,0.17364817766693033,0.984807753012208,5,1,0,0
2026-07-04 00:45:00,0.75,0.19509032201612825,0.9807852804032304,5,1,0,1
2026-07-04 00:50:00,0.8333333333333334,0.21643961393810288,0.9762960071199334,5,1,0,1
2026-07-04 00:55:00,0.9166666666666666,0.23768589232617307,0.9713420698132614,5,1,0,0
2026-07-04 01:00:00,1.0,0.25881904510252074,0.9659258262890683,5,1,0,0
2026-07-04 01:05:00,1.0833333333333333,0.27982901403099203,0.9600498543859287,5,1,0,0
2026-07-04 01:10:00,1.1666666666666667,0.3007057995042732,0.9537169507482269,5,1,0,0
2026-07-04 01:15:00,1.25,0.3214394653031616,0.9469301294951057,5,1,0,0
2026-07-04 01:20:00,1.3333333333333333,0.3420201433256687,0.9396926207859084,5,1,0,1
2026-07-04 01:25:00,1.4166666666666667,0.36243803828370164,0.9320078692827986,5,1,0,1
2026-07-04 01:30:00,1.5,0.3826834323650898,0.9238795325112867,5,1,0,0
2026-07-04 01:35:00,1.5833333333333335,0.40274668985873724,0.9153114791194471,5,1,0,0
2026-07-04 01:40:00,1.6666666666666665,0.4226182617406994,0.9063077870366499,5,1,0,1
2026-07-04 01:45:00,1.75,0.44228869021900125,0.8968727415326884,5,1,0,1
2026-07-04 01:50:00,1.8333333333333335,0.46174861323503397,0.8870108331782217,5,1,0,1
2026-07-04 01:55:00,1.9166666666666665,0.48098876891938763,0.8767267557075077,5,1,0,0
2026-07-04 02:00:00,2.0,0.49999999999999994,0.8660254037844387,5,1,0,0
2026-07-04 02:05:00,2.0833333333333335,0.5187732581605214,0.8549118706729466,5,1,0,0
2026-07-04 02:10:00,2.1666666666666665,0.5372996083468238,0.8433914458128857,5,1,0,0
2026-07-04 02:15:00,2.25,0.5555702330196022,0.8314696123025452,5,1,0,0
2026-07-04 02:20:00,2.3333333333333335,0.5735764363510462,0.8191520442889918,5,1,0,0
2026-07-04 02:25:00,2.4166666666666665,0.5913096483635824,0.8064446042674827,5,1,0,0
2026-07-04 02:30:00,2.5,0.6087614290087207,0.7933533402912352,5,1,0,0
2026-07-04 02:35:00,2.5833333333333335,0.6259234721840591,0.7798844830928818,5,1,0,0
2026-07-04 02:40:00,2.6666666666666665,0.6427876096865393,0.766044443118978,5,1,0,0
2026-07-04 02:45:00,2.75,0.6593458151000688,0.7518398074789774,5,1,0,0
2026-07-04 02:50:00,2.8333333333333335,0.6755902076156602,0.7372773368101241,5,1,0,0
2026-07-04 02:55:00,2.9166666666666665,0.6915130557822694,0.7223639620597556,5,1,0,0
2026-07-04 03:00:00,3.0,0.7071067811865476,0.7071067811865476,5,1,0,1
2026-07-04 03:05:00,3.0833333333333335,0.7223639620597555,0.6915130557822694,5,1,0,0
2026-07-04 03:10:00,3.1666666666666665,0.737277336810124,0.6755902076156602,5,1,0,0
2026-07-04 03:15:00,3.25,0.7518398074789774,0.6593458151000688,5,1,0,0
2026-07-04 03:20:00,3.3333333333333335,0.766044443118978,0.6427876096865394,5,1,0,1
2026-07-04 03:25:00,3.4166666666666665,0.7798844830928817,0.6259234721840591,5,1,0,0
2026-07-04 03:30:00,3.5,0.7933533402912352,0.6087614290087207,5,1,0,0
2026-07-04 03:35:00,3.5833333333333335,0.8064446042674825,0.5913096483635825,5,1,0,0
2026-07-04 03:40:00,3.6666666666666665,0.8191520442889917,0.5735764363510462,5,1,0,0
2026-07-04 03:45:00,3.75,0.8314696123025451,0.5555702330196024,5,1,0,0
2026-07-04 03:50:00,3.8333333333333335,0.8433914458128856,0.5372996083468239,5,1,0,0
2026-07-04 03:55:00,3.9166666666666665,0.8549118706729466,0.5187732581605216,5,1,0,1
2026-07-04 04:00:00,4.0,0.8660254037844386,0.5000000000000001,5,1,0,0
2026-07-04 04:05:00,4.083333333333333,0.8767267557075077,0.48098876891938774,5,1,0,1
2026-07-04 04:10:00,4.166666666666667,0.8870108331782217,0.46174861323503386,5,1,0,1
2026-07-04 04:15:00,4.25,0.8968727415326884,0.44228869021900125,5,1,0,0
2026-07-04 04:20:00,4.333333333333333,0.9063077870366498,0.4226182617406996,5,1,0,1
2026-07-04 04:25:00,4.416666666666667,0.9153114791194471,0.40274668985873724,5,1,0,0
2026-07-04 04:30:00,4.5,0.9238795325112867,0.38268343236508984,5,1,0,0
2026-07-04 04:35:00,4.583333333333333,0.9320078692827984,0.3624380382837017,5,1,0,0
2026-07-04 04:40:00,4.666666666666667,0.9396926207859084,0.3420201433256686,5,1,0,0
2026-07-04 04:45:00,4.75,0.9469301294951056,0.3214394653031617,5,1,0,0
2026-07-04 04:50:00,4.833333333333333,0.9537169507482268,0.3007057995042733,5,1,0,0
2026-07-04 04:55:00,4.916666666666667,0.9600498543859287,0.27982901403099203,5,1,0,0
2026-07-04 05:00:00,5.0,0.9659258262890683,0.25881904510252074,5,1,0,0
2026-07-04 05:05:00,5.083333333333333,0.9713420698132614,0.2376858923261731,5,1,0,0
2026-07-04 05:10:00,5.166666666666667,0.9762960071199334,0.2164396139381029,5,1,0,0
2026-07-04 05:15:00,5.25,0.9807852804032304,0.19509032201612833,5,1,0,0
2026-07-04 05:20:00,5.333333333333333,0.984807753012208,0.17364817766693041,5,1,0,0
2026-07-04 05:25:00,5.416666666666667,0.9883615104677607,0.1521233861899168,5,1,0,1
2026-07-04 05:30:00,5.5,0.9914448613738104,0.1305261922200517,5,1,0,0
2026-07-04 05:35:00,5.583333333333333,0.9940563382223196,0.10886687485196474,5,1,0,1
2026-07-04 05:40:00,5.666666666666667,0.9961946980917455,0.08715574274765814,5,1,0,0
2026-07-04 05:45:00,5.75,0.9978589232386035,0.06540312923014327,5,1,0,0
2026-07-04 05:50:00,5.833333333333333,0.9990482215818578,0.04361938736533601,5,1,0,0
2026-07-04 05:55:00,5.916666666666667,0.9997620270799091,0.021814885034560937,5,1,0,0
2026-07-04 06:00:00,6.0,1.0,6.123233995736766e-17,5,1,0,0
2026-07-04 06:05:00,6.083333333333333,0.9997620270799091,-0.02181488503456081,5,1,0,1
2026-07-04 06:10:00,6.166666666666667,0.9990482215818578,-0.04361938736533589,5,1,0,0
2026-07-04 06:15:00,6.25,0.9978589232386035,-0.06540312923014314,5,1,0,1
2026-07-04 06:20:00,6.333333333333333,0.9961946980917455,-0.08715574274765801,5,1,0,1
2026-07-04 06:25:00,6.416666666666667,0.9940563382223196,-0.10886687485196461,5,1,0,1
2026-07-04 06:30:00,6.5,0.9914448613738104,-0.1305261922200516,5,1,0,1
2026-07-04 06:35:00,6.583333333333333,0.9883615104677607,-0.1521233861899167,5,1,0,0
2026-07-04 06:40:00,6.666666666666667,0.984807753012208,-0.1736481776669303,5,1,0,0
2026-07-04 06:45:00,6.75,0.9807852804032304,-0.1950903220161282,5,1,0,0
2026-07-04 06:50:00,6.833333333333333,0.9762960071199334,-0.2164396139381028,5,1,0,0
2026-07-04 06:55:00,6.916666666666667,0.9713420698132614,-0.23768589232617318,5,1,0,0
2026-07-04 07:00:00,7.0,0.9659258262890683,-0.25881904510252063,5,1,0,1
2026-07-04 07:05:00,7.083333333333333,0.9600498543859287,-0.2798290140309919,5,1,0,0
2026-07-04 07:10:00,7.166666666666667,0.9537169507482269,-0.30070579950427295,5,1,0,0
2026-07-04 07:15:00,7.25,0.9469301294951057,-0.3214394653031616,5,1,0,0
2026-07-04 07:20:00,7.333333333333333,0.9396926207859084,-0.3420201433256685,5,1,0,0
2026-07-04 07:25:00,7.416666666666667,0.9320078692827986,-0.3624380382837016,5,1,0,0
2026-07-04 07:30:00,7.5,0.9238795325112868,-0.3826834323650895,5,1,0,1
2026-07-04 07:35:00,7.583333333333333,0.9153114791194472,-0.40274668985873713,5,1,0,0
2026-07-04 07:40:00,7.666666666666667,0.90630778703665,-0.42261826174069933,5,1,0,0
2026-07-04 07:45:00,7.75,0.8968727415326884,-0.44228869021900113,5,1,0,0
2026-07-04 07:50:00,7.833333333333333,0.8870108331782218,-0.4617486132350338,5,1,0,0
2026-07-04 07:55:00,7.916666666666667,0.8767267557075076,-0.48098876891938785,5,1,0,0
2026-07-04 08:00:00,8.0,0.8660254037844387,-0.4999999999999998,5,1,0,0
2026-07-04 08:05:00,8.083333333333334,0.8549118706729465,-0.5187732581605216,5,1,0,0
2026-07-04 08:10:00,8.166666666666666,0.8433914458128858,-0.5372996083468236,5,1,0,0
2026-07-04 08:15:00,8.25,0.8314696123025451,-0.5555702330196023,5,1,0,0
2026-07-04 08:20:00,8.333333333333334,0.8191520442889917,-0.5735764363510462,5,1,0,0
2026-07-04 08:25:00,8.416666666666666,0.8064446042674828,-0.5913096483635821,5,1,0,0
2026-07-04 08:30:00,8.5,0.7933533402912352,-0.6087614290087207,5,1,0,0
2026-07-04 08:35:00,8.583333333333334,0.7798844830928817,-0.6259234721840591,5,1,0,0
2026-07-04 08:40:00,8.666666666666666,0.7660444431189783,-0.642787609686539,5,1,0,1
2026-07-04 08:45:00,8.75,0.7518398074789774,-0.6593458151000688,5,1,0,0
2026-07-04 08:50:00,8.833333333333334,0.7372773368101241,-0.6755902076156602,5,1,0,0
2026-07-04 08:55:00,8.916666666666666,0.7223639620597556,-0.6915130557822693,5,1,0,0
2026-07-04 09:00:00,9.0,0.7071067811865476,-0.7071067811865475,5,1,0,0
2026-07-04 09:05:00,9.083333333333334,0.6915130557822694,-0.7223639620597555,5,1,0,0
2026-07-04 09:10:00,9.166666666666666,0.6755902076156604,-0.737277336810124,5,1,0,0
2026-07-04 09:15:00,9.25,0.659345815100069,-0.7518398074789773,5,1,0,1
2026-07-04 09:20:00,9.333333333333334,0.6427876096865391,-0.7660444431189782,5,1,0,0
2026-07-04 09:25:00,9.416666666666666,0.6259234721840592,-0.7798844830928817,5,1,0,0
2026-07-04 09:30:00,9.5,0.6087614290087209,-0.793353340291235,5,1,0,0
2026-07-04 09:35:00,9.583333333333334,0.5913096483635822,-0.8064446042674827,5,1,0,0
2026-07-04 09:40:00,9.666666666666666,0.5735764363510464,-0.8191520442889916,5,1,0,0
2026-07-04 09:45:00,9.75,0.5555702330196025,-0.831469612302545,5,1,0,0
2026-07-04 09:50:00,9.833333333333334,0.5372996083468238,-0.8433914458128857,5,1,0,1
2026-07-04 09:55:00,9.916666666666666,0.5187732581605218,-0.8549118706729464,5,1,0,0
2026-07-04 10:00:00,10.0,0.49999999999999994,-0.8660254037844387,5,1,0,0
2026-07-04 10:05:00,10.083333333333334,0.48098876891938763,-0.8767267557075077,5,1,0,1
2026-07-04 10:10:00,10.166666666666666,0.4617486132350339,-0.8870108331782217,5,1,0,0
2026-07-04 10:15:00,10.25,0.4422886902190017,-0.8968727415326881,5,1,0,1
2026-07-04 10:20:00,10.333333333333334,0.4226182617406995,-0.9063077870366499,5,1,0,0
2026-07-04 10:25:00,10.416666666666666,0.4027466898587373,-0.9153114791194471,5,1,0,1
2026-07-04 10:30:00,10.5,0.3826834323650899,-0.9238795325112867,5,1,0,0
2026-07-04 10:35:00,10.583333333333334,0.36243803828370136,-0.9320078692827987,5,1,0,1
2026-07-04 10:40:00,10.666666666666666,0.3420201433256689,-0.9396926207859083,5,1,0,1
2026-07-04 10:45:00,10.75,0.32143946530316175,-0.9469301294951056,5,1,0,0
2026-07-04 10:50:00,10.833333333333334,0.30070579950427334,-0.9537169507482268,5,1,0,1
2026-07-04 10:55:00,10.916666666666666,0.2798290140309927,-0.9600498543859285,5,1,0,0
2026-07-04 11:00:00,11.0,0.258819045102521,-0.9659258262890682,5,1,0,0
2026-07-04 11:05:00,11.083333333333334,0.23768589232617293,-0.9713420698132614,5,1,0,0
2026-07-04 11:10:00,11.166666666666666,0.21643961393810318,-0.9762960071199333,5,1,0,0
2026-07-04 11:15:00,11.25,0.19509032201612816,-0.9807852804032304,5,1,0,0
2026-07-04 11:20:00,11.333333333333334,0.17364817766693028,-0.984807753012208,5,1,0,0
2026-07-04 11:25:00,11.416666666666666,0.15212338618991708,-0.9883615104677607,5,1,0,0
2026-07-04 11:30:00,11.5,0.130526192220052,-0.9914448613738104,5,1,0,1
2026-07-04 11:35:00,11.583333333333334,0.10886687485196457,-0.9940563382223196,5,1,0,1
2026-07-04 11:40:00,11.666666666666666,0.0871557427476582,-0.9961946980917455,5,1,0,0
2026-07-04 11:45:00,11.75,0.06540312923014312,-0.9978589232386035,5,1,0,0
2026-07-04 11:50:00,11.833333333333334,0.043619387365335625,-0.9990482215818578,5,1,0,0
2026-07-04 11:55:00,11.916666666666666,0.021814885034561218,-0.9997620270799091,5,1,0,0
2026-07-04 12:00:00,12.0,1.2246467991473532e-16,-1.0,5,1,0,0
2026-07-04 12:05:00,12.083333333333334,-0.021814885034560975,-0.9997620270799091,5,1,0,0
2026-07-04 12:10:00,12.166666666666666,-0.04361938736533538,-0.9990482215818578,5,1,0,0
2026-07-04 12:15:00,12.25,-0.06540312923014287,-0.9978589232386035,5,1,0,1
2026-07-04 12:20:00,12.333333333333334,-0.08715574274765794,-0.9961946980917455,5,1,0,0
2026-07-04 12:25:00,12.416666666666666,-0.10886687485196432,-0.9940563382223196,5,1,0,0
2026-07-04 12:30:00,12.5,-0.13052619222005177,-0.9914448613738104,5,1,0,0
2026-07-04 12:35:00,12.583333333333334,-0.15212338618991683,-0.9883615104677607,5,1,0,0
2026-07-04 12:40:00,12.666666666666666,-0.17364817766693003,-0.9848077530122081,5,1,0,0
2026-07-04 12:45:00,12.75,-0.19509032201612792,-0.9807852804032305,5,1,0,0
2026-07-04 12:50:00,12.833333333333334,-0.21643961393810293,-0.9762960071199334,5,1,0,0
2026-07-04 12:55:00,12.916666666666666,-0.2376858923261727,-0.9713420698132615,5,1,0,0
2026-07-04 13:00:00,13.0,-0.2588190451025208,-0.9659258262890683,5,1,0,1
2026-07-04 13:05:00,13.083333333333334,-0.2798290140309925,-0.9600498543859286,5,1,0,1
2026-07-04 13:10:00,13.166666666666666,-0.30070579950427306,-0.9537169507482269,5,1,0,0
2026-07-04 13:15:00,13.25,-0.32143946530316153,-0.9469301294951057,5,1,0,0
2026-07-04 13:20:00,13.333333333333334,-0.34202014332566866,-0.9396926207859084,5,1,0,0
2026-07-04 13:25:00,13.416666666666666,-0.36243803828370114,-0.9320078692827987,5,1,0,0
2026-07-04 13:30:00,13.5,-0.38268343236508967,-0.9238795325112868,5,1,0,0
2026-07-04 13:35:00,13.583333333333334,-0.4027466898587371,-0.9153114791194472,5,1,0,0
2026-07-04 13:40:00,13.666666666666666,-0.4226182617406993,-0.90630778703665,5,1,0,0
2026-07-04 13:45:00,13.75,-0.44228869021900147,-0.8968727415326883,5,1,0,0
2026-07-04 13:50:00,13.833333333333334,-0.46174861323503413,-0.8870108331782216,5,1,0,0
2026-07-04 13:55:00,13.916666666666666,-0.4809887689193874,-0.8767267557075078,5,1,0,1
2026-07-04 14:00:00,14.0,-0.4999999999999997,-0.8660254037844388,5,1,0,1
2026-07-04 14:05:00,14.083333333333334,-0.5187732581605216,-0.8549118706729465,5,1,0,1
2026-07-04 14:10:00,14.166666666666666,-0.5372996083468236,-0.8433914458128858,5,1,0,0
2026-07-04 14:15:00,14.25,-0.555570233019602,-0.8314696123025455,5,1,0,1
2026-07-04 14:20:00,14.333333333333334,-0.5735764363510458,-0.819152044288992,5,1,0,0
2026-07-04 14:25:00,14.416666666666666,-0.5913096483635824,-0.8064446042674825,5,1,0,1
2026-07-04 14:30:00,14.5,-0.6087614290087207,-0.7933533402912352,5,1,0,0
2026-07-04 14:35:00,14.583333333333334,-0.6259234721840591,-0.7798844830928818,5,1,0,1
2026-07-04 14:40:00,14.666666666666666,-0.6427876096865389,-0.7660444431189783,5,1,0,0
2026-07-04 14:45:00,14.75,-0.6593458151000688,-0.7518398074789774,5,1,0,1
2026-07-04 14:50:00,14.833333333333334,-0.6755902076156601,-0.7372773368101241,5,1,0,1
2026-07-04 14:55:00,14.916666666666666,-0.691513055782269,-0.722363962059756,5,1,0,0
2026-07-04 15:00:00,15.0,-0.7071067811865471,-0.7071067811865479,5,1,0,0
2026-07-04 15:05:00,15.083333333333334,-0.7223639620597557,-0.6915130557822692,5,1,0,1
2026-07-04 15:10:00,15.166666666666666,-0.7372773368101239,-0.6755902076156604,5,1,0,0
2026-07-04 15:15:00,15.25,-0.7518398074789773,-0.6593458151000691,5,1,0,1
2026-07-04 15:20:00,15.333333333333334,-0.7660444431189779,-0.6427876096865395,5,1,0,0
2026-07-04 15:25:00,15.416666666666666,-0.7798844830928814,-0.6259234721840596,5,1,0,0
2026-07-04 15:30:00,15.5,-0.7933533402912349,-0.6087614290087209,5,1,0,0
2026-07-04 15:35:00,15.583333333333334,-0.8064446042674827,-0.5913096483635822,5,1,0,0
2026-07-04 15:40:00,15.666666666666666,-0.8191520442889916,-0.5735764363510464,5,1,0,1
2026-07-04 15:45:00,15.75,-0.8314696123025452,-0.5555702330196022,5,1,0,0
2026-07-04 15:50:00,15.833333333333334,-0.8433914458128859,-0.5372996083468234,5,1,0,0
2026-07-04 15:55:00,15.916666666666666,-0.8549118706729466,-0.5187732581605214,5,1,0,0
2026-07-04 16:00:00,16.0,-0.8660254037844385,-0.5000000000000004,5,1,0,0
2026-07-04 16:05:00,16.083333333333332,-0.8767267557075072,-0.48098876891938847,5,1,0,1
2026-07-04 16:10:00,16.166666666666668,-0.8870108331782218,-0.4617486132350336,5,1,0,1
2026-07-04 16:15:00,16.25,-0.8968727415326883,-0.44228869021900136,5,1,0,0
2026-07-04 16:20:00,16.333333333333332,-0.9063077870366497,-0.42261826174069994,5,1,0,1
2026-07-04 16:25:00,16.416666666666668,-0.9153114791194471,-0.40274668985873735,5,1,0,1
2026-07-04 16:30:00,16.5,-0.9238795325112868,-0.3826834323650895,5,1,0,0
2026-07-04 16:35:00,16.583333333333332,-0.9320078692827984,-0.3624380382837018,5,1,0,1
2026-07-04 16:40:00,16.666666666666668,-0.9396926207859084,-0.34202014332566855,5,1,0,0
2026-07-04 16:45:00,16.75,-0.9469301294951056,-0.3214394653031618,5,1,0,0
2026-07-04 16:50:00,16.833333333333332,-0.9537169507482267,-0.3007057995042738,5,1,0,1
2026-07-04 16:55:00,16.916666666666668,-0.9600498543859286,-0.27982901403099236,5,1,0,0
2026-07-04 17:00:00,17.0,-0.9659258262890683,-0.25881904510252063,5,1,0,1
2026-07-04 17:05:00,17.083333333333332,-0.9713420698132613,-0.23768589232617343,5,1,0,1
2026-07-04 17:10:00,17.166666666666668,-0.9762960071199334,-0.21643961393810282,5,1,0,0
2026-07-04 17:15:00,17.25,-0.9807852804032303,-0.19509032201612866,5,1,0,1
2026-07-04 17:20:00,17.333333333333332,-0.9848077530122079,-0.1736481776669312,5,1,0,0
2026-07-04 17:25:00,17.416666666666668,-0.9883615104677608,-0.15212338618991628,5,1,0,0
2026-07-04 17:30:00,17.5,-0.9914448613738104,-0.13052619222005163,5,1,0,0
2026-07-04 17:35:00,17.583333333333332,-0.9940563382223195,-0.10886687485196507,5,1,0,1
2026-07-04 17:40:00,17.666666666666668,-0.9961946980917455,-0.08715574274765825,5,1,0,0
2026-07-04 17:45:00,17.75,-0.9978589232386035,-0.06540312923014273,5,1,0,0
2026-07-04 17:50:00,17.833333333333332,-0.9990482215818578,-0.04361938736533613,5,1,0,0
2026-07-04 17:55:00,17.916666666666668,-0.9997620270799091,-0.021814885034560836,5,1,0,1
2026-07-04 18:00:00,18.0,-1.0,-1.8369701987210297e-16,5,1,0,0
2026-07-04 18:05:00,18.083333333333332,-0.9997620270799091,0.021814885034560468,5,1,0,0
2026-07-04 18:10:00,18.166666666666668,-0.9990482215818578,0.043619387365335764,5,1,0,0
2026-07-04 18:15:00,18.25,-0.9978589232386036,0.06540312923014237,5,1,0,0
2026-07-04 18:20:00,18.333333333333332,-0.9961946980917455,0.08715574274765789,5,1,0,1
2026-07-04 18:25:00,18.416666666666668,-0.9940563382223196,0.10886687485196471,5,1,0,0
2026-07-04 18:30:00,18.5,-0.9914448613738105,0.13052619222005127,5,1,0,0
2026-07-04 18:35:00,18.583333333333332,-0.9883615104677609,0.15212338618991592,5,1,0,1
2026-07-04 18:40:00,18.666666666666668,-0.984807753012208,0.17364817766693083,5,1,0,0
2026-07-04 18:45:00,18.75,-0.9807852804032304,0.1950903220161283,5,1,0,1
2026-07-04 18:50:00,18.833333333333332,-0.9762960071199335,0.21643961393810246,5,1,0,0
2026-07-04 18:55:00,18.916666666666668,-0.9713420698132614,0.23768589232617307,5,1,0,1
2026-07-04 19:00:00,19.0,-0.9659258262890684,0.2588190451025203,5,1,0,0
2026-07-04 19:05:00,19.083333333333332,-0.9600498543859287,0.279829014030992,5,1,0,0
2026-07-04 19:10:00,19.166666666666668,-0.9537169507482268,0.30070579950427345,5,1,0,1
2026-07-04 19:15:00,19.25,-0.9469301294951057,0.3214394653031615,5,1,0,1
2026-07-04 19:20:00,19.333333333333332,-0.9396926207859085,0.34202014332566816,5,1,0,1
2026-07-04 19:25:00,19.416666666666668,-0.9320078692827986,0.36243803828370147,5,1,0,0
2026-07-04 19:30:00,19.5,-0.923879532511287,0.38268343236508917,5,1,0,1
2026-07-04 19:35:00,19.583333333333332,-0.9153114791194472,0.402746689858737,5,1,0,1
2026-07-04 19:40:00,19.666666666666668,-0.9063077870366498,0.4226182617406996,5,1,0,0
2026-07-04 19:45:00,19.75,-0.8968727415326884,0.442288690219001,5,1,0,1
2026-07-04 19:50:00,19.833333333333332,-0.887010833178222,0.46174861323503325,5,1,0,1
2026-07-04 19:55:00,19.916666666666668,-0.8767267557075075,0.48098876891938813,5,1,0,0
2026-07-04 20:00:00,20.0,-0.8660254037844386,0.5000000000000001,5,1,0,0
2026-07-04 20:05:00,20.083333333333332,-0.8549118706729468,0.5187732581605211,5,1,0,0
2026-07-04 20:10:00,20.166666666666668,-0.8433914458128857,0.5372996083468239,5,1,0,0
2026-07-04 20:15:00,20.25,-0.8314696123025455,0.5555702330196018,5,1,0,0
2026-07-04 20:20:00,20.333333333333332,-0.8191520442889918,0.573576436351046,5,1,0,0
2026-07-04 20:25:00,20.416666666666668,-0.8064446042674829,0.591309648363582,5,1,0,0
2026-07-04 20:30:00,20.5,-0.7933533402912357,0.6087614290087199,5,1,0,0
2026-07-04 20:35:00,20.583333333333332,-0.7798844830928816,0.6259234721840593,5,1,0,0
2026-07-04 20:40:00,20.666666666666668,-0.7660444431189781,0.6427876096865393,5,1,0,1
2026-07-04 20:45:00,20.75,-0.7518398074789772,0.6593458151000691,5,1,0,1
2026-07-04 20:50:00,20.833333333333332,-0.7372773368101242,0.6755902076156601,5,1,0,0
2026-07-04 20:55:00,20.916666666666668,-0.7223639620597554,0.6915130557822695,5,1,0,1
2026-07-04 21:00:00,21.0,-0.7071067811865477,0.7071067811865474,5,1,0,0
2026-07-04 21:05:00,21.083333333333332,-0.6915130557822698,0.7223639620597551,5,1,0,0
2026-07-04 21:10:00,21.166666666666668,-0.6755902076156598,0.7372773368101244,5,1,0,0
2026-07-04 21:15:00,21.25,-0.6593458151000687,0.7518398074789775,5,1,0,0
2026-07-04 21:20:00,21.333333333333332,-0.6427876096865396,0.7660444431189778,5,1,0,1
2026-07-04 21:25:00,21.416666666666668,-0.625923472184059,0.7798844830928818,5,1,0,1
2026-07-04 21:30:00,21.5,-0.608761429008721,0.7933533402912349,5,1,0,0
2026-07-04 21:35:00,21.583333333333332,-0.591309648363583,0.8064446042674821,5,1,0,0
2026-07-04 21:40:00,21.666666666666668,-0.5735764363510465,0.8191520442889916,5,1,0,0
2026-07-04 21:45:00,21.75,-0.555570233019603,0.8314696123025447,5,1,0,0
2026-07-04 21:50:00,21.833333333333332,-0.537299608346825,0.8433914458128849,5,1,0,0
2026-07-04 21:55:00,21.916666666666668,-0.5187732581605214,0.8549118706729466,5,1,0,0
2026-07-04 22:00:00,22.0,-0.5000000000000004,0.8660254037844384,5,1,0,1
2026-07-04 22:05:00,22.083333333333332,-0.48098876891938774,0.8767267557075077,5,1,0,1
2026-07-04 22:10:00,22.166666666666668,-0.46174861323503363,0.8870108331782218,5,1,0,0
2026-07-04 22:15:00,22.25,-0.4422886902190014,0.8968727415326883,5,1,0,1
2026-07-04 22:20:00,22.333333333333332,-0.4226182617407,0.9063077870366497,5,1,0,0
2026-07-04 22:25:00,22.416666666666668,-0.40274668985873663,0.9153114791194474,5,1,0,0
2026-07-04 22:30:00,22.5,-0.38268343236508956,0.9238795325112868,5,1,0,0
2026-07-04 22:35:00,22.583333333333332,-0.36243803828370186,0.9320078692827984,5,1,0,0
2026-07-04 22:40:00,22.666666666666668,-0.3420201433256686,0.9396926207859084,5,1,0,1
2026-07-04 22:45:00,22.75,-0.32143946530316186,0.9469301294951056,5,1,0,0
2026-07-04 22:50:00,22.833333333333332,-0.30070579950427384,0.9537169507482267,5,1,0,0
2026-07-04 22:55:00,22.916666666666668,-0.2798290140309924,0.9600498543859286,5,1,0,0
2026-07-04 23:00:00,23.0,-0.25881904510252157,0.9659258262890681,5,1,0,0
2026-07-04 23:05:00,23.083333333333332,-0.23768589232617435,0.9713420698132611,5,1,0,1
2026-07-04 23:10:00,23.166666666666668,-0.21643961393810288,0.9762960071199334,5,1,0,0
2026-07-04 23:15:00,23.25,-0.19509032201612872,0.9807852804032303,5,1,0,0
2026-07-04 23:20:00,23.333333333333332,-0.1736481776669304,0.984807753012208,5,1,0,0
2026-07-04 23:25:00,23.416666666666668,-0.1521233861899172,0.9883615104677607,5,1,0,0
2026-07-04 23:30:00,23.5,-0.13052619222005168,0.9914448613738104,5,1,0,0
2026-07-04 23:35:00,23.583333333333332,-0.10886687485196514,0.9940563382223195,5,1,0,0
2026-07-04 23:40:00,23.666666666666668,-0.08715574274765743,0.9961946980917455,5,1,0,0
2026-07-04 23:45:00,23.75,-0.0654031292301428,0.9978589232386035,5,1,0,1
2026-07-04 23:50:00,23.833333333333332,-0.043619387365336194,0.9990482215818578,5,1,0,1
2026-07-04 23:55:00,23.916666666666668,-0.0218148850345609,0.9997620270799091,5,1,0,1
2026-07-05 00:00:00,0.0,0.0,1.0,6,1,0,0
2026-07-05 00:05:00,0.08333333333333333,0.02181488503456112,0.9997620270799091,6,1,0,0
2026-07-05 00:10:00,0.16666666666666666,0.043619387365336,0.9990482215818578,6,1,0,0
2026-07-05 00:15:00,0.25,0.06540312923014306,0.9978589232386035,6,1,0,1
2026-07-05 00:20:00,0.3333333333333333,0.08715574274765817,0.9961946980917455,6,1,0,0
2026-07-05 00:25:00,0.4166666666666667,0.10886687485196457,0.9940563382223196,6,1,0,0
2026-07-05 00:30:00,0.5,0.13052619222005157,0.9914448613738104,6,1,0,0
2026-07-05 00:35:00,0.5833333333333334,0.15212338618991672,0.9883615104677607,6,1,0,0
2026-07-05 00:40:00,0.6666666666666666,0.17364817766693033,0.984807753012208,6,1,0,0
2026-07-05 00:45:00,0.75,0.19509032201612825,0.9807852804032304,6,1,0,0
2026-07-05 00:50:00,0.8333333333333334,0.21643961393810288,0.9762960071199334,6,1,0,1
2026-07-05 00:55:00,0.9166666666666666,0.23768589232617307,0.9713420698132614,6,1,0,0
2026-07-05 01:00:00,1.0,0.25881904510252074,0.9659258262890683,6,1,0,0
2026-07-05 01:05:00,1.0833333333333333,0.27982901403099203,0.9600498543859287,6,1,0,0
2026-07-05 01:10:00,1.1666666666666667,0.3007057995042732,0.9537169507482269,6,1,0,0
2026-07-05 01:15:00,1.25,0.3214394653031616,0.9469301294951057,6,1,0,0
2026-07-05 01:20:00,1.3333333333333333,0.3420201433256687,0.9396926207859084,6,1,0,1
2026-07-05 01:25:00,1.4166666666666667,0.36243803828370164,0.9320078692827986,6,1,0,0
2026-07-05 01:30:00,1.5,0.3826834323650898,0.9238795325112867,6,1,0,1
2026-07-05 01:35:00,1.5833333333333335,0.40274668985873724,0.9153114791194471,6,1,0,0
2026-07-05 01:40:00,1.6666666666666665,0.4226182617406994,0.9063077870366499,6,1,0,0
2026-07-05 01:45:00,1.75,0.44228869021900125,0.8968727415326884,6,1,0,1
2026-07-05 01:50:00,1.8333333333333335,0.46174861323503397,0.8870108331782217,6,1,0,0
2026-07-05 01:55:00,1.9166666666666665,0.48098876891938763,0.8767267557075077,6,1,0,0
2026-07-05 02:00:00,2.0,0.49999999999999994,0.8660254037844387,6,1,0,0
2026-07-05 02:05:00,2.0833333333333335,0.5187732581605214,0.8549118706729466,6,1,0,0
2026-07-05 02:10:00,2.1666666666666665,0.5372996083468238,0.8433914458128857,6,1,0,1
2026-07-05 02:15:00,2.25,0.5555702330196022,0.8314696123025452,6,1,0,0
2026-07-05 02:20:00,2.3333333333333335,0.5735764363510462,0.8191520442889918,6,1,0,1
2026-07-05 02:25:00,2.4166666666666665,0.5913096483635824,0.8064446042674827,6,1,0,1
2026-07-05 02:30:00,2.5,0.6087614290087207,0.7933533402912352,6,1,0,0
2026-07-05 02:35:00,2.5833333333333335,0.6259234721840591,0.7798844830928818,6,1,0,1
2026-07-05 02:40:00,2.6666666666666665,0.6427876096865393,0.766044443118978,6,1,0,0
2026-07-05 02:45:00,2.75,0.6593458151000688,0.7518398074789774,6,1,0,1
2026-07-05 02:50:00,2.8333333333333335,0.6755902076156602,0.7372773368101241,6,1,0,0
2026-07-05 02:55:00,2.9166666666666665,0.6915130557822694,0.7223639620597556,6,1,0,0
2026-07-05 03:00:00,3.0,0.7071067811865476,0.7071067811865476,6,1,0,0
2026-07-05 03:05:00,3.0833333333333335,0.7223639620597555,0.6915130557822694,6,1,0,0
2026-07-05 03:10:00,3.1666666666666665,0.737277336810124,0.6755902076156602,6,1,0,0
2026-07-05 03:15:00,3.25,0.7518398074789774,0.6593458151000688,6,1,0,1
2026-07-05 03:20:00,3.3333333333333335,0.766044443118978,0.6427876096865394,6,1,0,0
2026-07-05 03:25:00,3.4166666666666665,0.7798844830928817,0.6259234721840591,6,1,0,0
2026-07-05 03:30:00,3.5,0.7933533402912352,0.6087614290087207,6,1,0,1
2026-07-05 03:35:00,3.5833333333333335,0.8064446042674825,0.5913096483635825,6,1,0,0
2026-07-05 03:40:00,3.6666666666666665,0.8191520442889917,0.5735764363510462,6,1,0,1
2026-07-05 03:45:00,3.75,0.8314696123025451,0.5555702330196024,6,1,0,1
2026-07-05 03:50:00,3.8333333333333335,0.8433914458128856,0.5372996083468239,6,1,0,1
2026-07-05 03:55:00,3.9166666666666665,0.8549118706729466,0.5187732581605216,6,1,0,1
2026-07-05 04:00:00,4.0,0.8660254037844386,0.5000000000000001,6,1,0,0
2026-07-05 04:05:00,4.083333333333333,0.8767267557075077,0.48098876891938774,6,1,0,0
2026-07-05 04:10:00,4.166666666666667,0.8870108331782217,0.46174861323503386,6,1,0,1
2026-07-05 04:15:00,4.25,0.8968727415326884,0.44228869021900125,6,1,0,0
2026-07-05 04:20:00,4.333333333333333,0.9063077870366498,0.4226182617406996,6,1,0,0
2026-07-05 04:25:00,4.416666666666667,0.9153114791194471,0.40274668985873724,6,1,0,0
2026-07-05 04:30:00,4.5,0.9238795325112867,0.38268343236508984,6,1,0,1
2026-07-05 04:35:00,4.583333333333333,0.9320078692827984,0.3624380382837017,6,1,0,0
2026-07-05 04:40:00,4.666666666666667,0.9396926207859084,0.3420201433256686,6,1,0,0
2026-07-05 04:45:00,4.75,0.9469301294951056,0.3214394653031617,6,1,0,0
2026-07-05 04:50:00,4.833333333333333,0.9537169507482268,0.3007057995042733,6,1,0,0
2026-07-05 04:55:00,4.916666666666667,0.9600498543859287,0.27982901403099203,6,1,0,0
2026-07-05 05:00:00,5.0,0.9659258262890683,0.25881904510252074,6,1,0,0
2026-07-05 05:05:00,5.083333333333333,0.9713420698132614,0.2376858923261731,6,1,0,0
2026-07-05 05:10:00,5.166666666666667,0.9762960071199334,0.2164396139381029,6,1,0,1
2026-07-05 05:15:00,5.25,0.9807852804032304,0.19509032201612833,6,1,0,0
2026-07-05 05:20:00,5.333333333333333,0.984807753012208,0.17364817766693041,6,1,0,1
2026-07-05 05:25:00,5.416666666666667,0.9883615104677607,0.1521233861899168,6,1,0,1
2026-07-05 05:30:00,5.5,0.9914448613738104,0.1305261922200517,6,1,0,0
2026-07-05 05:35:00,5.583333333333333,0.9940563382223196,0.10886687485196474,6,1,0,0
2026-07-05 05:40:00,5.666666666666667,0.9961946980917455,0.08715574274765814,6,1,0,0
2026-07-05 05:45:00,5.75,0.9978589232386035,0.06540312923014327,6,1,0,1
2026-07-05 05:50:00,5.833333333333333,0.9990482215818578,0.04361938736533601,6,1,0,0
2026-07-05 05:55:00,5.916666666666667,0.9997620270799091,0.021814885034560937,6,1,0,0
2026-07-05 06:00:00,6.0,1.0,6.123233995736766e-17,6,1,0,0
2026-07-05 06:05:00,6.083333333333333,0.9997620270799091,-0.02181488503456081,6,1,0,0
2026-07-05 06:10:00,6.166666666666667,0.9990482215818578,-0.04361938736533589,6,1,0,0
2026-07-05 06:15:00,6.25,0.9978589232386035,-0.06540312923014314,6,1,0,0
2026-07-05 06:20:00,6.333333333333333,0.9961946980917455,-0.08715574274765801,6,1,0,1
2026-07-05 06:25:00,6.416666666666667,0.9940563382223196,-0.10886687485196461,6,1,0,0
2026-07-05 06:30:00,6.5,0.9914448613738104,-0.1305261922200516,6,1,0,0
2026-07-05 06:35:00,6.583333333333333,0.9883615104677607,-0.1521233861899167,6,1,0,0
2026-07-05 06:40:00,6.666666666666667,0.984807753012208,-0.1736481776669303,6,1,0,1
2026-07-05 06:45:00,6.75,0.9807852804032304,-0.1950903220161282,6,1,0,0
2026-07-05 06:50:00,6.833333333333333,0.9762960071199334,-0.2164396139381028,6,1,0,1
2026-07-05 06:55:00,6.916666666666667,0.9713420698132614,-0.23768589232617318,6,1,0,0
2026-07-05 07:00:00,7.0,0.9659258262890683,-0.25881904510252063,6,1,0,0
2026-07-05 07:05:00,7.083333333333333,0.9600498543859287,-0.2798290140309919,6,1,0,0
2026-07-05 07:10:00,7.166666666666667,0.9537169507482269,-0.30070579950427295,6,1,0,0
2026-07-05 07:15:00,7.25,0.9469301294951057,-0.3214394653031616,6,1,0,0
2026-07-05 07:20:00,7.333333333333333,0.9396926207859084,-0.3420201433256685,6,1,0,0
2026-07-05 07:25:00,7.416666666666667,0.9320078692827986,-0.3624380382837016,6,1,0,1
2026-07-05 07:30:00,7.5,0.9238795325112868,-0.3826834323650895,6,1,0,0
2026-07-05 07:35:00,7.583333333333333,0.9153114791194472,-0.40274668985873713,6,1,0,0
2026-07-05 07:40:00,7.666666666666667,0.90630778703665,-0.42261826174069933,6,1,0,0
2026-07-05 07:45:00,7.75,0.8968727415326884,-0.44228869021900113,6,1,0,0
2026-07-05 07:50:00,7.833333333333333,0.8870108331782218,-0.4617486132350338,6,1,0,0
2026-07-05 07:55:00,7.916666666666667,0.8767267557075076,-0.48098876891938785,6,1,0,0
2026-07-05 08:00:00,8.0,0.8660254037844387,-0.4999999999999998,6,1,0,0
2026-07-05 08:05:00,8.083333333333334,0.8549118706729465,-0.5187732581605216,6,1,0,0
2026-07-05 08:10:00,8.166666666666666,0.8433914458128858,-0.5372996083468236,6,1,0,0
2026-07-05 08:15:00,8.25,0.8314696123025451,-0.5555702330196023,6,1,0,0
2026-07-05 08:20:00,8.333333333333334,0.8191520442889917,-0.5735764363510462,6,1,0,0
2026-07-05 08:25:00,8.416666666666666,0.8064446042674828,-0.5913096483635821,6,1,0,0
2026-07-05 08:30:00,8.5,0.7933533402912352,-0.6087614290087207,6,1,0,1
2026-07-05 08:35:00,8.583333333333334,0.7798844830928817,-0.6259234721840591,6,1,0,0
2026-07-05 08:40:00,8.666666666666666,0.7660444431189783,-0.642787609686539,6,1,0,0
2026-07-05 08:45:00,8.75,0.7518398074789774,-0.6593458151000688,6,1,0,0
2026-07-05 08:50:00,8.833333333333334,0.7372773368101241,-0.6755902076156602,6,1,0,1
2026-07-05 08:55:00,8.916666666666666,0.7223639620597556,-0.6915130557822693,6,1,0,1
2026-07-05 09:00:00,9.0,0.7071067811865476,-0.7071067811865475,6,1,0,0
2026-07-05 09:05:00,9.083333333333334,0.6915130557822694,-0.7223639620597555,6,1,0,1
2026-07-05 09:10:00,9.166666666666666,0.6755902076156604,-0.737277336810124,6,1,0,0
2026-07-05 09:15:00,9.25,0.659345815100069,-0.7518398074789773,6,1,0,0
2026-07-05 09:20:00,9.333333333333334,0.6427876096865391,-0.7660444431189782,6,1,0,1
2026-07-05 09:25:00,9.416666666666666,0.6259234721840592,-0.7798844830928817,6,1,0,1
2026-07-05 09:30:00,9.5,0.6087614290087209,-0.793353340291235,6,1,0,0
2026-07-05 09:35:00,9.583333333333334,0.5913096483635822,-0.8064446042674827,6,1,0,0
2026-07-05 09:40:00,9.666666666666666,0.5735764363510464,-0.8191520442889916,6,1,0,0
2026-07-05 09:45:00,9.75,0.5555702330196025,-0.831469612302545,6,1,0,0
2026-07-05 09:50:00,9.833333333333334,0.5372996083468238,-0.8433914458128857,6,1,0,1
2026-07-05 09:55:00,9.916666666666666,0.5187732581605218,-0.8549118706729464,6,1,0,0
2026-07-05 10:00:00,10.0,0.49999999999999994,-0.8660254037844387,6,1,0,0
2026-07-05 10:05:00,10.083333333333334,0.48098876891938763,-0.8767267557075077,6,1,0,0
2026-07-05 10:10:00,10.166666666666666,0.4617486132350339,-0.8870108331782217,6,1,0,0
2026-07-05 10:15:00,10.25,0.4422886902190017,-0.8968727415326881,6,1,0,0
2026-07-05 10:20:00,10.333333333333334,0.4226182617406995,-0.9063077870366499,6,1,0,0
2026-07-05 10:25:00,10.416666666666666,0.4027466898587373,-0.9153114791194471,6,1,0,1
2026-07-05 10:30:00,10.5,0.3826834323650899,-0.9238795325112867,6,1,0,1
2026-07-05 10:35:00,10.583333333333334,0.36243803828370136,-0.9320078692827987,6,1,0,0
2026-07-05 10:40:00,10.666666666666666,0.3420201433256689,-0.9396926207859083,6,1,0,1
2026-07-05 10:45:00,10.75,0.32143946530316175,-0.9469301294951056,6,1,0,1
2026-07-05 10:50:00,10.833333333333334,0.30070579950427334,-0.9537169507482268,6,1,0,1
2026-07-05 10:55:00,10.916666666666666,0.2798290140309927,-0.9600498543859285,6,1,0,0
2026-07-05 11:00:00,11.0,0.258819045102521,-0.9659258262890682,6,1,0,0
2026-07-05 11:05:00,11.083333333333334,0.23768589232617293,-0.9713420698132614,6,1,0,0
2026-07-05 11:10:00,11.166666666666666,0.21643961393810318,-0.9762960071199333,6,1,0,0
2026-07-05 11:15:00,11.25,0.19509032201612816,-0.9807852804032304,6,1,0,0
2026-07-05 11:20:00,11.333333333333334,0.17364817766693028,-0.984807753012208,6,1,0,0
2026-07-05 11:25:00,11.416666666666666,0.15212338618991708,-0.9883615104677607,6,1,0,0
2026-07-05 11:30:00,11.5,0.130526192220052,-0.9914448613738104,6,1,0,1
2026-07-05 11:35:00,11.583333333333334,0.10886687485196457,-0.9940563382223196,6,1,0,0
2026-07-05 11:40:00,11.666666666666666,0.0871557427476582,-0.9961946980917455,6,1,0,0
2026-07-05 11:45:00,11.75,0.06540312923014312,-0.9978589232386035,6,1,0,1
2026-07-05 11:50:00,11.833333333333334,0.043619387365335625,-0.9990482215818578,6,1,0,1
2026-07-05 11:55:00,11.916666666666666,0.021814885034561218,-0.9997620270799091,6,1,0,1
2026-07-05 12:00:00,12.0,1.2246467991473532e-16,-1.0,6,1,0,1
2026-07-05 12:05:00,12.083333333333334,-0.021814885034560975,-0.9997620270799091,6,1,0,0
2026-07-05 12:10:00,12.166666666666666,-0.04361938736533538,-0.9990482215818578,6,1,0,1
2026-07-05 12:15:00,12.25,-0.06540312923014287,-0.9978589232386035,6,1,0,0
2026-07-05 12:20:00,12.333333333333334,-0.08715574274765794,-0.9961946980917455,6,1,0,0
2026-07-05 12:25:00,12.416666666666666,-0.10886687485196432,-0.9940563382223196,6,1,0,0
2026-07-05 12:30:00,12.5,-0.13052619222005177,-0.9914448613738104,6,1,0,0
2026-07-05 12:35:00,12.583333333333334,-0.15212338618991683,-0.9883615104677607,6,1,0,0
2026-07-05 12:40:00,12.666666666666666,-0.17364817766693003,-0.9848077530122081,6,1,0,0
2026-07-05 12:45:00,12.75,-0.19509032201612792,-0.9807852804032305,6,1,0,1
2026-07-05 12:50:00,12.833333333333334,-0.21643961393810293,-0.9762960071199334,6,1,0,0
2026-07-05 12:55:00,12.916666666666666,-0.2376858923261727,-0.9713420698132615,6,1,0,0
2026-07-05 13:00:00,13.0,-0.2588190451025208,-0.9659258262890683,6,1,0,1
2026-07-05 13:05:00,13.083333333333334,-0.2798290140309925,-0.9600498543859286,6,1,0,0
2026-07-05 13:10:00,13.166666666666666,-0.30070579950427306,-0.9537169507482269,6,1,0,0
2026-07-05 13:15:00,13.25,-0.32143946530316153,-0.9469301294951057,6,1,0,0
2026-07-05 13:20:00,13.333333333333334,-0.34202014332566866,-0.9396926207859084,6,1,0,0
2026-07-05 13:25:00,13.416666666666666,-0.36243803828370114,-0.9320078692827987,6,1,0,0
2026-07-05 13:30:00,13.5,-0.38268343236508967,-0.9238795325112868,6,1,0,1
2026-07-05 13:35:00,13.583333333333334,-0.4027466898587371,-0.9153114791194472,6,1,0,0
2026-07-05 13:40:00,13.666666666666666,-0.4226182617406993,-0.90630778703665,6,1,0,0
2026-07-05 13:45:00,13.75,-0.44228869021900147,-0.8968727415326883,6,1,0,1
2026-07-05 13:50:00,13.833333333333334,-0.46174861323503413,-0.8870108331782216,6,1,0,1
2026-07-05 13:55:00,13.916666666666666,-0.4809887689193874,-0.8767267557075078,6,1,0,0
2026-07-05 14:00:00,14.0,-0.4999999999999997,-0.8660254037844388,6,1,0,0
2026-07-05 14:05:00,14.083333333333334,-0.5187732581605216,-0.8549118706729465,6,1,0,0
2026-07-05 14:10:00,14.166666666666666,-0.5372996083468236,-0.8433914458128858,6,1,0,0
2026-07-05 14:15:00,14.25,-0.555570233019602,-0.8314696123025455,6,1,0,0
2026-07-05 14:20:00,14.333333333333334,-0.5735764363510458,-0.819152044288992,6,1,0,0
2026-07-05 14:25:00,14.416666666666666,-0.5913096483635824,-0.8064446042674825,6,1,0,1
2026-07-05 14:30:00,14.5,-0.6087614290087207,-0.7933533402912352,6,1,0,0
2026-07-05 14:35:00,14.583333333333334,-0.6259234721840591,-0.7798844830928818,6,1,0,0
2026-07-05 14:40:00,14.666666666666666,-0.6427876096865389,-0.7660444431189783,6,1,0,0
2026-07-05 14:45:00,14.75,-0.6593458151000688,-0.7518398074789774,6,1,0,0
2026-07-05 14:50:00,14.833333333333334,-0.6755902076156601,-0.7372773368101241,6,1,0,0
2026-07-05 14:55:00,14.916666666666666,-0.691513055782269,-0.722363962059756,6,1,0,0
2026-07-05 15:00:00,15.0,-0.7071067811865471,-0.7071067811865479,6,1,0,1
2026-07-05 15:05:00,15.083333333333334,-0.7223639620597557,-0.6915130557822692,6,1,0,0
2026-07-05 15:10:00,15.166666666666666,-0.7372773368101239,-0.6755902076156604,6,1,0,0
2026-07-05 15:15:00,15.25,-0.7518398074789773,-0.6593458151000691,6,1,0,0
2026-07-05 15:20:00,15.333333333333334,-0.7660444431189779,-0.6427876096865395,6,1,0,0
2026-07-05 15:25:00,15.416666666666666,-0.7798844830928814,-0.6259234721840596,6,1,0,0
2026-07-05 15:30:00,15.5,-0.7933533402912349,-0.6087614290087209,6,1,0,0
2026-07-05 15:35:00,15.583333333333334,-0.8064446042674827,-0.5913096483635822,6,1,0,0
2026-07-05 15:40:00,15.666666666666666,-0.8191520442889916,-0.5735764363510464,6,1,0,0
2026-07-05 15:45:00,15.75,-0.8314696123025452,-0.5555702330196022,6,1,0,1
2026-07-05 15:50:00,15.833333333333334,-0.8433914458128859,-0.5372996083468234,6,1,0,1
2026-07-05 15:55:00,15.916666666666666,-0.8549118706729466,-0.5187732581605214,6,1,0,1
2026-07-05 16:00:00,16.0,-0.8660254037844385,-0.5000000000000004,6,1,0,1
2026-07-05 16:05:00,16.083333333333332,-0.8767267557075072,-0.48098876891938847,6,1,0,0
2026-07-05 16:10:00,16.166666666666668,-0.8870108331782218,-0.4617486132350336,6,1,0,1
2026-07-05 16:15:00,16.25,-0.8968727415326883,-0.44228869021900136,6,1,0,0
2026-07-05 16:20:00,16.333333333333332,-0.9063077870366497,-0.42261826174069994,6,1,0,1
2026-07-05 16:25:00,16.416666666666668,-0.9153114791194471,-0.40274668985873735,6,1,0,1
2026-07-05 16:30:00,16.5,-0.9238795325112868,-0.3826834323650895,6,1,0,1
2026-07-05 16:35:00,16.583333333333332,-0.9320078692827984,-0.3624380382837018,6,1,0,1
2026-07-05 16:40:00,16.666666666666668,-0.9396926207859084,-0.34202014332566855,6,1,0,0
2026-07-05 16:45:00,16.75,-0.9469301294951056,-0.3214394653031618,6,1,0,0
2026-07-05 16:50:00,16.833333333333332,-0.9537169507482267,-0.3007057995042738,6,1,0,0
2026-07-05 16:55:00,16.916666666666668,-0.9600498543859286,-0.27982901403099236,6,1,0,0
2026-07-05 17:00:00,17.0,-0.9659258262890683,-0.25881904510252063,6,1,0,0
2026-07-05 17:05:00,17.083333333333332,-0.9713420698132613,-0.23768589232617343,6,1,0,0
2026-07-05 17:10:00,17.166666666666668,-0.9762960071199334,-0.21643961393810282,6,1,0,1
2026-07-05 17:15:00,17.25,-0.9807852804032303,-0.19509032201612866,6,1,0,0
